$date
  Sun Apr 19 16:08:25 2026
$end
$version
  GHDL v0
$end
$timescale
  1 fs
$end
$scope module standard $end
$upscope $end
$scope module textio $end
$upscope $end
$scope module std_logic_1164 $end
$upscope $end
$scope module numeric_std $end
$upscope $end
$scope module ip_defs_pkg $end
$upscope $end
$scope module packet_tx_tb $end
$var reg 1 ! clk $end
$var reg 1 " reset_n $end
$var reg 1 # s_axi_s_tvalid $end
$var reg 8 $ s_axi_s_tdata[7:0] $end
$var reg 1 % s_axi_s_tlast $end
$var reg 1 & s_axi_s_tready $end
$var reg 2 ' eth_txd[1:0] $end
$var reg 1 ( eth_txen $end
$scope module dut $end
$var reg 1 ) clk $end
$var reg 1 * reset_n $end
$var reg 1 + s_axi_s_tvalid $end
$var reg 8 , s_axi_s_tdata[7:0] $end
$var reg 1 - s_axi_s_tlast $end
$var reg 1 . s_axi_s_tready $end
$var reg 2 / eth_txd[1:0] $end
$var reg 1 0 eth_txen $end
$var reg 64 1 sfd_preamble[63:0] $end
$comment current_state is not handled $end
$var reg 2 2 crc_data[1:0] $end
$var reg 32 3 crc_in[31:0] $end
$var reg 32 4 crc_out[31:0] $end
$var reg 1 5 crc_en $end
$var reg 1 6 tx_start $end
$var reg 1 7 preamble_done $end
$var reg 1 8 header_done $end
$var reg 1 9 data_done $end
$var reg 336 : eth_packet_header[335:0] $end
$var reg 48 ; mac_destination[47:0] $end
$var reg 48 < mac_source[47:0] $end
$var reg 16 = eth_type_length[15:0] $end
$var reg 32 > ip_source[31:0] $end
$var reg 32 ? ip_destination[31:0] $end
$var reg 16 @ udp_port_src[15:0] $end
$var reg 16 A udp_port_dest[15:0] $end
$var reg 16 B udp_length[15:0] $end
$var reg 16 C udp_checksum[15:0] $end
$var reg 16 D ip_header_checksum[15:0] $end
$var reg 8 E protocol[7:0] $end
$var reg 8 F ttl[7:0] $end
$var reg 16 G flags_frag[15:0] $end
$var reg 16 H identification[15:0] $end
$var reg 16 I total_length[15:0] $end
$var reg 8 J dscp_ecn[7:0] $end
$var reg 8 K version_ihl[7:0] $end
$var reg 2 L txdata[1:0] $end
$var reg 1 M txvalid $end
$var reg 16 N packet_count[15:0] $end
$var reg 1 O wr_rst_n $end
$var reg 1 P wr_en $end
$var reg 8 Q wr_data[7:0] $end
$var reg 1 R wr_full $end
$var reg 1 S wr_afull $end
$var reg 1 T rd_rst_n $end
$var reg 1 U rd_en $end
$var reg 8 V rd_data[7:0] $end
$var reg 1 W rd_empty $end
$var reg 1 X rd_aempty $end
$var reg 1 Y fcs_done $end
$var reg 32 Z crc_out_reg[31:0] $end
$var reg 336 [ eth_packet_header_reg[335:0] $end
$var reg 8 \ rd_data_reg[7:0] $end
$scope module crc $end
$var reg 32 ] crc_in[31:0] $end
$var reg 1 ^ crc_en $end
$var reg 2 _ data[1:0] $end
$var reg 32 ` crc_out[31:0] $end
$var reg 32 a crc_next[31:0] $end
$upscope $end
$scope module fifo $end
$var reg 1 b wr_clk $end
$var reg 1 c wr_rst_n $end
$var reg 1 d wr_en $end
$var reg 8 e wr_data[7:0] $end
$var reg 1 f wr_full $end
$var reg 1 g wr_afull $end
$var reg 1 h rd_clk $end
$var reg 1 i rd_rst_n $end
$var reg 1 j rd_en $end
$var reg 8 k rd_data[7:0] $end
$var reg 1 l rd_empty $end
$var reg 1 m rd_aempty $end
$comment ram is not handled $end
$var reg 6 n wr_ptr_bin[5:0] $end
$var reg 6 o wr_ptr_gray[5:0] $end
$var reg 6 p rd_ptr_bin[5:0] $end
$var reg 6 q rd_ptr_gray[5:0] $end
$var reg 6 r rd_ptr_gray_wr1[5:0] $end
$var reg 6 s rd_ptr_gray_wr2[5:0] $end
$var reg 6 t wr_ptr_gray_rd1[5:0] $end
$var reg 6 u wr_ptr_gray_rd2[5:0] $end
$var reg 1 v full_i $end
$var reg 1 w empty_i $end
$var reg 6 x wr_ptr_gray_next[5:0] $end
$var reg 6 y rd_count[5:0] $end
$var reg 6 z wr_count[5:0] $end
$upscope $end
$upscope $end
$upscope $end
$enddefinitions $end
#0
0!
0"
0#
b00000000 $
0%
1&
b00 '
0(
0)
0*
0+
b00000000 ,
0-
1.
b00 /
00
b1101010101010101010101010101010101010101010101010101010101010101 1
bUU 2
b11111111111111111111111111111111 3
b00000000000000000000000000000000 4
05
06
07
08
19
b101001011010010110100101101001011010010110100101110000111100001111000011110000111100001111000011000010000000000001000101000000000000000001011100000000000000000001000000000000000100000000010001000000000000000011000000101010000000000101100100110000001010100000000001011001010100010101100111010001010110011100000000010010000000000000000000 :
b101001011010010110100101101001011010010110100101 ;
b110000111100001111000011110000111100001111000011 <
b0000100000000000 =
b11000000101010000000000101100100 >
b11000000101010000000000101100101 ?
b0100010101100111 @
b0100010101100111 A
b0000000001001000 B
b0000000000000000 C
b0000000000000000 D
b00010001 E
b01000000 F
b0100000000000000 G
b0000000000000000 H
b0000000001011100 I
b00000000 J
b01000101 K
b00 L
UM
b0000000000000000 N
0O
0P
b00000000 Q
0R
0S
0T
0U
b11111111 V
1W
1X
UY
b00000000000000000000000000000000 Z
b000000000000000000000000000000000000000000000000000000000000000000000000000000000000000000000000000000000000000000000000000000000000000000000000000000000000000000000000000000000000000000000000000000000000000000000000000000000000000000000000000000000000000000000000000000000000000000000000000000000000000000000000000000000000000000000000 [
b00000000 \
b11111111111111111111111111111111 ]
0^
b00 _
b00000000000000000000000000000000 `
b10100100100110110011110101001111 a
0b
0c
0d
b00000000 e
0f
0g
0h
0i
0j
b11111111 k
1l
1m
b000000 n
b000000 o
b000000 p
b000000 q
b000000 r
b000000 s
b000000 t
b000000 u
0v
1w
b000001 x
b000000 y
b000000 z
#10000000
1!
1)
1b
1h
#20000000
0!
0)
0b
0h
#30000000
1!
1)
1b
1h
#40000000
0!
0)
0b
0h
#50000000
1!
1)
1b
1h
#60000000
0!
0)
0b
0h
#70000000
1!
1)
1b
1h
#80000000
0!
0)
0b
0h
#90000000
1!
1)
1b
1h
#100000000
0!
0)
0b
0h
#110000000
1!
1"
1)
1*
1O
1T
1b
1c
1h
1i
#120000000
0!
0)
0b
0h
#130000000
1!
1)
b101001011010010110100101101001011010010110100101110000111100001111000011110000111100001111000011000010000000000001000101000000000000000001011100000000000000000001000000000000000100000000010001000000000000000011000000101010000000000101100100110000001010100000000001011001010100010101100111010001010110011100000000010010000000000000000000 [
b11111111 \
1b
1h
#140000000
0!
0)
0b
0h
#150000000
1!
1#
b11011110 $
1)
1+
b11011110 ,
1P
b11011110 Q
1b
1d
b11011110 e
1h
#160000000
0!
0)
0b
0h
#170000000
1!
b10101101 $
1)
b10101101 ,
b10101101 Q
b11011110 V
1b
b10101101 e
1h
b11011110 k
b000001 n
b000001 o
b000011 x
b000001 y
b000001 z
#180000000
0!
0)
0b
0h
#190000000
1!
b10111110 $
1)
b10111110 ,
b10111110 Q
0X
b11011110 \
1b
b10111110 e
1h
0m
b000010 n
b000011 o
b000001 t
b000010 x
b000010 y
b000010 z
#200000000
0!
0)
0b
0h
#210000000
1!
b11101111 $
1%
1)
b11101111 ,
1-
16
b11101111 Q
1b
b11101111 e
1h
b000011 n
b000010 o
b000011 t
b000001 u
b000110 x
b000011 y
b000011 z
#220000000
0!
0)
0b
0h
#230000000
1!
0#
0%
1(
1)
0+
0-
10
06
09
0P
0W
1b
0d
1h
0l
b000100 n
b000110 o
b000010 t
b000011 u
0w
b000111 x
b000100 y
b000100 z
#240000000
0!
0)
0b
0h
#250000000
1!
b01 '
1)
b01 /
b0011010101010101010101010101010101010101010101010101010101010101 1
b01 L
b0000000000000001 N
b01 _
b11010010010001110111110011011111 a
1b
1h
b000110 t
b000010 u
#250001000
#260000000
0!
0)
0b
0h
#270000000
1!
1)
b0000110101010101010101010101010101010101010101010101010101010101 1
b0000000000000010 N
1b
1h
b000110 u
#270001000
#280000000
0!
0)
0b
0h
#290000000
1!
1)
b0000001101010101010101010101010101010101010101010101010101010101 1
b0000000000000011 N
1b
1h
#290001000
#300000000
0!
0)
0b
0h
#310000000
1!
1)
b0000000011010101010101010101010101010101010101010101010101010101 1
b0000000000000100 N
1b
1h
#310001000
#320000000
0!
0)
0b
0h
#330000000
1!
1)
b0000000000110101010101010101010101010101010101010101010101010101 1
b0000000000000101 N
1b
1h
#330001000
#340000000
0!
0)
0b
0h
#350000000
1!
1)
b0000000000001101010101010101010101010101010101010101010101010101 1
b0000000000000110 N
1b
1h
#350001000
#360000000
0!
0)
0b
0h
#370000000
1!
1)
b0000000000000011010101010101010101010101010101010101010101010101 1
b0000000000000111 N
1b
1h
#370001000
#380000000
0!
0)
0b
0h
#390000000
1!
1)
b0000000000000000110101010101010101010101010101010101010101010101 1
b0000000000001000 N
1b
1h
#390001000
#400000000
0!
0)
0b
0h
#410000000
1!
1)
b0000000000000000001101010101010101010101010101010101010101010101 1
b0000000000001001 N
1b
1h
#410001000
#420000000
0!
0)
0b
0h
#430000000
1!
1)
b0000000000000000000011010101010101010101010101010101010101010101 1
b0000000000001010 N
1b
1h
#430001000
#440000000
0!
0)
0b
0h
#450000000
1!
1)
b0000000000000000000000110101010101010101010101010101010101010101 1
b0000000000001011 N
1b
1h
#450001000
#460000000
0!
0)
0b
0h
#470000000
1!
1)
b0000000000000000000000001101010101010101010101010101010101010101 1
b0000000000001100 N
1b
1h
#470001000
#480000000
0!
0)
0b
0h
#490000000
1!
1)
b0000000000000000000000000011010101010101010101010101010101010101 1
b0000000000001101 N
1b
1h
#490001000
#500000000
0!
0)
0b
0h
#510000000
1!
1)
b0000000000000000000000000000110101010101010101010101010101010101 1
b0000000000001110 N
1b
1h
#510001000
#520000000
0!
0)
0b
0h
#530000000
1!
1)
b0000000000000000000000000000001101010101010101010101010101010101 1
b0000000000001111 N
1b
1h
#530001000
#540000000
0!
0)
0b
0h
#550000000
1!
1)
b0000000000000000000000000000000011010101010101010101010101010101 1
b0000000000010000 N
1b
1h
#550001000
#560000000
0!
0)
0b
0h
#570000000
1!
1)
b0000000000000000000000000000000000110101010101010101010101010101 1
b0000000000010001 N
1b
1h
#570001000
#580000000
0!
0)
0b
0h
#590000000
1!
1)
b0000000000000000000000000000000000001101010101010101010101010101 1
b0000000000010010 N
1b
1h
#590001000
#600000000
0!
0)
0b
0h
#610000000
1!
1)
b0000000000000000000000000000000000000011010101010101010101010101 1
b0000000000010011 N
1b
1h
#610001000
#620000000
0!
0)
0b
0h
#630000000
1!
1)
b0000000000000000000000000000000000000000110101010101010101010101 1
b0000000000010100 N
1b
1h
#630001000
#640000000
0!
0)
0b
0h
#650000000
1!
1)
b0000000000000000000000000000000000000000001101010101010101010101 1
b0000000000010101 N
1b
1h
#650001000
#660000000
0!
0)
0b
0h
#670000000
1!
1)
b0000000000000000000000000000000000000000000011010101010101010101 1
b0000000000010110 N
1b
1h
#670001000
#680000000
0!
0)
0b
0h
#690000000
1!
1)
b0000000000000000000000000000000000000000000000110101010101010101 1
b0000000000010111 N
1b
1h
#690001000
#700000000
0!
0)
0b
0h
#710000000
1!
1)
b0000000000000000000000000000000000000000000000001101010101010101 1
b0000000000011000 N
1b
1h
#710001000
#720000000
0!
0)
0b
0h
#730000000
1!
1)
b0000000000000000000000000000000000000000000000000011010101010101 1
b0000000000011001 N
1b
1h
#730001000
#740000000
0!
0)
0b
0h
#750000000
1!
1)
b0000000000000000000000000000000000000000000000000000110101010101 1
b0000000000011010 N
1b
1h
#750001000
#760000000
0!
0)
0b
0h
#770000000
1!
1)
b0000000000000000000000000000000000000000000000000000001101010101 1
b0000000000011011 N
1b
1h
#770001000
#780000000
0!
0)
0b
0h
#790000000
1!
1)
b0000000000000000000000000000000000000000000000000000000011010101 1
b0000000000011100 N
1b
1h
#790001000
#800000000
0!
0)
0b
0h
#810000000
1!
1)
b0000000000000000000000000000000000000000000000000000000000110101 1
b0000000000011101 N
1b
1h
#810001000
#820000000
0!
0)
0b
0h
#830000000
1!
1)
b0000000000000000000000000000000000000000000000000000000000001101 1
b0000000000011110 N
1b
1h
#830001000
#840000000
0!
0)
0b
0h
#850000000
1!
1)
b0000000000000000000000000000000000000000000000000000000000000011 1
17
b0000000000011111 N
1b
1h
#850001000
#860000000
0!
0)
0b
0h
#870000000
1!
b11 '
1)
b11 /
b0000000000000000000000000000000000000000000000000000000000000000 1
07
b11 L
b0000000000100000 N
b11 _
b00111111111111111111111111111111 a
1b
1h
#870001000
#880000000
0!
0)
0b
0h
#890000000
1!
b00 '
1)
b00 /
b10100100100110110011110101001111 4
15
b00 L
b0000000000100001 N
b001010010110100101101001011010010110100101101001011100001111000011110000111100001111000011110000110000100000000000010001010000000000000000010111000000000000000000010000000000000001000000000100010000000000000000110000001010100000000001011001001100000010101000000000010110010101000101011001110100010101100111000000000100100000000000000000 [
1^
b00 _
b10100100100110110011110101001111 `
b10100100100110110011110101001111 a
1b
1h
#890001000
#900000000
0!
0)
0b
0h
#910000000
1!
1)
b10100100100110110011110101001111 3
b10110010010000100000110111100011 4
b0000000000100010 N
b10100100100110110011110101001111 Z
b000010100101101001011010010110100101101001011010010111000011110000111100001111000011110000111100001100001000000000000100010100000000000000000101110000000000000000000100000000000000010000000001000100000000000000001100000010101000000000010110010011000000101010000000000101100101010001010110011101000101011001110000000001001000000000000000 [
b10100100100110110011110101001111 ]
b10110010010000100000110111100011 `
b10110010010000100000110111100011 a
1b
1h
#910001000
#920000000
0!
0)
0b
0h
#930000000
1!
1)
b10110010010000100000110111100011 3
b10110111111101000100000111001000 4
b0000000000100011 N
b10110010010000100000110111100011 Z
b000000101001011010010110100101101001011010010110100101110000111100001111000011110000111100001111000011000010000000000001000101000000000000000001011100000000000000000001000000000000000100000000010001000000000000000011000000101010000000000101100100110000001010100000000001011001010100010101100111010001010110011100000000010010000000000000 [
b10110010010000100000110111100011 ]
b10110111111101000100000111001000 `
b10110111111101000100000111001000 a
1b
1h
#930001000
#940000000
0!
0)
0b
0h
#950000000
1!
1)
b10110111111101000100000111001000 3
b00101101111111010001000001110010 4
b0000000000100100 N
b10110111111101000100000111001000 Z
b000000001010010110100101101001011010010110100101101001011100001111000011110000111100001111000011110000110000100000000000010001010000000000000000010111000000000000000000010000000000000001000000000100010000000000000000110000001010100000000001011001001100000010101000000000010110010101000101011001110100010101100111000000000100100000000000 [
b10110111111101000100000111001000 ]
b00101101111111010001000001110010 `
b00101101111111010001000001110010 a
1b
1h
#950001000
#960000000
0!
0)
0b
0h
#970000000
1!
1)
b00101101111111010001000001110010 3
b11100110110001111100011100111100 4
b0000000000100101 N
b00101101111111010001000001110010 Z
b000000000010100101101001011010010110100101101001011010010111000011110000111100001111000011110000111100001100001000000000000100010100000000000000000101110000000000000000000100000000000000010000000001000100000000000000001100000010101000000000010110010011000000101010000000000101100101010001010110011101000101011001110000000001001000000000 [
b00101101111111010001000001110010 ]
b11100110110001111100011100111100 `
b11100110110001111100011100111100 a
1b
1h
#970001000
#980000000
0!
0)
0b
0h
#990000000
1!
1)
b11100110110001111100011100111100 3
b00111001101100011111000111001111 4
b0000000000100110 N
b11100110110001111100011100111100 Z
b000000000000101001011010010110100101101001011010010110100101110000111100001111000011110000111100001111000011000010000000000001000101000000000000000001011100000000000000000001000000000000000100000000010001000000000000000011000000101010000000000101100100110000001010100000000001011001010100010101100111010001010110011100000000010010000000 [
b11100110110001111100011100111100 ]
b00111001101100011111000111001111 `
b00111001101100011111000111001111 a
1b
1h
#990001000
#1000000000
0!
0)
0b
0h
#1010000000
1!
1)
b00111001101100011111000111001111 3
b10010101000010001011111011000011 4
b0000000000100111 N
b00111001101100011111000111001111 Z
b000000000000001010010110100101101001011010010110100101101001011100001111000011110000111100001111000011110000110000100000000000010001010000000000000000010111000000000000000000010000000000000001000000000100010000000000000000110000001010100000000001011001001100000010101000000000010110010101000101011001110100010101100111000000000100100000 [
b00111001101100011111000111001111 ]
b10010101000010001011111011000011 `
b10010101000010001011111011000011 a
1b
1h
#1010001000
#1020000000
0!
0)
0b
0h
#1030000000
1!
1)
b10010101000010001011111011000011 3
b10111110001001101110110100000000 4
b0000000000101000 N
b10010101000010001011111011000011 Z
b000000000000000010100101101001011010010110100101101001011010010111000011110000111100001111000011110000111100001100001000000000000100010100000000000000000101110000000000000000000100000000000000010000000001000100000000000000001100000010101000000000010110010011000000101010000000000101100101010001010110011101000101011001110000000001001000 [
b10010101000010001011111011000011 ]
b10111110001001101110110100000000 `
b10111110001001101110110100000000 a
1b
1h
#1030001000
#1040000000
0!
0)
0b
0h
#1050000000
1!
1)
b10111110001001101110110100000000 3
b00101111100010011011101101000000 4
b0000000000101001 N
b10111110001001101110110100000000 Z
b000000000000000000101001011010010110100101101001011010010110100101110000111100001111000011110000111100001111000011000010000000000001000101000000000000000001011100000000000000000001000000000000000100000000010001000000000000000011000000101010000000000101100100110000001010100000000001011001010100010101100111010001010110011100000000010010 [
b10111110001001101110110100000000 ]
b00101111100010011011101101000000 `
b00101111100010011011101101000000 a
1b
1h
#1050001000
#1060000000
0!
0)
0b
0h
#1070000000
1!
b10 '
1)
b10 /
b00101111100010011011101101000000 3
b11100110010110101110110111110000 4
b10 L
b0000000000101010 N
b00101111100010011011101101000000 Z
b000000000000000000001010010110100101101001011010010110100101101001011100001111000011110000111100001111000011110000110000100000000000010001010000000000000000010111000000000000000000010000000000000001000000000100010000000000000000110000001010100000000001011001001100000010101000000000010110010101000101011001110100010101100111000000000100 [
b00101111100010011011101101000000 ]
b10 _
b11100110010110101110110111110000 `
b11100110010110101110110111110000 a
1b
1h
#1070001000
#1080000000
0!
0)
0b
0h
#1090000000
1!
b00 '
1)
b00 /
b11100110010110101110110111110000 3
b00111001100101101011101101111100 4
b00 L
b0000000000101011 N
b11100110010110101110110111110000 Z
b000000000000000000000010100101101001011010010110100101101001011010010111000011110000111100001111000011110000111100001100001000000000000100010100000000000000000101110000000000000000000100000000000000010000000001000100000000000000001100000010101000000000010110010011000000101010000000000101100101010001010110011101000101011001110000000001 [
b11100110010110101110110111110000 ]
b00 _
b00111001100101101011101101111100 `
b00111001100101101011101101111100 a
1b
1h
#1090001000
#1100000000
0!
0)
0b
0h
#1110000000
1!
b01 '
1)
b01 /
b00111001100101101011101101111100 3
b01111000101110011110111101001111 4
b01 L
b0000000000101100 N
b00111001100101101011101101111100 Z
b000000000000000000000000101001011010010110100101101001011010010110100101110000111100001111000011110000111100001111000011000010000000000001000101000000000000000001011100000000000000000001000000000000000100000000010001000000000000000011000000101010000000000101100100110000001010100000000001011001010100010101100111010001010110011100000000 [
b00111001100101101011101101111100 ]
b01 _
b01111000101110011110111101001111 `
b01111000101110011110111101001111 a
1b
1h
#1110001000
#1120000000
0!
0)
0b
0h
#1130000000
1!
b00 '
1)
b00 /
b01111000101110011110111101001111 3
b10000101010010101011100101100011 4
b00 L
b0000000000101101 N
b01111000101110011110111101001111 Z
b000000000000000000000000001010010110100101101001011010010110100101101001011100001111000011110000111100001111000011110000110000100000000000010001010000000000000000010111000000000000000000010000000000000001000000000100010000000000000000110000001010100000000001011001001100000010101000000000010110010101000101011001110100010101100111000000 [
b01111000101110011110111101001111 ]
b00 _
b10000101010010101011100101100011 `
b10000101010010101011100101100011 a
1b
1h
#1130001000
#1140000000
0!
0)
0b
0h
#1150000000
1!
1)
b10000101010010101011100101100011 3
b10111010001101100110110011101000 4
b0000000000101110 N
b10000101010010101011100101100011 Z
b000000000000000000000000000010100101101001011010010110100101101001011010010111000011110000111100001111000011110000111100001100001000000000000100010100000000000000000101110000000000000000000100000000000000010000000001000100000000000000001100000010101000000000010110010011000000101010000000000101100101010001010110011101000101011001110000 [
b10000101010010101011100101100011 ]
b10111010001101100110110011101000 `
b10111010001101100110110011101000 a
1b
1h
#1150001000
#1160000000
0!
0)
0b
0h
#1170000000
1!
1)
b10111010001101100110110011101000 3
b00101110100011011001101100111010 4
b0000000000101111 N
b10111010001101100110110011101000 Z
b000000000000000000000000000000101001011010010110100101101001011010010110100101110000111100001111000011110000111100001111000011000010000000000001000101000000000000000001011100000000000000000001000000000000000100000000010001000000000000000011000000101010000000000101100100110000001010100000000001011001010100010101100111010001010110011100 [
b10111010001101100110110011101000 ]
b00101110100011011001101100111010 `
b00101110100011011001101100111010 a
1b
1h
#1170001000
#1180000000
0!
0)
0b
0h
#1190000000
1!
1)
b00101110100011011001101100111010 3
b11100110000110111110010111101110 4
b0000000000110000 N
b00101110100011011001101100111010 Z
b000000000000000000000000000000001010010110100101101001011010010110100101101001011100001111000011110000111100001111000011110000110000100000000000010001010000000000000000010111000000000000000000010000000000000001000000000100010000000000000000110000001010100000000001011001001100000010101000000000010110010101000101011001110100010101100111 [
b00101110100011011001101100111010 ]
b11100110000110111110010111101110 `
b11100110000110111110010111101110 a
1b
1h
#1190001000
#1200000000
0!
0)
0b
0h
#1210000000
1!
b11 '
1)
b11 /
b11100110000110111110010111101110 3
b01001111010110101011100011101011 4
b11 L
b0000000000110001 N
b11100110000110111110010111101110 Z
b000000000000000000000000000000000010100101101001011010010110100101101001011010010111000011110000111100001111000011110000111100001100001000000000000100010100000000000000000101110000000000000000000100000000000000010000000001000100000000000000001100000010101000000000010110010011000000101010000000000101100101010001010110011101000101011001 [
b11100110000110111110010111101110 ]
b11 _
b01001111010110101011100011101011 `
b01001111010110101011100011101011 a
1b
1h
#1210001000
#1220000000
0!
0)
0b
0h
#1230000000
1!
b01 '
1)
b01 /
b01001111010110101011100011101011 3
b11111110011011100010110100011010 4
b01 L
b0000000000110010 N
b01001111010110101011100011101011 Z
b000000000000000000000000000000000000101001011010010110100101101001011010010110100101110000111100001111000011110000111100001111000011000010000000000001000101000000000000000001011100000000000000000001000000000000000100000000010001000000000000000011000000101010000000000101100100110000001010100000000001011001010100010101100111010001010110 [
b01001111010110101011100011101011 ]
b01 _
b11111110011011100010110100011010 `
b11111110011011100010110100011010 a
1b
1h
#1230001000
#1240000000
0!
0)
0b
0h
#1250000000
1!
b10 '
1)
b10 /
b11111110011011100010110100011010 3
b00111111100110111000101101000110 4
b10 L
b0000000000110011 N
b11111110011011100010110100011010 Z
b000000000000000000000000000000000000001010010110100101101001011010010110100101101001011100001111000011110000111100001111000011110000110000100000000000010001010000000000000000010111000000000000000000010000000000000001000000000100010000000000000000110000001010100000000001011001001100000010101000000000010110010101000101011001110100010101 [
b11111110011011100010110100011010 ]
b10 _
b00111111100110111000101101000110 `
b00111111100110111000101101000110 a
1b
1h
#1250001000
#1260000000
0!
0)
0b
0h
#1270000000
1!
b01 '
1)
b01 /
b00111111100110111000101101000110 3
b10010100100000100010000001100001 4
b01 L
b0000000000110100 N
b00111111100110111000101101000110 Z
b000000000000000000000000000000000000000010100101101001011010010110100101101001011010010111000011110000111100001111000011110000111100001100001000000000000100010100000000000000000101110000000000000000000100000000000000010000000001000100000000000000001100000010101000000000010110010011000000101010000000000101100101010001010110011101000101 [
b00111111100110111000101101000110 ]
b01 _
b10010100100000100010000001100001 `
b10010100100000100010000001100001 a
1b
1h
#1270001000
#1280000000
0!
0)
0b
0h
#1290000000
1!
1)
b10010100100000100010000001100001 3
b00100101001000001000100000011000 4
b0000000000110101 N
b10010100100000100010000001100001 Z
b000000000000000000000000000000000000000000101001011010010110100101101001011010010110100101110000111100001111000011110000111100001111000011000010000000000001000101000000000000000001011100000000000000000001000000000000000100000000010001000000000000000011000000101010000000000101100100110000001010100000000001011001010100010101100111010001 [
b10010100100000100010000001100001 ]
b00100101001000001000100000011000 `
b00100101001000001000100000011000 a
1b
1h
#1290001000
#1300000000
0!
0)
0b
0h
#1310000000
1!
1)
b00100101001000001000100000011000 3
b01111111100101000110001110010110 4
b0000000000110110 N
b00100101001000001000100000011000 Z
b000000000000000000000000000000000000000000001010010110100101101001011010010110100101101001011100001111000011110000111100001111000011110000110000100000000000010001010000000000000000010111000000000000000000010000000000000001000000000100010000000000000000110000001010100000000001011001001100000010101000000000010110010101000101011001110100 [
b00100101001000001000100000011000 ]
b01111111100101000110001110010110 `
b01111111100101000110001110010110 a
1b
1h
#1310001000
#1320000000
0!
0)
0b
0h
#1330000000
1!
b00 '
1)
b00 /
b01111111100101000110001110010110 3
b11110010010111011001101111000101 4
b00 L
b0000000000110111 N
b01111111100101000110001110010110 Z
b000000000000000000000000000000000000000000000010100101101001011010010110100101101001011010010111000011110000111100001111000011110000111100001100001000000000000100010100000000000000000101110000000000000000000100000000000000010000000001000100000000000000001100000010101000000000010110010011000000101010000000000101100101010001010110011101 [
b01111111100101000110001110010110 ]
b00 _
b11110010010111011001101111000101 `
b11110010010111011001101111000101 a
1b
1h
#1330001000
#1340000000
0!
0)
0b
0h
#1350000000
1!
b01 '
1)
b01 /
b11110010010111011001101111000101 3
b00111100100101110110011011110001 4
b01 L
b0000000000111000 N
b11110010010111011001101111000101 Z
b000000000000000000000000000000000000000000000000101001011010010110100101101001011010010110100101110000111100001111000011110000111100001111000011000010000000000001000101000000000000000001011100000000000000000001000000000000000100000000010001000000000000000011000000101010000000000101100100110000001010100000000001011001010100010101100111 [
b11110010010111011001101111000101 ]
b01 _
b00111100100101110110011011110001 `
b00111100100101110110011011110001 a
1b
1h
#1350001000
#1360000000
0!
0)
0b
0h
#1370000000
1!
b11 '
1)
b11 /
b00111100100101110110011011110001 3
b11100010100111010101101010011100 4
b11 L
b0000000000111001 N
b00111100100101110110011011110001 Z
b000000000000000000000000000000000000000000000000001010010110100101101001011010010110100101101001011100001111000011110000111100001111000011110000110000100000000000010001010000000000000000010111000000000000000000010000000000000001000000000100010000000000000000110000001010100000000001011001001100000010101000000000010110010101000101011001 [
b00111100100101110110011011110001 ]
b11 _
b11100010100111010101101010011100 `
b11100010100111010101101010011100 a
1b
1h
#1370001000
#1380000000
0!
0)
0b
0h
#1390000000
1!
b01 '
1)
b01 /
b11100010100111010101101010011100 3
b01001110011110110001011100110111 4
b01 L
b0000000000111010 N
b11100010100111010101101010011100 Z
b000000000000000000000000000000000000000000000000000010100101101001011010010110100101101001011010010111000011110000111100001111000011110000111100001100001000000000000100010100000000000000000101110000000000000000000100000000000000010000000001000100000000000000001100000010101000000000010110010011000000101010000000000101100101010001010110 [
b11100010100111010101101010011100 ]
b01 _
b01001110011110110001011100110111 `
b01001110011110110001011100110111 a
1b
1h
#1390001000
#1400000000
0!
0)
0b
0h
#1410000000
1!
b10 '
1)
b10 /
b01001110011110110001011100110111 3
b01100101010000101000010001011101 4
b10 L
b0000000000111011 N
b01001110011110110001011100110111 Z
b000000000000000000000000000000000000000000000000000000101001011010010110100101101001011010010110100101110000111100001111000011110000111100001111000011000010000000000001000101000000000000000001011100000000000000000001000000000000000100000000010001000000000000000011000000101010000000000101100100110000001010100000000001011001010100010101 [
b01001110011110110001011100110111 ]
b10 _
b01100101010000101000010001011101 `
b01100101010000101000010001011101 a
1b
1h
#1410001000
#1420000000
0!
0)
0b
0h
#1430000000
1!
b01 '
1)
b01 /
b01100101010000101000010001011101 3
b00011001010100001010000100010111 4
b01 L
b0000000000111100 N
b01100101010000101000010001011101 Z
b000000000000000000000000000000000000000000000000000000001010010110100101101001011010010110100101101001011100001111000011110000111100001111000011110000110000100000000000010001010000000000000000010111000000000000000000010000000000000001000000000100010000000000000000110000001010100000000001011001001100000010101000000000010110010101000101 [
b01100101010000101000010001011101 ]
b01 _
b00011001010100001010000100010111 `
b00011001010100001010000100010111 a
1b
1h
#1430001000
#1440000000
0!
0)
0b
0h
#1450000000
1!
1)
b00011001010100001010000100010111 3
b11101011111011001010101101100101 4
b0000000000111101 N
b00011001010100001010000100010111 Z
b000000000000000000000000000000000000000000000000000000000010100101101001011010010110100101101001011010010111000011110000111100001111000011110000111100001100001000000000000100010100000000000000000101110000000000000000000100000000000000010000000001000100000000000000001100000010101000000000010110010011000000101010000000000101100101010001 [
b00011001010100001010000100010111 ]
b11101011111011001010101101100101 `
b11101011111011001010101101100101 a
1b
1h
#1450001000
#1460000000
0!
0)
0b
0h
#1470000000
1!
1)
b11101011111011001010101101100101 3
b00111010111110110010101011011001 4
b0000000000111110 N
b11101011111011001010101101100101 Z
b000000000000000000000000000000000000000000000000000000000000101001011010010110100101101001011010010110100101110000111100001111000011110000111100001111000011000010000000000001000101000000000000000001011100000000000000000001000000000000000100000000010001000000000000000011000000101010000000000101100100110000001010100000000001011001010100 [
b11101011111011001010101101100101 ]
b00111010111110110010101011011001 `
b00111010111110110010101011011001 a
1b
1h
#1470001000
#1480000000
0!
0)
0b
0h
#1490000000
1!
b00 '
1)
b00 /
b00111010111110110010101011011001 3
b01111000011000101000101100100110 4
b00 L
b0000000000111111 N
b00111010111110110010101011011001 Z
b000000000000000000000000000000000000000000000000000000000000001010010110100101101001011010010110100101101001011100001111000011110000111100001111000011110000110000100000000000010001010000000000000000010111000000000000000000010000000000000001000000000100010000000000000000110000001010100000000001011001001100000010101000000000010110010101 [
b00111010111110110010101011011001 ]
b00 _
b01111000011000101000101100100110 `
b01111000011000101000101100100110 a
1b
1h
#1490001000
#1500000000
0!
0)
0b
0h
#1510000000
1!
b01 '
1)
b01 /
b01111000011000101000101100100110 3
b10000101011111000110000001111001 4
b01 L
b0000000001000000 N
b01111000011000101000101100100110 Z
b000000000000000000000000000000000000000000000000000000000000000010100101101001011010010110100101101001011010010111000011110000111100001111000011110000111100001100001000000000000100010100000000000000000101110000000000000000000100000000000000010000000001000100000000000000001100000010101000000000010110010011000000101010000000000101100101 [
b01111000011000101000101100100110 ]
b01 _
b10000101011111000110000001111001 `
b10000101011111000110000001111001 a
1b
1h
#1510001000
#1520000000
0!
0)
0b
0h
#1530000000
1!
1)
b10000101011111000110000001111001 3
b00100001010111110001100000011110 4
b0000000001000001 N
b10000101011111000110000001111001 Z
b000000000000000000000000000000000000000000000000000000000000000000101001011010010110100101101001011010010110100101110000111100001111000011110000111100001111000011000010000000000001000101000000000000000001011100000000000000000001000000000000000100000000010001000000000000000011000000101010000000000101100100110000001010100000000001011001 [
b10000101011111000110000001111001 ]
b00100001010111110001100000011110 `
b00100001010111110001100000011110 a
1b
1h
#1530001000
#1540000000
0!
0)
0b
0h
#1550000000
1!
1)
b00100001010111110001100000011110 3
b10010011001100110000010010110111 4
b0000000001000010 N
b00100001010111110001100000011110 Z
b000000000000000000000000000000000000000000000000000000000000000000001010010110100101101001011010010110100101101001011100001111000011110000111100001111000011110000110000100000000000010001010000000000000000010111000000000000000000010000000000000001000000000100010000000000000000110000001010100000000001011001001100000010101000000000010110 [
b00100001010111110001100000011110 ]
b10010011001100110000010010110111 `
b10010011001100110000010010110111 a
1b
1h
#1550001000
#1560000000
0!
0)
0b
0h
#1570000000
1!
b10 '
1)
b10 /
b10010011001100110000010010110111 3
b01010010000100001000000010111101 4
b10 L
b0000000001000011 N
b10010011001100110000010010110111 Z
b000000000000000000000000000000000000000000000000000000000000000000000010100101101001011010010110100101101001011010010111000011110000111100001111000011110000111100001100001000000000000100010100000000000000000101110000000000000000000100000000000000010000000001000100000000000000001100000010101000000000010110010011000000101010000000000101 [
b10010011001100110000010010110111 ]
b10 _
b01010010000100001000000010111101 `
b01010010000100001000000010111101 a
1b
1h
#1570001000
#1580000000
0!
0)
0b
0h
#1590000000
1!
b01 '
1)
b01 /
b01010010000100001000000010111101 3
b00010100100001000010000000101111 4
b01 L
b0000000001000100 N
b01010010000100001000000010111101 Z
b000000000000000000000000000000000000000000000000000000000000000000000000101001011010010110100101101001011010010110100101110000111100001111000011110000111100001111000011000010000000000001000101000000000000000001011100000000000000000001000000000000000100000000010001000000000000000011000000101010000000000101100100110000001010100000000001 [
b01010010000100001000000010111101 ]
b01 _
b00010100100001000010000000101111 `
b00010100100001000010000000101111 a
1b
1h
#1590001000
#1600000000
0!
0)
0b
0h
#1610000000
1!
1)
b00010100100001000010000000101111 3
b11101000100110011000101100101011 4
b0000000001000101 N
b00010100100001000010000000101111 Z
b000000000000000000000000000000000000000000000000000000000000000000000000001010010110100101101001011010010110100101101001011100001111000011110000111100001111000011110000110000100000000000010001010000000000000000010111000000000000000000010000000000000001000000000100010000000000000000110000001010100000000001011001001100000010101000000000 [
b00010100100001000010000000101111 ]
b11101000100110011000101100101011 `
b11101000100110011000101100101011 a
1b
1h
#1610001000
#1620000000
0!
0)
0b
0h
#1630000000
1!
b00 '
1)
b00 /
b11101000100110011000101100101011 3
b10100001010000101010000001111010 4
b00 L
b0000000001000110 N
b11101000100110011000101100101011 Z
b000000000000000000000000000000000000000000000000000000000000000000000000000010100101101001011010010110100101101001011010010111000011110000111100001111000011110000111100001100001000000000000100010100000000000000000101110000000000000000000100000000000000010000000001000100000000000000001100000010101000000000010110010011000000101010000000 [
b11101000100110011000101100101011 ]
b00 _
b10100001010000101010000001111010 `
b10100001010000101010000001111010 a
1b
1h
#1630001000
#1640000000
0!
0)
0b
0h
#1650000000
1!
1)
b10100001010000101010000001111010 3
b11000101111010000010101100111110 4
b0000000001000111 N
b10100001010000101010000001111010 Z
b000000000000000000000000000000000000000000000000000000000000000000000000000000101001011010010110100101101001011010010110100101110000111100001111000011110000111100001111000011000010000000000001000101000000000000000001011100000000000000000001000000000000000100000000010001000000000000000011000000101010000000000101100100110000001010100000 [
b10100001010000101010000001111010 ]
b11000101111010000010101100111110 `
b11000101111010000010101100111110 a
1b
1h
#1650001000
#1660000000
0!
0)
0b
0h
#1670000000
1!
1)
b11000101111010000010101100111110 3
b11011100110000101000100111101111 4
b0000000001001000 N
b11000101111010000010101100111110 Z
b000000000000000000000000000000000000000000000000000000000000000000000000000000001010010110100101101001011010010110100101101001011100001111000011110000111100001111000011110000110000100000000000010001010000000000000000010111000000000000000000010000000000000001000000000100010000000000000000110000001010100000000001011001001100000010101000 [
b11000101111010000010101100111110 ]
b11011100110000101000100111101111 `
b11011100110000101000100111101111 a
1b
1h
#1670001000
#1680000000
0!
0)
0b
0h
#1690000000
1!
1)
b11011100110000101000100111101111 3
b10101100010101000110000011001011 4
b0000000001001001 N
b11011100110000101000100111101111 Z
b000000000000000000000000000000000000000000000000000000000000000000000000000000000010100101101001011010010110100101101001011010010111000011110000111100001111000011110000111100001100001000000000000100010100000000000000000101110000000000000000000100000000000000010000000001000100000000000000001100000010101000000000010110010011000000101010 [
b11011100110000101000100111101111 ]
b10101100010101000110000011001011 `
b10101100010101000110000011001011 a
1b
1h
#1690001000
#1700000000
0!
0)
0b
0h
#1710000000
1!
b10 '
1)
b10 /
b10101100010101000110000011001011 3
b01011101110010010101100110100010 4
b10 L
b0000000001001010 N
b10101100010101000110000011001011 Z
b000000000000000000000000000000000000000000000000000000000000000000000000000000000000101001011010010110100101101001011010010110100101110000111100001111000011110000111100001111000011000010000000000001000101000000000000000001011100000000000000000001000000000000000100000000010001000000000000000011000000101010000000000101100100110000001010 [
b10101100010101000110000011001011 ]
b10 _
b01011101110010010101100110100010 `
b01011101110010010101100110100010 a
1b
1h
#1710001000
#1720000000
0!
0)
0b
0h
#1730000000
1!
1)
b01011101110010010101100110100010 3
b00010111011100100101011001101000 4
b0000000001001011 N
b01011101110010010101100110100010 Z
b000000000000000000000000000000000000000000000000000000000000000000000000000000000000001010010110100101101001011010010110100101101001011100001111000011110000111100001111000011110000110000100000000000010001010000000000000000010111000000000000000000010000000000000001000000000100010000000000000000110000001010100000000001011001001100000010 [
b01011101110010010101100110100010 ]
b00010111011100100101011001101000 `
b00010111011100100101011001101000 a
1b
1h
#1730001000
#1740000000
0!
0)
0b
0h
#1750000000
1!
1)
b00010111011100100101011001101000 3
b11101000011001000001011010111010 4
b0000000001001100 N
b00010111011100100101011001101000 Z
b000000000000000000000000000000000000000000000000000000000000000000000000000000000000000010100101101001011010010110100101101001011010010111000011110000111100001111000011110000111100001100001000000000000100010100000000000000000101110000000000000000000100000000000000010000000001000100000000000000001100000010101000000000010110010011000000 [
b00010111011100100101011001101000 ]
b11101000011001000001011010111010 `
b11101000011001000001011010111010 a
1b
1h
#1750001000
#1760000000
0!
0)
0b
0h
#1770000000
1!
b00 '
1)
b00 /
b11101000011001000001011010111010 3
b11010111101000011000011010001110 4
b00 L
b0000000001001101 N
b11101000011001000001011010111010 Z
b000000000000000000000000000000000000000000000000000000000000000000000000000000000000000000101001011010010110100101101001011010010110100101110000111100001111000011110000111100001111000011000010000000000001000101000000000000000001011100000000000000000001000000000000000100000000010001000000000000000011000000101010000000000101100100110000 [
b11101000011001000001011010111010 ]
b00 _
b11010111101000011000011010001110 `
b11010111101000011000011010001110 a
1b
1h
#1770001000
#1780000000
0!
0)
0b
0h
#1790000000
1!
1)
b11010111101000011000011010001110 3
b11011000010100001110001010000011 4
b0000000001001110 N
b11010111101000011000011010001110 Z
b000000000000000000000000000000000000000000000000000000000000000000000000000000000000000000001010010110100101101001011010010110100101101001011100001111000011110000111100001111000011110000110000100000000000010001010000000000000000010111000000000000000000010000000000000001000000000100010000000000000000110000001010100000000001011001001100 [
b11010111101000011000011010001110 ]
b11011000010100001110001010000011 `
b11011000010100001110001010000011 a
1b
1h
#1790001000
#1800000000
0!
0)
0b
0h
#1810000000
1!
1)
b11011000010100001110001010000011 3
b10101101011100001111101000010000 4
b0000000001001111 N
b11011000010100001110001010000011 Z
b000000000000000000000000000000000000000000000000000000000000000000000000000000000000000000000010100101101001011010010110100101101001011010010111000011110000111100001111000011110000111100001100001000000000000100010100000000000000000101110000000000000000000100000000000000010000000001000100000000000000001100000010101000000000010110010011 [
b11011000010100001110001010000011 ]
b10101101011100001111101000010000 `
b10101101011100001111101000010000 a
1b
1h
#1810001000
#1820000000
0!
0)
0b
0h
#1830000000
1!
b11 '
1)
b11 /
b10101101011100001111101000010000 3
b10110000001110001111110000110100 4
b11 L
b0000000001010000 N
b10101101011100001111101000010000 Z
b000000000000000000000000000000000000000000000000000000000000000000000000000000000000000000000000101001011010010110100101101001011010010110100101110000111100001111000011110000111100001111000011000010000000000001000101000000000000000001011100000000000000000001000000000000000100000000010001000000000000000011000000101010000000000101100100 [
b10101101011100001111101000010000 ]
b11 _
b10110000001110001111110000110100 `
b10110000001110001111110000110100 a
1b
1h
#1830001000
#1840000000
0!
0)
0b
0h
#1850000000
1!
b00 '
1)
b00 /
b10110000001110001111110000110100 3
b00101100000011100011111100001101 4
b00 L
b0000000001010001 N
b10110000001110001111110000110100 Z
b000000000000000000000000000000000000000000000000000000000000000000000000000000000000000000000000001010010110100101101001011010010110100101101001011100001111000011110000111100001111000011110000110000100000000000010001010000000000000000010111000000000000000000010000000000000001000000000100010000000000000000110000001010100000000001011001 [
b10110000001110001111110000110100 ]
b00 _
b00101100000011100011111100001101 `
b00101100000011100011111100001101 a
1b
1h
#1850001000
#1860000000
0!
0)
0b
0h
#1870000000
1!
b01 '
1)
b01 /
b00101100000011100011111100001101 3
b00001011000000111000111111000011 4
b01 L
b0000000001010010 N
b00101100000011100011111100001101 Z
b000000000000000000000000000000000000000000000000000000000000000000000000000000000000000000000000000010100101101001011010010110100101101001011010010111000011110000111100001111000011110000111100001100001000000000000100010100000000000000000101110000000000000000000100000000000000010000000001000100000000000000001100000010101000000000010110 [
b00101100000011100011111100001101 ]
b01 _
b00001011000000111000111111000011 `
b00001011000000111000111111000011 a
1b
1h
#1870001000
#1880000000
0!
0)
0b
0h
#1890000000
1!
b10 '
1)
b10 /
b00001011000000111000111111000011 3
b01110100000111001010001001100000 4
b10 L
b0000000001010011 N
b00001011000000111000111111000011 Z
b000000000000000000000000000000000000000000000000000000000000000000000000000000000000000000000000000000101001011010010110100101101001011010010110100101110000111100001111000011110000111100001111000011000010000000000001000101000000000000000001011100000000000000000001000000000000000100000000010001000000000000000011000000101010000000000101 [
b00001011000000111000111111000011 ]
b10 _
b01110100000111001010001001100000 `
b01110100000111001010001001100000 a
1b
1h
#1890001000
#1900000000
0!
0)
0b
0h
#1910000000
1!
b01 '
1)
b01 /
b01110100000111001010001001100000 3
b01101011110110110110100100001000 4
b01 L
b0000000001010100 N
b01110100000111001010001001100000 Z
b000000000000000000000000000000000000000000000000000000000000000000000000000000000000000000000000000000001010010110100101101001011010010110100101101001011100001111000011110000111100001111000011110000110000100000000000010001010000000000000000010111000000000000000000010000000000000001000000000100010000000000000000110000001010100000000001 [
b01110100000111001010001001100000 ]
b01 _
b01101011110110110110100100001000 `
b01101011110110110110100100001000 a
1b
1h
#1910001000
#1920000000
0!
0)
0b
0h
#1930000000
1!
1)
b01101011110110110110100100001000 3
b01101100001010101001101111010010 4
b0000000001010101 N
b01101011110110110110100100001000 Z
b000000000000000000000000000000000000000000000000000000000000000000000000000000000000000000000000000000000010100101101001011010010110100101101001011010010111000011110000111100001111000011110000111100001100001000000000000100010100000000000000000101110000000000000000000100000000000000010000000001000100000000000000001100000010101000000000 [
b01101011110110110110100100001000 ]
b01101100001010101001101111010010 `
b01101100001010101001101111010010 a
1b
1h
#1930001000
#1940000000
0!
0)
0b
0h
#1950000000
1!
b00 '
1)
b00 /
b01101100001010101001101111010010 3
b11110110101100100010010111010100 4
b00 L
b0000000001010110 N
b01101100001010101001101111010010 Z
b000000000000000000000000000000000000000000000000000000000000000000000000000000000000000000000000000000000000101001011010010110100101101001011010010110100101110000111100001111000011110000111100001111000011000010000000000001000101000000000000000001011100000000000000000001000000000000000100000000010001000000000000000011000000101010000000 [
b01101100001010101001101111010010 ]
b00 _
b11110110101100100010010111010100 `
b11110110101100100010010111010100 a
1b
1h
#1950001000
#1960000000
0!
0)
0b
0h
#1970000000
1!
1)
b11110110101100100010010111010100 3
b00111101101011001000100101110101 4
b0000000001010111 N
b11110110101100100010010111010100 Z
b000000000000000000000000000000000000000000000000000000000000000000000000000000000000000000000000000000000000001010010110100101101001011010010110100101101001011100001111000011110000111100001111000011110000110000100000000000010001010000000000000000010111000000000000000000010000000000000001000000000100010000000000000000110000001010100000 [
b11110110101100100010010111010100 ]
b00111101101011001000100101110101 `
b00111101101011001000100101110101 a
1b
1h
#1970001000
#1980000000
0!
0)
0b
0h
#1990000000
1!
1)
b00111101101011001000100101110101 3
b01111001101101110110001111001101 4
b0000000001011000 N
b00111101101011001000100101110101 Z
b000000000000000000000000000000000000000000000000000000000000000000000000000000000000000000000000000000000000000010100101101001011010010110100101101001011010010111000011110000111100001111000011110000111100001100001000000000000100010100000000000000000101110000000000000000000100000000000000010000000001000100000000000000001100000010101000 [
b00111101101011001000100101110101 ]
b01111001101101110110001111001101 `
b01111001101101110110001111001101 a
1b
1h
#1990001000
#2000000000
0!
0)
0b
0h
#2010000000
1!
1)
b01111001101101110110001111001101 3
b01101000101100011001100101100011 4
b0000000001011001 N
b01111001101101110110001111001101 Z
b000000000000000000000000000000000000000000000000000000000000000000000000000000000000000000000000000000000000000000101001011010010110100101101001011010010110100101110000111100001111000011110000111100001111000011000010000000000001000101000000000000000001011100000000000000000001000000000000000100000000010001000000000000000011000000101010 [
b01111001101101110110001111001101 ]
b01101000101100011001100101100011 `
b01101000101100011001100101100011 a
1b
1h
#2010001000
#2020000000
0!
0)
0b
0h
#2030000000
1!
b10 '
1)
b10 /
b01101000101100011001100101100011 3
b01101100111100000010011111001000 4
b10 L
b0000000001011010 N
b01101000101100011001100101100011 Z
b000000000000000000000000000000000000000000000000000000000000000000000000000000000000000000000000000000000000000000001010010110100101101001011010010110100101101001011100001111000011110000111100001111000011110000110000100000000000010001010000000000000000010111000000000000000000010000000000000001000000000100010000000000000000110000001010 [
b01101000101100011001100101100011 ]
b10 _
b01101100111100000010011111001000 `
b01101100111100000010011111001000 a
1b
1h
#2030001000
#2040000000
0!
0)
0b
0h
#2050000000
1!
1)
b01101100111100000010011111001000 3
b11110110100001001000101011010010 4
b0000000001011011 N
b01101100111100000010011111001000 Z
b000000000000000000000000000000000000000000000000000000000000000000000000000000000000000000000000000000000000000000000010100101101001011010010110100101101001011010010111000011110000111100001111000011110000111100001100001000000000000100010100000000000000000101110000000000000000000100000000000000010000000001000100000000000000001100000010 [
b01101100111100000010011111001000 ]
b11110110100001001000101011010010 `
b11110110100001001000101011010010 a
1b
1h
#2050001000
#2060000000
0!
0)
0b
0h
#2070000000
1!
1)
b11110110100001001000101011010010 3
b00111101101000010010001010110100 4
b0000000001011100 N
b11110110100001001000101011010010 Z
b000000000000000000000000000000000000000000000000000000000000000000000000000000000000000000000000000000000000000000000000101001011010010110100101101001011010010110100101110000111100001111000011110000111100001111000011000010000000000001000101000000000000000001011100000000000000000001000000000000000100000000010001000000000000000011000000 [
b11110110100001001000101011010010 ]
b00111101101000010010001010110100 `
b00111101101000010010001010110100 a
1b
1h
#2070001000
#2080000000
0!
0)
0b
0h
#2090000000
1!
b00 '
1)
b00 /
b00111101101000010010001010110100 3
b00001111011010000100100010101101 4
b00 L
b0000000001011101 N
b00111101101000010010001010110100 Z
b000000000000000000000000000000000000000000000000000000000000000000000000000000000000000000000000000000000000000000000000001010010110100101101001011010010110100101101001011100001111000011110000111100001111000011110000110000100000000000010001010000000000000000010111000000000000000000010000000000000001000000000100010000000000000000110000 [
b00111101101000010010001010110100 ]
b00 _
b00001111011010000100100010101101 `
b00001111011010000100100010101101 a
1b
1h
#2090001000
#2100000000
0!
0)
0b
0h
#2110000000
1!
1)
b00001111011010000100100010101101 3
b01110101000001100101001110111011 4
b0000000001011110 N
b00001111011010000100100010101101 Z
b000000000000000000000000000000000000000000000000000000000000000000000000000000000000000000000000000000000000000000000000000010100101101001011010010110100101101001011010010111000011110000111100001111000011110000111100001100001000000000000100010100000000000000000101110000000000000000000100000000000000010000000001000100000000000000001100 [
b00001111011010000100100010101101 ]
b01110101000001100101001110111011 `
b01110101000001100101001110111011 a
1b
1h
#2110001000
#2120000000
0!
0)
0b
0h
#2130000000
1!
1)
b01110101000001100101001110111011 3
b10000110001001010101011001011110 4
b0000000001011111 N
b01110101000001100101001110111011 Z
b000000000000000000000000000000000000000000000000000000000000000000000000000000000000000000000000000000000000000000000000000000101001011010010110100101101001011010010110100101110000111100001111000011110000111100001111000011000010000000000001000101000000000000000001011100000000000000000001000000000000000100000000010001000000000000000011 [
b01110101000001100101001110111011 ]
b10000110001001010101011001011110 `
b10000110001001010101011001011110 a
1b
1h
#2130001000
#2140000000
0!
0)
0b
0h
#2150000000
1!
b11 '
1)
b11 /
b10000110001001010101011001011110 3
b01010111010101010001010000000111 4
b11 L
b0000000001100000 N
b10000110001001010101011001011110 Z
b000000000000000000000000000000000000000000000000000000000000000000000000000000000000000000000000000000000000000000000000000000001010010110100101101001011010010110100101101001011100001111000011110000111100001111000011110000110000100000000000010001010000000000000000010111000000000000000000010000000000000001000000000100010000000000000000 [
b10000110001001010101011001011110 ]
b11 _
b01010111010101010001010000000111 `
b01010111010101010001010000000111 a
1b
1h
#2150001000
#2160000000
0!
0)
0b
0h
#2170000000
1!
b00 '
1)
b00 /
b01010111010101010001010000000111 3
b10001110101100011000011110110001 4
b00 L
b0000000001100001 N
b01010111010101010001010000000111 Z
b000000000000000000000000000000000000000000000000000000000000000000000000000000000000000000000000000000000000000000000000000000000010100101101001011010010110100101101001011010010111000011110000111100001111000011110000111100001100001000000000000100010100000000000000000101110000000000000000000100000000000000010000000001000100000000000000 [
b01010111010101010001010000000111 ]
b00 _
b10001110101100011000011110110001 `
b10001110101100011000011110110001 a
1b
1h
#2170001000
#2180000000
0!
0)
0b
0h
#2190000000
1!
1)
b10001110101100011000011110110001 3
b01010101011100000010000001111100 4
b0000000001100010 N
b10001110101100011000011110110001 Z
b000000000000000000000000000000000000000000000000000000000000000000000000000000000000000000000000000000000000000000000000000000000000101001011010010110100101101001011010010110100101110000111100001111000011110000111100001111000011000010000000000001000101000000000000000001011100000000000000000001000000000000000100000000010001000000000000 [
b10001110101100011000011110110001 ]
b01010101011100000010000001111100 `
b01010101011100000010000001111100 a
1b
1h
#2190001000
#2200000000
0!
0)
0b
0h
#2210000000
1!
1)
b01010101011100000010000001111100 3
b00010101010111000000100000011111 4
b0000000001100011 N
b01010101011100000010000001111100 Z
b000000000000000000000000000000000000000000000000000000000000000000000000000000000000000000000000000000000000000000000000000000000000001010010110100101101001011010010110100101101001011100001111000011110000111100001111000011110000110000100000000000010001010000000000000000010111000000000000000000010000000000000001000000000100010000000000 [
b01010101011100000010000001111100 ]
b00010101010111000000100000011111 `
b00010101010111000000100000011111 a
1b
1h
#2210001000
#2220000000
0!
0)
0b
0h
#2230000000
1!
1)
b00010101010111000000100000011111 3
b10011110001100111100000010110111 4
b0000000001100100 N
b00010101010111000000100000011111 Z
b000000000000000000000000000000000000000000000000000000000000000000000000000000000000000000000000000000000000000000000000000000000000000010100101101001011010010110100101101001011010010111000011110000111100001111000011110000111100001100001000000000000100010100000000000000000101110000000000000000000100000000000000010000000001000100000000 [
b00010101010111000000100000011111 ]
b10011110001100111100000010110111 `
b10011110001100111100000010110111 a
1b
1h
#2230001000
#2240000000
0!
0)
0b
0h
#2250000000
1!
1)
b10011110001100111100000010110111 3
b10111100111010000011001010011101 4
b0000000001100101 N
b10011110001100111100000010110111 Z
b000000000000000000000000000000000000000000000000000000000000000000000000000000000000000000000000000000000000000000000000000000000000000000101001011010010110100101101001011010010110100101110000111100001111000011110000111100001111000011000010000000000001000101000000000000000001011100000000000000000001000000000000000100000000010001000000 [
b10011110001100111100000010110111 ]
b10111100111010000011001010011101 `
b10111100111010000011001010011101 a
1b
1h
#2250001000
#2260000000
0!
0)
0b
0h
#2270000000
1!
1)
b10111100111010000011001010011101 3
b01011001111001100100110100110111 4
b0000000001100110 N
b10111100111010000011001010011101 Z
b000000000000000000000000000000000000000000000000000000000000000000000000000000000000000000000000000000000000000000000000000000000000000000001010010110100101101001011010010110100101101001011100001111000011110000111100001111000011110000110000100000000000010001010000000000000000010111000000000000000000010000000000000001000000000100010000 [
b10111100111010000011001010011101 ]
b01011001111001100100110100110111 `
b01011001111001100100110100110111 a
1b
1h
#2270001000
#2280000000
0!
0)
0b
0h
#2290000000
1!
1)
b01011001111001100100110100110111 3
b10001101000111010101000111111101 4
b0000000001100111 N
b01011001111001100100110100110111 Z
b000000000000000000000000000000000000000000000000000000000000000000000000000000000000000000000000000000000000000000000000000000000000000000000010100101101001011010010110100101101001011010010111000011110000111100001111000011110000111100001100001000000000000100010100000000000000000101110000000000000000000100000000000000010000000001000100 [
b01011001111001100100110100110111 ]
b10001101000111010101000111111101 `
b10001101000111010101000111111101 a
1b
1h
#2290001000
#2300000000
0!
0)
0b
0h
#2310000000
1!
1)
b10001101000111010101000111111101 3
b01010101100110110001010111101111 4
b0000000001101000 N
b10001101000111010101000111111101 Z
b000000000000000000000000000000000000000000000000000000000000000000000000000000000000000000000000000000000000000000000000000000000000000000000000101001011010010110100101101001011010010110100101110000111100001111000011110000111100001111000011000010000000000001000101000000000000000001011100000000000000000001000000000000000100000000010001 [
b10001101000111010101000111111101 ]
b01010101100110110001010111101111 `
b01010101100110110001010111101111 a
1b
1h
#2310001000
#2320000000
0!
0)
0b
0h
#2330000000
1!
b01 '
1)
b01 /
b01010101100110110001010111101111 3
b11111000110111100100011001011011 4
b01 L
b0000000001101001 N
b01010101100110110001010111101111 Z
b000000000000000000000000000000000000000000000000000000000000000000000000000000000000000000000000000000000000000000000000000000000000000000000000001010010110100101101001011010010110100101101001011100001111000011110000111100001111000011110000110000100000000000010001010000000000000000010111000000000000000000010000000000000001000000000100 [
b01010101100110110001010111101111 ]
b01 _
b11111000110111100100011001011011 `
b11111000110111100100011001011011 a
1b
1h
#2330001000
#2340000000
0!
0)
0b
0h
#2350000000
1!
b00 '
1)
b00 /
b11111000110111100100011001011011 3
b10100101010100110101001100100110 4
b00 L
b0000000001101010 N
b11111000110111100100011001011011 Z
b000000000000000000000000000000000000000000000000000000000000000000000000000000000000000000000000000000000000000000000000000000000000000000000000000010100101101001011010010110100101101001011010010111000011110000111100001111000011110000111100001100001000000000000100010100000000000000000101110000000000000000000100000000000000010000000001 [
b11111000110111100100011001011011 ]
b00 _
b10100101010100110101001100100110 `
b10100101010100110101001100100110 a
1b
1h
#2350001000
#2360000000
0!
0)
0b
0h
#2370000000
1!
b01 '
1)
b01 /
b10100101010100110101001100100110 3
b10110010001100000001011001111001 4
b01 L
b0000000001101011 N
b10100101010100110101001100100110 Z
b000000000000000000000000000000000000000000000000000000000000000000000000000000000000000000000000000000000000000000000000000000000000000000000000000000101001011010010110100101101001011010010110100101110000111100001111000011110000111100001111000011000010000000000001000101000000000000000001011100000000000000000001000000000000000100000000 [
b10100101010100110101001100100110 ]
b01 _
b10110010001100000001011001111001 `
b10110010001100000001011001111001 a
1b
1h
#2370001000
#2380000000
0!
0)
0b
0h
#2390000000
1!
b00 '
1)
b00 /
b10110010001100000001011001111001 3
b01011010010100000100010000001110 4
b00 L
b0000000001101100 N
b10110010001100000001011001111001 Z
b000000000000000000000000000000000000000000000000000000000000000000000000000000000000000000000000000000000000000000000000000000000000000000000000000000001010010110100101101001011010010110100101101001011100001111000011110000111100001111000011110000110000100000000000010001010000000000000000010111000000000000000000010000000000000001000000 [
b10110010001100000001011001111001 ]
b00 _
b01011010010100000100010000001110 `
b01011010010100000100010000001110 a
1b
1h
#2390001000
#2400000000
0!
0)
0b
0h
#2410000000
1!
1)
b01011010010100000100010000001110 3
b11111011001011001001001000100011 4
b0000000001101101 N
b01011010010100000100010000001110 Z
b000000000000000000000000000000000000000000000000000000000000000000000000000000000000000000000000000000000000000000000000000000000000000000000000000000000010100101101001011010010110100101101001011010010111000011110000111100001111000011110000111100001100001000000000000100010100000000000000000101110000000000000000000100000000000000010000 [
b01011010010100000100010000001110 ]
b11111011001011001001001000100011 `
b11111011001011001001001000100011 a
1b
1h
#2410001000
#2420000000
0!
0)
0b
0h
#2430000000
1!
1)
b11111011001011001001001000100011 3
b10100101101011111110011000111000 4
b0000000001101110 N
b11111011001011001001001000100011 Z
b000000000000000000000000000000000000000000000000000000000000000000000000000000000000000000000000000000000000000000000000000000000000000000000000000000000000101001011010010110100101101001011010010110100101110000111100001111000011110000111100001111000011000010000000000001000101000000000000000001011100000000000000000001000000000000000100 [
b11111011001011001001001000100011 ]
b10100101101011111110011000111000 `
b10100101101011111110011000111000 a
1b
1h
#2430001000
#2440000000
0!
0)
0b
0h
#2450000000
1!
1)
b10100101101011111110011000111000 3
b00101001011010111111100110001110 4
b0000000001101111 N
b10100101101011111110011000111000 Z
b000000000000000000000000000000000000000000000000000000000000000000000000000000000000000000000000000000000000000000000000000000000000000000000000000000000000001010010110100101101001011010010110100101101001011100001111000011110000111100001111000011110000110000100000000000010001010000000000000000010111000000000000000000010000000000000001 [
b10100101101011111110011000111000 ]
b00101001011010111111100110001110 `
b00101001011010111111100110001110 a
1b
1h
#2450001000
#2460000000
0!
0)
0b
0h
#2470000000
1!
b01 '
1)
b01 /
b00101001011010111111100110001110 3
b10010001001111100011110011010011 4
b01 L
b0000000001110000 N
b00101001011010111111100110001110 Z
b000000000000000000000000000000000000000000000000000000000000000000000000000000000000000000000000000000000000000000000000000000000000000000000000000000000000000010100101101001011010010110100101101001011010010111000011110000111100001111000011110000111100001100001000000000000100010100000000000000000101110000000000000000000100000000000000 [
b00101001011010111111100110001110 ]
b01 _
b10010001001111100011110011010011 `
b10010001001111100011110011010011 a
1b
1h
#2470001000
#2480000000
0!
0)
0b
0h
#2490000000
1!
b00 '
1)
b00 /
b10010001001111100011110011010011 3
b10111111001010110100110110000100 4
b00 L
b0000000001110001 N
b10010001001111100011110011010011 Z
b000000000000000000000000000000000000000000000000000000000000000000000000000000000000000000000000000000000000000000000000000000000000000000000000000000000000000000101001011010010110100101101001011010010110100101110000111100001111000011110000111100001111000011000010000000000001000101000000000000000001011100000000000000000001000000000000 [
b10010001001111100011110011010011 ]
b00 _
b10111111001010110100110110000100 `
b10111111001010110100110110000100 a
1b
1h
#2490001000
#2500000000
0!
0)
0b
0h
#2510000000
1!
1)
b10111111001010110100110110000100 3
b00101111110010101101001101100001 4
b0000000001110010 N
b10111111001010110100110110000100 Z
b000000000000000000000000000000000000000000000000000000000000000000000000000000000000000000000000000000000000000000000000000000000000000000000000000000000000000000001010010110100101101001011010010110100101101001011100001111000011110000111100001111000011110000110000100000000000010001010000000000000000010111000000000000000000010000000000 [
b10111111001010110100110110000100 ]
b00101111110010101101001101100001 `
b00101111110010101101001101100001 a
1b
1h
#2510001000
#2520000000
0!
0)
0b
0h
#2530000000
1!
1)
b00101111110010101101001101100001 3
b01111101001011101111010101001000 4
b0000000001110011 N
b00101111110010101101001101100001 Z
b000000000000000000000000000000000000000000000000000000000000000000000000000000000000000000000000000000000000000000000000000000000000000000000000000000000000000000000010100101101001011010010110100101101001011010010111000011110000111100001111000011110000111100001100001000000000000100010100000000000000000101110000000000000000000100000000 [
b00101111110010101101001101100001 ]
b01111101001011101111010101001000 `
b01111101001011101111010101001000 a
1b
1h
#2530001000
#2540000000
0!
0)
0b
0h
#2550000000
1!
1)
b01111101001011101111010101001000 3
b00011111010010111011110101010010 4
b0000000001110100 N
b01111101001011101111010101001000 Z
b000000000000000000000000000000000000000000000000000000000000000000000000000000000000000000000000000000000000000000000000000000000000000000000000000000000000000000000000101001011010010110100101101001011010010110100101110000111100001111000011110000111100001111000011000010000000000001000101000000000000000001011100000000000000000001000000 [
b01111101001011101111010101001000 ]
b00011111010010111011110101010010 `
b00011111010010111011110101010010 a
1b
1h
#2550001000
#2560000000
0!
0)
0b
0h
#2570000000
1!
1)
b00011111010010111011110101010010 3
b11101010011010100110110001110100 4
b0000000001110101 N
b00011111010010111011110101010010 Z
b000000000000000000000000000000000000000000000000000000000000000000000000000000000000000000000000000000000000000000000000000000000000000000000000000000000000000000000000001010010110100101101001011010010110100101101001011100001111000011110000111100001111000011110000110000100000000000010001010000000000000000010111000000000000000000010000 [
b00011111010010111011110101010010 ]
b11101010011010100110110001110100 `
b11101010011010100110110001110100 a
1b
1h
#2570001000
#2580000000
0!
0)
0b
0h
#2590000000
1!
1)
b11101010011010100110110001110100 3
b00111010100110101001101100011101 4
b0000000001110110 N
b11101010011010100110110001110100 Z
b000000000000000000000000000000000000000000000000000000000000000000000000000000000000000000000000000000000000000000000000000000000000000000000000000000000000000000000000000010100101101001011010010110100101101001011010010111000011110000111100001111000011110000111100001100001000000000000100010100000000000000000101110000000000000000000100 [
b11101010011010100110110001110100 ]
b00111010100110101001101100011101 `
b00111010100110101001101100011101 a
1b
1h
#2590001000
#2600000000
0!
0)
0b
0h
#2610000000
1!
1)
b00111010100110101001101100011101 3
b01111000011110101110011101010111 4
b0000000001110111 N
b00111010100110101001101100011101 Z
b000000000000000000000000000000000000000000000000000000000000000000000000000000000000000000000000000000000000000000000000000000000000000000000000000000000000000000000000000000101001011010010110100101101001011010010110100101110000111100001111000011110000111100001111000011000010000000000001000101000000000000000001011100000000000000000001 [
b00111010100110101001101100011101 ]
b01111000011110101110011101010111 `
b01111000011110101110011101010111 a
1b
1h
#2610001000
#2620000000
0!
0)
0b
0h
#2630000000
1!
b01 '
1)
b01 /
b01111000011110101110011101010111 3
b11110011101001100011101011110101 4
b01 L
b0000000001111000 N
b01111000011110101110011101010111 Z
b000000000000000000000000000000000000000000000000000000000000000000000000000000000000000000000000000000000000000000000000000000000000000000000000000000000000000000000000000000001010010110100101101001011010010110100101101001011100001111000011110000111100001111000011110000110000100000000000010001010000000000000000010111000000000000000000 [
b01111000011110101110011101010111 ]
b01 _
b11110011101001100011101011110101 `
b11110011101001100011101011110101 a
1b
1h
#2630001000
#2640000000
0!
0)
0b
0h
#2650000000
1!
b00 '
1)
b00 /
b11110011101001100011101011110101 3
b01001010001101011100111100101101 4
b00 L
b0000000001111001 N
b11110011101001100011101011110101 Z
b000000000000000000000000000000000000000000000000000000000000000000000000000000000000000000000000000000000000000000000000000000000000000000000000000000000000000000000000000000000010100101101001011010010110100101101001011010010111000011110000111100001111000011110000111100001100001000000000000100010100000000000000000101110000000000000000 [
b11110011101001100011101011110101 ]
b00 _
b01001010001101011100111100101101 `
b01001010001101011100111100101101 a
1b
1h
#2650001000
#2660000000
0!
0)
0b
0h
#2670000000
1!
1)
b01001010001101011100111100101101 3
b01100100010100010011001001011011 4
b0000000001111010 N
b01001010001101011100111100101101 Z
b000000000000000000000000000000000000000000000000000000000000000000000000000000000000000000000000000000000000000000000000000000000000000000000000000000000000000000000000000000000000101001011010010110100101101001011010010110100101110000111100001111000011110000111100001111000011000010000000000001000101000000000000000001011100000000000000 [
b01001010001101011100111100101101 ]
b01100100010100010011001001011011 `
b01100100010100010011001001011011 a
1b
1h
#2670001000
#2680000000
0!
0)
0b
0h
#2690000000
1!
1)
b01100100010100010011001001011011 3
b10000010011100001000111000100110 4
b0000000001111011 N
b01100100010100010011001001011011 Z
b000000000000000000000000000000000000000000000000000000000000000000000000000000000000000000000000000000000000000000000000000000000000000000000000000000000000000000000000000000000000001010010110100101101001011010010110100101101001011100001111000011110000111100001111000011110000110000100000000000010001010000000000000000010111000000000000 [
b01100100010100010011001001011011 ]
b10000010011100001000111000100110 `
b10000010011100001000111000100110 a
1b
1h
#2690001000
#2700000000
0!
0)
0b
0h
#2710000000
1!
1)
b10000010011100001000111000100110 3
b11001101001001001010000010101001 4
b0000000001111100 N
b10000010011100001000111000100110 Z
b000000000000000000000000000000000000000000000000000000000000000000000000000000000000000000000000000000000000000000000000000000000000000000000000000000000000000000000000000000000000000010100101101001011010010110100101101001011010010111000011110000111100001111000011110000111100001100001000000000000100010100000000000000000101110000000000 [
b10000010011100001000111000100110 ]
b11001101001001001010000010101001 `
b11001101001001001010000010101001 a
1b
1h
#2710001000
#2720000000
0!
0)
0b
0h
#2730000000
1!
1)
b11001101001001001010000010101001 3
b01000101100101010110100110111010 4
b0000000001111101 N
b11001101001001001010000010101001 Z
b000000000000000000000000000000000000000000000000000000000000000000000000000000000000000000000000000000000000000000000000000000000000000000000000000000000000000000000000000000000000000000101001011010010110100101101001011010010110100101110000111100001111000011110000111100001111000011000010000000000001000101000000000000000001011100000000 [
b11001101001001001010000010101001 ]
b01000101100101010110100110111010 `
b01000101100101010110100110111010 a
1b
1h
#2730001000
#2740000000
0!
0)
0b
0h
#2750000000
1!
1)
b01000101100101010110100110111010 3
b11111100110111011101100101001110 4
b0000000001111110 N
b01000101100101010110100110111010 Z
b000000000000000000000000000000000000000000000000000000000000000000000000000000000000000000000000000000000000000000000000000000000000000000000000000000000000000000000000000000000000000000001010010110100101101001011010010110100101101001011100001111000011110000111100001111000011110000110000100000000000010001010000000000000000010111000000 [
b01000101100101010110100110111010 ]
b11111100110111011101100101001110 `
b11111100110111011101100101001110 a
1b
1h
#2750001000
#2760000000
0!
0)
0b
0h
#2770000000
1!
1)
b11111100110111011101100101001110 3
b11010010100011111111010101110011 4
b0000000001111111 N
b11111100110111011101100101001110 Z
b000000000000000000000000000000000000000000000000000000000000000000000000000000000000000000000000000000000000000000000000000000000000000000000000000000000000000000000000000000000000000000000010100101101001011010010110100101101001011010010111000011110000111100001111000011110000111100001100001000000000000100010100000000000000000101110000 [
b11111100110111011101100101001110 ]
b11010010100011111111010101110011 `
b11010010100011111111010101110011 a
1b
1h
#2770001000
#2780000000
0!
0)
0b
0h
#2790000000
1!
1)
b11010010100011111111010101110011 3
b10101111110001110011111111101100 4
b0000000010000000 N
b11010010100011111111010101110011 Z
b000000000000000000000000000000000000000000000000000000000000000000000000000000000000000000000000000000000000000000000000000000000000000000000000000000000000000000000000000000000000000000000000101001011010010110100101101001011010010110100101110000111100001111000011110000111100001111000011000010000000000001000101000000000000000001011100 [
b11010010100011111111010101110011 ]
b10101111110001110011111111101100 `
b10101111110001110011111111101100 a
1b
1h
#2790001000
#2800000000
0!
0)
0b
0h
#2810000000
1!
1)
b10101111110001110011111111101100 3
b00101011111100011100111111111011 4
b0000000010000001 N
b10101111110001110011111111101100 Z
b000000000000000000000000000000000000000000000000000000000000000000000000000000000000000000000000000000000000000000000000000000000000000000000000000000000000000000000000000000000000000000000000001010010110100101101001011010010110100101101001011100001111000011110000111100001111000011110000110000100000000000010001010000000000000000010111 [
b10101111110001110011111111101100 ]
b00101011111100011100111111111011 `
b00101011111100011100111111111011 a
1b
1h
#2810001000
#2820000000
0!
0)
0b
0h
#2830000000
1!
b11 '
1)
b11 /
b00101011111100011100111111111011 3
b00001010111111000111001111111110 4
b11 L
b0000000010000010 N
b00101011111100011100111111111011 Z
b000000000000000000000000000000000000000000000000000000000000000000000000000000000000000000000000000000000000000000000000000000000000000000000000000000000000000000000000000000000000000000000000000010100101101001011010010110100101101001011010010111000011110000111100001111000011110000111100001100001000000000000100010100000000000000000101 [
b00101011111100011100111111111011 ]
b11 _
b00001010111111000111001111111110 `
b00001010111111000111001111111110 a
1b
1h
#2830001000
#2840000000
0!
0)
0b
0h
#2850000000
1!
b01 '
1)
b01 /
b00001010111111000111001111111110 3
b10011001110110111101111001001111 4
b01 L
b0000000010000011 N
b00001010111111000111001111111110 Z
b000000000000000000000000000000000000000000000000000000000000000000000000000000000000000000000000000000000000000000000000000000000000000000000000000000000000000000000000000000000000000000000000000000101001011010010110100101101001011010010110100101110000111100001111000011110000111100001111000011000010000000000001000101000000000000000001 [
b00001010111111000111001111111110 ]
b01 _
b10011001110110111101111001001111 `
b10011001110110111101111001001111 a
1b
1h
#2850001000
#2860000000
0!
0)
0b
0h
#2870000000
1!
1)
b10011001110110111101111001001111 3
b11001011110011100111010010110011 4
b0000000010000100 N
b10011001110110111101111001001111 Z
b000000000000000000000000000000000000000000000000000000000000000000000000000000000000000000000000000000000000000000000000000000000000000000000000000000000000000000000000000000000000000000000000000000001010010110100101101001011010010110100101101001011100001111000011110000111100001111000011110000110000100000000000010001010000000000000000 [
b10011001110110111101111001001111 ]
b11001011110011100111010010110011 `
b11001011110011100111010010110011 a
1b
1h
#2870001000
#2880000000
0!
0)
0b
0h
#2890000000
1!
b00 '
1)
b00 /
b11001011110011100111010010110011 3
b10101001100101110101111110011100 4
b00 L
b0000000010000101 N
b11001011110011100111010010110011 Z
b000000000000000000000000000000000000000000000000000000000000000000000000000000000000000000000000000000000000000000000000000000000000000000000000000000000000000000000000000000000000000000000000000000000010100101101001011010010110100101101001011010010111000011110000111100001111000011110000111100001100001000000000000100010100000000000000 [
b11001011110011100111010010110011 ]
b00 _
b10101001100101110101111110011100 `
b10101001100101110101111110011100 a
1b
1h
#2890001000
#2900000000
0!
0)
0b
0h
#2910000000
1!
1)
b10101001100101110101111110011100 3
b00101010011001011101011111100111 4
b0000000010000110 N
b10101001100101110101111110011100 Z
b000000000000000000000000000000000000000000000000000000000000000000000000000000000000000000000000000000000000000000000000000000000000000000000000000000000000000000000000000000000000000000000000000000000000101001011010010110100101101001011010010110100101110000111100001111000011110000111100001111000011000010000000000001000101000000000000 [
b10101001100101110101111110011100 ]
b00101010011001011101011111100111 `
b00101010011001011101011111100111 a
1b
1h
#2910001000
#2920000000
0!
0)
0b
0h
#2930000000
1!
1)
b00101010011001011101011111100111 3
b10010001111111011011011101001001 4
b0000000010000111 N
b00101010011001011101011111100111 Z
b000000000000000000000000000000000000000000000000000000000000000000000000000000000000000000000000000000000000000000000000000000000000000000000000000000000000000000000000000000000000000000000000000000000000001010010110100101101001011010010110100101101001011100001111000011110000111100001111000011110000110000100000000000010001010000000000 [
b00101010011001011101011111100111 ]
b10010001111111011011011101001001 `
b10010001111111011011011101001001 a
1b
1h
#2930001000
#2940000000
0!
0)
0b
0h
#2950000000
1!
1)
b10010001111111011011011101001001 3
b01010010101000110010110001000010 4
b0000000010001000 N
b10010001111111011011011101001001 Z
b000000000000000000000000000000000000000000000000000000000000000000000000000000000000000000000000000000000000000000000000000000000000000000000000000000000000000000000000000000000000000000000000000000000000000010100101101001011010010110100101101001011010010111000011110000111100001111000011110000111100001100001000000000000100010100000000 [
b10010001111111011011011101001001 ]
b01010010101000110010110001000010 `
b01010010101000110010110001000010 a
1b
1h
#2950001000
#2960000000
0!
0)
0b
0h
#2970000000
1!
1)
b01010010101000110010110001000010 3
b11111001000100000100100000110000 4
b0000000010001001 N
b01010010101000110010110001000010 Z
b000000000000000000000000000000000000000000000000000000000000000000000000000000000000000000000000000000000000000000000000000000000000000000000000000000000000000000000000000000000000000000000000000000000000000000101001011010010110100101101001011010010110100101110000111100001111000011110000111100001111000011000010000000000001000101000000 [
b01010010101000110010110001000010 ]
b11111001000100000100100000110000 `
b11111001000100000100100000110000 a
1b
1h
#2970001000
#2980000000
0!
0)
0b
0h
#2990000000
1!
1)
b11111001000100000100100000110000 3
b00111110010001000001001000001100 4
b0000000010001010 N
b11111001000100000100100000110000 Z
b000000000000000000000000000000000000000000000000000000000000000000000000000000000000000000000000000000000000000000000000000000000000000000000000000000000000000000000000000000000000000000000000000000000000000000001010010110100101101001011010010110100101101001011100001111000011110000111100001111000011110000110000100000000000010001010000 [
b11111001000100000100100000110000 ]
b00111110010001000001001000001100 `
b00111110010001000001001000001100 a
1b
1h
#2990001000
#3000000000
0!
0)
0b
0h
#3010000000
1!
1)
b00111110010001000001001000001100 3
b00001111100100010000010010000011 4
b0000000010001011 N
b00111110010001000001001000001100 Z
b000000000000000000000000000000000000000000000000000000000000000000000000000000000000000000000000000000000000000000000000000000000000000000000000000000000000000000000000000000000000000000000000000000000000000000000010100101101001011010010110100101101001011010010111000011110000111100001111000011110000111100001100001000000000000100010100 [
b00111110010001000001001000001100 ]
b00001111100100010000010010000011 `
b00001111100100010000010010000011 a
1b
1h
#3010001000
#3020000000
0!
0)
0b
0h
#3030000000
1!
1)
b00001111100100010000010010000011 3
b10011000100000001000001110010000 4
b0000000010001100 N
b00001111100100010000010010000011 Z
b000000000000000000000000000000000000000000000000000000000000000000000000000000000000000000000000000000000000000000000000000000000000000000000000000000000000000000000000000000000000000000000000000000000000000000000000101001011010010110100101101001011010010110100101110000111100001111000011110000111100001111000011000010000000000001000101 [
b00001111100100010000010010000011 ]
b10011000100000001000001110010000 `
b10011000100000001000001110010000 a
1b
1h
#3030001000
#3040000000
0!
0)
0b
0h
#3050000000
1!
b01 '
1)
b01 /
b10011000100000001000001110010000 3
b01010000111111000110000101110100 4
b01 L
b0000000010001101 N
b10011000100000001000001110010000 Z
b000000000000000000000000000000000000000000000000000000000000000000000000000000000000000000000000000000000000000000000000000000000000000000000000000000000000000000000000000000000000000000000000000000000000000000000000001010010110100101101001011010010110100101101001011100001111000011110000111100001111000011110000110000100000000000010001 [
b10011000100000001000001110010000 ]
b01 _
b01010000111111000110000101110100 `
b01010000111111000110000101110100 a
1b
1h
#3050001000
#3060000000
0!
0)
0b
0h
#3070000000
1!
1)
b01010000111111000110000101110100 3
b01100010111000110101100111001101 4
b0000000010001110 N
b01010000111111000110000101110100 Z
b000000000000000000000000000000000000000000000000000000000000000000000000000000000000000000000000000000000000000000000000000000000000000000000000000000000000000000000000000000000000000000000000000000000000000000000000000010100101101001011010010110100101101001011010010111000011110000111100001111000011110000111100001100001000000000000100 [
b01010000111111000110000101110100 ]
b01100010111000110101100111001101 `
b01100010111000110101100111001101 a
1b
1h
#3070001000
#3080000000
0!
0)
0b
0h
#3090000000
1!
b00 '
1)
b00 /
b01100010111000110101100111001101 3
b01101110011001001001011111100011 4
b00 L
b0000000010001111 N
b01100010111000110101100111001101 Z
b000000000000000000000000000000000000000000000000000000000000000000000000000000000000000000000000000000000000000000000000000000000000000000000000000000000000000000000000000000000000000000000000000000000000000000000000000000101001011010010110100101101001011010010110100101110000111100001111000011110000111100001111000011000010000000000001 [
b01100010111000110101100111001101 ]
b00 _
b01101110011001001001011111100011 `
b01101110011001001001011111100011 a
1b
1h
#3090001000
#3100000000
0!
0)
0b
0h
#3110000000
1!
b01 '
1)
b01 /
b01101110011001001001011111100011 3
b11110110001000011010011011011000 4
b01 L
b0000000010010000 N
b01101110011001001001011111100011 Z
b000000000000000000000000000000000000000000000000000000000000000000000000000000000000000000000000000000000000000000000000000000000000000000000000000000000000000000000000000000000000000000000000000000000000000000000000000000001010010110100101101001011010010110100101101001011100001111000011110000111100001111000011110000110000100000000000 [
b01101110011001001001011111100011 ]
b01 _
b11110110001000011010011011011000 `
b11110110001000011010011011011000 a
1b
1h
#3110001000
#3120000000
0!
0)
0b
0h
#3130000000
1!
b00 '
1)
b00 /
b11110110001000011010011011011000 3
b00111101100010000110100110110110 4
b00 L
b0000000010010001 N
b11110110001000011010011011011000 Z
b000000000000000000000000000000000000000000000000000000000000000000000000000000000000000000000000000000000000000000000000000000000000000000000000000000000000000000000000000000000000000000000000000000000000000000000000000000000010100101101001011010010110100101101001011010010111000011110000111100001111000011110000111100001100001000000000 [
b11110110001000011010011011011000 ]
b00 _
b00111101100010000110100110110110 `
b00111101100010000110100110110110 a
1b
1h
#3130001000
#3140000000
0!
0)
0b
0h
#3150000000
1!
1)
b00111101100010000110100110110110 3
b11100010110110101001100101001101 4
b0000000010010010 N
b00111101100010000110100110110110 Z
b000000000000000000000000000000000000000000000000000000000000000000000000000000000000000000000000000000000000000000000000000000000000000000000000000000000000000000000000000000000000000000000000000000000000000000000000000000000000101001011010010110100101101001011010010110100101110000111100001111000011110000111100001111000011000010000000 [
b00111101100010000110100110110110 ]
b11100010110110101001100101001101 `
b11100010110110101001100101001101 a
1b
1h
#3150001000
#3160000000
0!
0)
0b
0h
#3170000000
1!
1)
b11100010110110101001100101001101 3
b01001110011010101110011111000011 4
b0000000010010011 N
b11100010110110101001100101001101 Z
b000000000000000000000000000000000000000000000000000000000000000000000000000000000000000000000000000000000000000000000000000000000000000000000000000000000000000000000000000000000000000000000000000000000000000000000000000000000000001010010110100101101001011010010110100101101001011100001111000011110000111100001111000011110000110000100000 [
b11100010110110101001100101001101 ]
b01001110011010101110011111000011 `
b01001110011010101110011111000011 a
1b
1h
#3170001000
#3180000000
0!
0)
0b
0h
#3190000000
1!
1)
b01001110011010101110011111000011 3
b10001000111111100111101101000000 4
b0000000010010100 N
b01001110011010101110011111000011 Z
b000000000000000000000000000000000000000000000000000000000000000000000000000000000000000000000000000000000000000000000000000000000000000000000000000000000000000000000000000000000000000000000000000000000000000000000000000000000000000010100101101001011010010110100101101001011010010111000011110000111100001111000011110000111100001100001000 [
b01001110011010101110011111000011 ]
b10001000111111100111101101000000 `
b10001000111111100111101101000000 a
1b
1h
#3190001000
#3200000000
0!
0)
0b
0h
#3210000000
1!
1)
b10001000111111100111101101000000 3
b00100010001111111001111011010000 4
b0000000010010101 N
b10001000111111100111101101000000 Z
b000000000000000000000000000000000000000000000000000000000000000000000000000000000000000000000000000000000000000000000000000000000000000000000000000000000000000000000000000000000000000000000000000000000000000000000000000000000000000000101001011010010110100101101001011010010110100101110000111100001111000011110000111100001111000011000010 [
b10001000111111100111101101000000 ]
b00100010001111111001111011010000 `
b00100010001111111001111011010000 a
1b
1h
#3210001000
#3220000000
0!
0)
0b
0h
#3230000000
1!
b10 '
1)
b10 /
b00100010001111111001111011010000 3
b11100101001101110110010010010100 4
b10 L
b0000000010010110 N
b00100010001111111001111011010000 Z
b000000000000000000000000000000000000000000000000000000000000000000000000000000000000000000000000000000000000000000000000000000000000000000000000000000000000000000000000000000000000000000000000000000000000000000000000000000000000000000001010010110100101101001011010010110100101101001011100001111000011110000111100001111000011110000110000 [
b00100010001111111001111011010000 ]
b10 _
b11100101001101110110010010010100 `
b11100101001101110110010010010100 a
1b
1h
#3230001000
#3240000000
0!
0)
0b
0h
#3250000000
1!
b00 '
1)
b00 /
b11100101001101110110010010010100 3
b00111001010011011101100100100101 4
b00 L
b0000000010010111 N
b11100101001101110110010010010100 Z
b000000000000000000000000000000000000000000000000000000000000000000000000000000000000000000000000000000000000000000000000000000000000000000000000000000000000000000000000000000000000000000000000000000000000000000000000000000000000000000000010100101101001011010010110100101101001011010010111000011110000111100001111000011110000111100001100 [
b11100101001101110110010010010100 ]
b00 _
b00111001010011011101100100100101 `
b00111001010011011101100100100101 a
1b
1h
#3250001000
#3260000000
0!
0)
0b
0h
#3270000000
1!
1)
b00111001010011011101100100100101 3
b01111000100011110011011111011001 4
b0000000010011000 N
b00111001010011011101100100100101 Z
b000000000000000000000000000000000000000000000000000000000000000000000000000000000000000000000000000000000000000000000000000000000000000000000000000000000000000000000000000000000000000000000000000000000000000000000000000000000000000000000000101001011010010110100101101001011010010110100101110000111100001111000011110000111100001111000011 [
b00111001010011011101100100100101 ]
b01111000100011110011011111011001 `
b01111000100011110011011111011001 a
1b
1h
#3270001000
#3280000000
0!
0)
0b
0h
#3290000000
1!
b11 '
1)
b11 /
b01111000100011110011011111011001 3
b11110011100110110100111011010110 4
b11 L
b0000000010011001 N
b01111000100011110011011111011001 Z
b000000000000000000000000000000000000000000000000000000000000000000000000000000000000000000000000000000000000000000000000000000000000000000000000000000000000000000000000000000000000000000000000000000000000000000000000000000000000000000000000001010010110100101101001011010010110100101101001011100001111000011110000111100001111000011110000 [
b01111000100011110011011111011001 ]
b11 _
b11110011100110110100111011010110 `
b11110011100110110100111011010110 a
1b
1h
#3290001000
#3300000000
0!
0)
0b
0h
#3310000000
1!
b00 '
1)
b00 /
b11110011100110110100111011010110 3
b11010001010111100101000010010101 4
b00 L
b0000000010011010 N
b11110011100110110100111011010110 Z
b000000000000000000000000000000000000000000000000000000000000000000000000000000000000000000000000000000000000000000000000000000000000000000000000000000000000000000000000000000000000000000000000000000000000000000000000000000000000000000000000000010100101101001011010010110100101101001011010010111000011110000111100001111000011110000111100 [
b11110011100110110100111011010110 ]
b00 _
b11010001010111100101000010010101 `
b11010001010111100101000010010101 a
1b
1h
#3310001000
#3320000000
0!
0)
0b
0h
#3330000000
1!
1)
b11010001010111100101000010010101 3
b01000010100010111101010110110101 4
b0000000010011011 N
b11010001010111100101000010010101 Z
b000000000000000000000000000000000000000000000000000000000000000000000000000000000000000000000000000000000000000000000000000000000000000000000000000000000000000000000000000000000000000000000000000000000000000000000000000000000000000000000000000000101001011010010110100101101001011010010110100101110000111100001111000011110000111100001111 [
b11010001010111100101000010010101 ]
b01000010100010111101010110110101 `
b01000010100010111101010110110101 a
1b
1h
#3330001000
#3340000000
0!
0)
0b
0h
#3350000000
1!
b11 '
1)
b11 /
b01000010100010111101010110110101 3
b11111101000110100111011001001101 4
b11 L
b0000000010011100 N
b01000010100010111101010110110101 Z
b000000000000000000000000000000000000000000000000000000000000000000000000000000000000000000000000000000000000000000000000000000000000000000000000000000000000000000000000000000000000000000000000000000000000000000000000000000000000000000000000000000001010010110100101101001011010010110100101101001011100001111000011110000111100001111000011 [
b01000010100010111101010110110101 ]
b11 _
b11111101000110100111011001001101 `
b11111101000110100111011001001101 a
1b
1h
#3350001000
#3360000000
0!
0)
0b
0h
#3370000000
1!
1)
b11111101000110100111011001001101 3
b11010010111111100001111010110011 4
b0000000010011101 N
b11111101000110100111011001001101 Z
b000000000000000000000000000000000000000000000000000000000000000000000000000000000000000000000000000000000000000000000000000000000000000000000000000000000000000000000000000000000000000000000000000000000000000000000000000000000000000000000000000000000010100101101001011010010110100101101001011010010111000011110000111100001111000011110000 [
b11111101000110100111011001001101 ]
b11010010111111100001111010110011 `
b11010010111111100001111010110011 a
1b
1h
#3370001000
#3380000000
0!
0)
0b
0h
#3390000000
1!
b00 '
1)
b00 /
b11010010111111100001111010110011 3
b10101111110110110100010100011100 4
b00 L
b0000000010011110 N
b11010010111111100001111010110011 Z
b000000000000000000000000000000000000000000000000000000000000000000000000000000000000000000000000000000000000000000000000000000000000000000000000000000000000000000000000000000000000000000000000000000000000000000000000000000000000000000000000000000000000101001011010010110100101101001011010010110100101110000111100001111000011110000111100 [
b11010010111111100001111010110011 ]
b00 _
b10101111110110110100010100011100 `
b10101111110110110100010100011100 a
1b
1h
#3390001000
#3400000000
0!
0)
0b
0h
#3410000000
1!
1)
b10101111110110110100010100011100 3
b00101011111101101101000101000111 4
b0000000010011111 N
b10101111110110110100010100011100 Z
b000000000000000000000000000000000000000000000000000000000000000000000000000000000000000000000000000000000000000000000000000000000000000000000000000000000000000000000000000000000000000000000000000000000000000000000000000000000000000000000000000000000000001010010110100101101001011010010110100101101001011100001111000011110000111100001111 [
b10101111110110110100010100011100 ]
b00101011111101101101000101000111 `
b00101011111101101101000101000111 a
1b
1h
#3410001000
#3420000000
0!
0)
0b
0h
#3430000000
1!
b11 '
1)
b11 /
b00101011111101101101000101000111 3
b00001010111111011011010001010001 4
b11 L
b0000000010100000 N
b00101011111101101101000101000111 Z
b000000000000000000000000000000000000000000000000000000000000000000000000000000000000000000000000000000000000000000000000000000000000000000000000000000000000000000000000000000000000000000000000000000000000000000000000000000000000000000000000000000000000000010100101101001011010010110100101101001011010010111000011110000111100001111000011 [
b00101011111101101101000101000111 ]
b11 _
b00001010111111011011010001010001 `
b00001010111111011011010001010001 a
1b
1h
#3430001000
#3440000000
0!
0)
0b
0h
#3450000000
1!
1)
b00001010111111011011010001010001 3
b11101111000001111110111000110100 4
b0000000010100001 N
b00001010111111011011010001010001 Z
b000000000000000000000000000000000000000000000000000000000000000000000000000000000000000000000000000000000000000000000000000000000000000000000000000000000000000000000000000000000000000000000000000000000000000000000000000000000000000000000000000000000000000000101001011010010110100101101001011010010110100101110000111100001111000011110000 [
b00001010111111011011010001010001 ]
b11101111000001111110111000110100 `
b11101111000001111110111000110100 a
1b
1h
#3450001000
#3460000000
0!
0)
0b
0h
#3470000000
1!
b00 '
1)
b00 /
b11101111000001111110111000110100 3
b00111011110000011111101110001101 4
b00 L
b0000000010100010 N
b11101111000001111110111000110100 Z
b000000000000000000000000000000000000000000000000000000000000000000000000000000000000000000000000000000000000000000000000000000000000000000000000000000000000000000000000000000000000000000000000000000000000000000000000000000000000000000000000000000000000000000001010010110100101101001011010010110100101101001011100001111000011110000111100 [
b11101111000001111110111000110100 ]
b00 _
b00111011110000011111101110001101 `
b00111011110000011111101110001101 a
1b
1h
#3470001000
#3480000000
0!
0)
0b
0h
#3490000000
1!
1)
b00111011110000011111101110001101 3
b01111000001011000011111101110011 4
b0000000010100011 N
b00111011110000011111101110001101 Z
b000000000000000000000000000000000000000000000000000000000000000000000000000000000000000000000000000000000000000000000000000000000000000000000000000000000000000000000000000000000000000000000000000000000000000000000000000000000000000000000000000000000000000000000010100101101001011010010110100101101001011010010111000011110000111100001111 [
b00111011110000011111101110001101 ]
b01111000001011000011111101110011 `
b01111000001011000011111101110011 a
1b
1h
#3490001000
#3500000000
0!
0)
0b
0h
#3510000000
1!
b11 '
1)
b11 /
b01111000001011000011111101110011 3
b00011110000010110000111111011100 4
b11 L
b0000000010100100 N
b01111000001011000011111101110011 Z
b000000000000000000000000000000000000000000000000000000000000000000000000000000000000000000000000000000000000000000000000000000000000000000000000000000000000000000000000000000000000000000000000000000000000000000000000000000000000000000000000000000000000000000000000101001011010010110100101101001011010010110100101110000111100001111000011 [
b01111000001011000011111101110011 ]
b11 _
b00011110000010110000111111011100 `
b00011110000010110000111111011100 a
1b
1h
#3510001000
#3520000000
0!
0)
0b
0h
#3530000000
1!
1)
b00011110000010110000111111011100 3
b10011100111001100000000101000111 4
b0000000010100101 N
b00011110000010110000111111011100 Z
b000000000000000000000000000000000000000000000000000000000000000000000000000000000000000000000000000000000000000000000000000000000000000000000000000000000000000000000000000000000000000000000000000000000000000000000000000000000000000000000000000000000000000000000000001010010110100101101001011010010110100101101001011100001111000011110000 [
b00011110000010110000111111011100 ]
b10011100111001100000000101000111 `
b10011100111001100000000101000111 a
1b
1h
#3530001000
#3540000000
0!
0)
0b
0h
#3550000000
1!
b00 '
1)
b00 /
b10011100111001100000000101000111 3
b10111100010111010100001011100001 4
b00 L
b0000000010100110 N
b10011100111001100000000101000111 Z
b000000000000000000000000000000000000000000000000000000000000000000000000000000000000000000000000000000000000000000000000000000000000000000000000000000000000000000000000000000000000000000000000000000000000000000000000000000000000000000000000000000000000000000000000000010100101101001011010010110100101101001011010010111000011110000111100 [
b10011100111001100000000101000111 ]
b00 _
b10111100010111010100001011100001 `
b10111100010111010100001011100001 a
1b
1h
#3550001000
#3560000000
0!
0)
0b
0h
#3570000000
1!
1)
b10111100010111010100001011100001 3
b01011001110010110001000100101000 4
18
b0000000010100111 N
b10111100010111010100001011100001 Z
b000000000000000000000000000000000000000000000000000000000000000000000000000000000000000000000000000000000000000000000000000000000000000000000000000000000000000000000000000000000000000000000000000000000000000000000000000000000000000000000000000000000000000000000000000000101001011010010110100101101001011010010110100101110000111100001111 [
b10111100010111010100001011100001 ]
b01011001110010110001000100101000 `
b01011001110010110001000100101000 a
1b
1h
#3570001000
#3580000000
0!
0)
0b
0h
#3590000000
1!
b11 '
1)
b11 /
b01011001110010110001000100101000 3
b10001101000101100000011011111010 4
08
b11 L
b0000000010101000 N
b01011001110010110001000100101000 Z
b000000000000000000000000000000000000000000000000000000000000000000000000000000000000000000000000000000000000000000000000000000000000000000000000000000000000000000000000000000000000000000000000000000000000000000000000000000000000000000000000000000000000000000000000000000001010010110100101101001011010010110100101101001011100001111000011 [
b01011001110010110001000100101000 ]
b11 _
b10001101000101100000011011111010 `
b10001101000101100000011011111010 a
1b
1h
#3590001000
#3600000000
0!
0)
0b
0h
#3610000000
1!
b10 '
1)
b10 /
b10001101000101100000011011111010 3
b00100011010001011000000110111110 4
b10 L
b0000000010101001 N
b10001101000101100000011011111010 Z
b101001011010010110100101101001011010010110100101110000111100001111000011110000111100001111000011000010000000000001000101000000000000000001011100000000000000000001000000000000000100000000010001000000000000000011000000101010000000000101100100110000001010100000000001011001010100010101100111010001010110011100000000010010000000000000000000 [
b00110111 \
b10001101000101100000011011111010 ]
b10 _
b00100011010001011000000110111110 `
b00100011010001011000000110111110 a
1b
1h
#3610001000
#3620000000
0!
0)
0b
0h
#3630000000
1!
b11 '
1)
b11 /
b00100011010001011000000110111110 3
b01111110000011010010000111111111 4
b11 L
b0000000010101010 N
b00100011010001011000000110111110 Z
b00001101 \
b00100011010001011000000110111110 ]
b11 _
b01111110000011010010000111111111 `
b01111110000011010010000111111111 a
1b
1h
#3630001000
#3640000000
0!
0)
0b
0h
#3650000000
1!
b01 '
1)
b01 /
b01111110000011010010000111111111 3
b11110010001110111100101101011111 4
b01 L
b0000000010101011 N
1U
b01111110000011010010000111111111 Z
b00000011 \
b01111110000011010010000111111111 ]
b01 _
b11110010001110111100101101011111 `
b11110010001110111100101101011111 a
1b
1h
1j
#3650001000
#3660000000
0!
0)
0b
0h
#3670000000
1!
b11 '
1)
b11 /
b11110010001110111100101101011111 3
b00111100100011101111001011010111 4
b11 L
b0000000010101100 N
b10101101 V
b11110010001110111100101101011111 Z
b11011110 \
b11110010001110111100101101011111 ]
b11 _
b00111100100011101111001011010111 `
b00111100100011101111001011010111 a
1b
1h
b10101101 k
b000001 p
b000001 q
b000011 y
b000011 z
#3670001000
#3680000000
0!
0)
0b
0h
#3690000000
1!
b10 '
1)
b10 /
b00111100100011101111001011010111 3
b01111001111111111111110100100101 4
b10 L
b0000000010101101 N
b10111110 V
b00111100100011101111001011010111 Z
b00110111 \
b00111100100011101111001011010111 ]
b10 _
b01111001111111111111110100100101 `
b01111001111111111111110100100101 a
1b
1h
b10111110 k
b000010 p
b000011 q
b000001 r
b000010 y
b000010 z
#3690001000
#3700000000
0!
0)
0b
0h
#3710000000
1!
b11 '
1)
b11 /
b01111001111111111111110100100101 3
b11110011110001110111110001101001 4
b11 L
b0000000010101110 N
b11101111 V
1X
b01111001111111111111110100100101 Z
b00001101 \
b01111001111111111111110100100101 ]
b11 _
b11110011110001110111110001101001 `
b11110011110001110111110001101001 a
1b
1h
b11101111 k
1m
b000011 p
b000010 q
b000011 r
b000001 s
b000001 y
b000001 z
#3710001000
#3720000000
0!
0)
0b
0h
#3730000000
1!
b01 '
1)
b01 /
b11110011110001110111110001101001 3
b00111100111100011101111100011010 4
b01 L
b0000000010101111 N
0U
b11111111 V
b11110011110001110111110001101001 Z
b00000011 \
b11110011110001110111110001101001 ]
b01 _
b00111100111100011101111100011010 `
b00111100111100011101111100011010 a
1b
1h
0j
b11111111 k
b000100 p
b000110 q
b000010 r
b000011 s
b000000 y
b000000 z
#3730001000
#3740000000
0!
0)
0b
0h
#3750000000
1!
b11 '
1)
b11 /
b00111100111100011101111100011010 3
b01111001111000000011011001010110 4
19
b11 L
b0000000010110000 N
1W
b00111100111100011101111100011010 Z
b11111111 \
b00111100111100011101111100011010 ]
b11 _
b01111001111000000011011001010110 `
b01111001111000000011011001010110 a
1b
1h
1l
b000110 r
b000010 s
1w
#3750001000
#3760000000
0!
0)
0b
0h
#3770000000
1!
1)
b01111001111000000011011001010110 3
b01101000101001000100110000000101 4
b0000000010110001 N
b01111001111000000011011001010110 Z
b00111111 \
b01111001111000000011011001010110 ]
b01101000101001000100110000000101 `
b01101000101001000100110000000101 a
1b
1h
b000110 s
#3770001000
#3780000000
0!
0)
0b
0h
#3790000000
1!
b10 '
0(
1)
b10 /
00
b01101000101001000100110000000101 3
b10000001010011011101000110110001 4
b10 L
b0000000010110010 N
b00011110011110000000110110010101 Z
b11111111 \
b01101000101001000100110000000101 ]
b10 _
b10000001010011011101000110110001 `
b10000001010011011101000110110001 a
1b
1h
#3790001000
#3800000000
0!
0)
0b
0h
#3810000000
1!
1)
b10000001010011011101000110110001 3
b00000000000000000000000000000000 4
05
b0000000000000000 N
b10000001010011011101000110110001 Z
b10000001010011011101000110110001 ]
0^
b00000000000000000000000000000000 `
b10111011001101111011011011011100 a
1b
1h
#3820000000
0!
0)
0b
0h
#3830000000
1!
1)
b00000000000000000000000000000000 Z
1b
1h
#3840000000
0!
0)
0b
0h
#3850000000
1!
1)
1b
1h
#3860000000
0!
0)
0b
0h
#3870000000
1!
1)
1b
1h
#3880000000
0!
0)
0b
0h
#3890000000
1!
1)
1b
1h
#3900000000
0!
0)
0b
0h
#3910000000
1!
1)
1b
1h
#3920000000
0!
0)
0b
0h
#3930000000
1!
1)
1b
1h
#3940000000
0!
0)
0b
0h
#3950000000
1!
1)
1b
1h
#3960000000
0!
0)
0b
0h
#3970000000
1!
1)
1b
1h
#3980000000
0!
0)
0b
0h
#3990000000
1!
1)
1b
1h
#4000000000
0!
0)
0b
0h
#4010000000
1!
1)
1b
1h
#4020000000
0!
0)
0b
0h
#4030000000
1!
1)
1b
1h
#4040000000
0!
0)
0b
0h
#4050000000
1!
1)
1b
1h
#4060000000
0!
0)
0b
0h
#4070000000
1!
1)
1b
1h
#4080000000
0!
0)
0b
0h
#4090000000
1!
1)
1b
1h
#4100000000
0!
0)
0b
0h
#4110000000
1!
1)
1b
1h
#4120000000
0!
0)
0b
0h
#4130000000
1!
1)
1b
1h
#4140000000
0!
0)
0b
0h
#4150000000
1!
1)
1b
1h
#4160000000
0!
0)
0b
0h
#4170000000
1!
1)
1b
1h
#4180000000
0!
0)
0b
0h
#4190000000
1!
1#
b00000001 $
1)
1+
b00000001 ,
1P
b00000001 Q
1b
1d
b00000001 e
1h
#4200000000
0!
0)
0b
0h
#4210000000
1!
b00000010 $
1)
b00000010 ,
b00000010 Q
b00000001 V
1b
b00000010 e
1h
b00000001 k
b000101 n
b000111 o
b000101 x
b000001 y
b000001 z
#4220000000
0!
0)
0b
0h
#4230000000
1!
b00000011 $
1)
b00000011 ,
b00000011 Q
0X
b00000001 \
1b
b00000011 e
1h
0m
b000110 n
b000101 o
b000111 t
b000100 x
b000010 y
b000010 z
#4240000000
0!
0)
0b
0h
#4250000000
1!
b00000100 $
1%
1)
b00000100 ,
1-
16
b00000100 Q
1b
b00000100 e
1h
b000111 n
b000100 o
b000101 t
b000111 u
b001100 x
b000011 y
b000011 z
#4260000000
0!
0)
0b
0h
#4270000000
1!
0#
0%
1(
1)
0+
0-
10
06
09
0P
0W
1b
0d
1h
0l
b001000 n
b001100 o
b000100 t
b000101 u
0w
b001101 x
b000100 y
b000100 z
#4280000000
0!
0)
0b
0h
#4290000000
1!
b00 '
1)
b00 /
b00 L
b0000000000000001 N
b00 _
b01010110100011110011010111111100 a
1b
1h
b001100 t
b000100 u
#4290001000
#4300000000
0!
0)
0b
0h
#4310000000
1!
1)
b0000000000000010 N
1b
1h
b001100 u
#4310001000
#4320000000
0!
0)
0b
0h
#4330000000
1!
1)
b0000000000000011 N
1b
1h
#4330001000
#4340000000
0!
0)
0b
0h
#4350000000
1!
1)
b0000000000000100 N
1b
1h
#4350001000
#4360000000
0!
0)
0b
0h
#4370000000
1!
1)
b0000000000000101 N
1b
1h
#4370001000
#4380000000
0!
0)
0b
0h
#4390000000
1!
1)
b0000000000000110 N
1b
1h
#4390001000
#4400000000
0!
0)
0b
0h
#4410000000
1!
1)
b0000000000000111 N
1b
1h
#4410001000
#4420000000
0!
0)
0b
0h
#4430000000
1!
1)
b0000000000001000 N
1b
1h
#4430001000
#4440000000
0!
0)
0b
0h
#4450000000
1!
1)
b0000000000001001 N
1b
1h
#4450001000
#4460000000
0!
0)
0b
0h
#4470000000
1!
1)
b0000000000001010 N
1b
1h
#4470001000
#4480000000
0!
0)
0b
0h
#4490000000
1!
1)
b0000000000001011 N
1b
1h
#4490001000
#4500000000
0!
0)
0b
0h
#4510000000
1!
1)
b0000000000001100 N
1b
1h
#4510001000
#4520000000
0!
0)
0b
0h
#4530000000
1!
1)
b0000000000001101 N
1b
1h
#4530001000
#4540000000
0!
0)
0b
0h
#4550000000
1!
1)
b0000000000001110 N
1b
1h
#4550001000
#4560000000
0!
0)
0b
0h
#4570000000
1!
1)
b0000000000001111 N
1b
1h
#4570001000
#4580000000
0!
0)
0b
0h
#4590000000
1!
1)
b0000000000010000 N
1b
1h
#4590001000
#4600000000
0!
0)
0b
0h
#4610000000
1!
1)
b0000000000010001 N
1b
1h
#4610001000
#4620000000
0!
0)
0b
0h
#4630000000
1!
1)
b0000000000010010 N
1b
1h
#4630001000
#4640000000
0!
0)
0b
0h
#4650000000
1!
1)
b0000000000010011 N
1b
1h
#4650001000
#4660000000
0!
0)
0b
0h
#4670000000
1!
1)
b0000000000010100 N
1b
1h
#4670001000
#4680000000
0!
0)
0b
0h
#4690000000
1!
1)
b0000000000010101 N
1b
1h
#4690001000
#4700000000
0!
0)
0b
0h
#4710000000
1!
1)
b0000000000010110 N
1b
1h
#4710001000
#4720000000
0!
0)
0b
0h
#4730000000
1!
1)
b0000000000010111 N
1b
1h
#4730001000
#4740000000
0!
0)
0b
0h
#4750000000
1!
1)
b0000000000011000 N
1b
1h
#4750001000
#4760000000
0!
0)
0b
0h
#4770000000
1!
1)
b0000000000011001 N
1b
1h
#4770001000
#4780000000
0!
0)
0b
0h
#4790000000
1!
1)
b0000000000011010 N
1b
1h
#4790001000
#4800000000
0!
0)
0b
0h
#4810000000
1!
1)
b0000000000011011 N
1b
1h
#4810001000
#4820000000
0!
0)
0b
0h
#4830000000
1!
1)
b0000000000011100 N
1b
1h
#4830001000
#4840000000
0!
0)
0b
0h
#4850000000
1!
1)
b0000000000011101 N
1b
1h
#4850001000
#4860000000
0!
0)
0b
0h
#4870000000
1!
1)
b0000000000011110 N
1b
1h
#4870001000
#4880000000
0!
0)
0b
0h
#4890000000
1!
1)
17
b0000000000011111 N
1b
1h
#4890001000
#4900000000
0!
0)
0b
0h
#4910000000
1!
1)
07
b0000000000100000 N
1b
1h
#4910001000
#4920000000
0!
0)
0b
0h
#4930000000
1!
1)
b01010110100011110011010111111100 4
15
b0000000000100001 N
b001010010110100101101001011010010110100101101001011100001111000011110000111100001111000011110000110000100000000000010001010000000000000000010111000000000000000000010000000000000001000000000100010000000000000000110000001010100000000001011001001100000010101000000000010110010101000101011001110100010101100111000000000100100000000000000000 [
1^
b01010110100011110011010111111100 `
1b
1h
#4930001000
#4940000000
0!
0)
0b
0h
#4950000000
1!
1)
b01010110100011110011010111111100 3
b00010101101000111100110101111111 4
b0000000000100010 N
b01010110100011110011010111111100 Z
b000010100101101001011010010110100101101001011010010111000011110000111100001111000011110000111100001100001000000000000100010100000000000000000101110000000000000000000100000000000000010000000001000100000000000000001100000010101000000000010110010011000000101010000000000101100101010001010110011101000101011001110000000001001000000000000000 [
b01010110100011110011010111111100 ]
b00010101101000111100110101111111 `
b00010101101000111100110101111111 a
1b
1h
#4950001000
#4960000000
0!
0)
0b
0h
#4970000000
1!
1)
b00010101101000111100110101111111 3
b10011110000011000011000111101111 4
b0000000000100011 N
b00010101101000111100110101111111 Z
b000000101001011010010110100101101001011010010110100101110000111100001111000011110000111100001111000011000010000000000001000101000000000000000001011100000000000000000001000000000000000100000000010001000000000000000011000000101010000000000101100100110000001010100000000001011001010100010101100111010001010110011100000000010010000000000000 [
b00010101101000111100110101111111 ]
b10011110000011000011000111101111 `
b10011110000011000011000111101111 a
1b
1h
#4970001000
#4980000000
0!
0)
0b
0h
#4990000000
1!
1)
b10011110000011000011000111101111 3
b10111100111001111100111011001011 4
b0000000000100100 N
b10011110000011000011000111101111 Z
b000000001010010110100101101001011010010110100101101001011100001111000011110000111100001111000011110000110000100000000000010001010000000000000000010111000000000000000000010000000000000001000000000100010000000000000000110000001010100000000001011001001100000010101000000000010110010101000101011001110100010101100111000000000100100000000000 [
b10011110000011000011000111101111 ]
b10111100111001111100111011001011 `
b10111100111001111100111011001011 a
1b
1h
#4990001000
#5000000000
0!
0)
0b
0h
#5010000000
1!
1)
b10111100111001111100111011001011 3
b10110100010111010011000100000010 4
b0000000000100101 N
b10111100111001111100111011001011 Z
b000000000010100101101001011010010110100101101001011010010111000011110000111100001111000011110000111100001100001000000000000100010100000000000000000101110000000000000000000100000000000000010000000001000100000000000000001100000010101000000000010110010011000000101010000000000101100101010001010110011101000101011001110000000001001000000000 [
b10111100111001111100111011001011 ]
b10110100010111010011000100000010 `
b10110100010111010011000100000010 a
1b
1h
#5010001000
#5020000000
0!
0)
0b
0h
#5030000000
1!
1)
b10110100010111010011000100000010 3
b11000000101011111100111101100000 4
b0000000000100110 N
b10110100010111010011000100000010 Z
b000000000000101001011010010110100101101001011010010110100101110000111100001111000011110000111100001111000011000010000000000001000101000000000000000001011100000000000000000001000000000000000100000000010001000000000000000011000000101010000000000101100100110000001010100000000001011001010100010101100111010001010110011100000000010010000000 [
b10110100010111010011000100000010 ]
b11000000101011111100111101100000 `
b11000000101011111100111101100000 a
1b
1h
#5030001000
#5040000000
0!
0)
0b
0h
#5050000000
1!
1)
b11000000101011111100111101100000 3
b00110000001010111111001111011000 4
b0000000000100111 N
b11000000101011111100111101100000 Z
b000000000000001010010110100101101001011010010110100101101001011100001111000011110000111100001111000011110000110000100000000000010001010000000000000000010111000000000000000000010000000000000001000000000100010000000000000000110000001010100000000001011001001100000010101000000000010110010101000101011001110100010101100111000000000100100000 [
b11000000101011111100111101100000 ]
b00110000001010111111001111011000 `
b00110000001010111111001111011000 a
1b
1h
#5050001000
#5060000000
0!
0)
0b
0h
#5070000000
1!
1)
b00110000001010111111001111011000 3
b00001100000010101111110011110110 4
b0000000000101000 N
b00110000001010111111001111011000 Z
b000000000000000010100101101001011010010110100101101001011010010111000011110000111100001111000011110000111100001100001000000000000100010100000000000000000101110000000000000000000100000000000000010000000001000100000000000000001100000010101000000000010110010011000000101010000000000101100101010001010110011101000101011001110000000001001000 [
b00110000001010111111001111011000 ]
b00001100000010101111110011110110 `
b00001100000010101111110011110110 a
1b
1h
#5070001000
#5080000000
0!
0)
0b
0h
#5090000000
1!
1)
b00001100000010101111110011110110 3
b11101110101110100011110000011101 4
b0000000000101001 N
b00001100000010101111110011110110 Z
b000000000000000000101001011010010110100101101001011010010110100101110000111100001111000011110000111100001111000011000010000000000001000101000000000000000001011100000000000000000001000000000000000100000000010001000000000000000011000000101010000000000101100100110000001010100000000001011001010100010101100111010001010110011100000000010010 [
b00001100000010101111110011110110 ]
b11101110101110100011110000011101 `
b11101110101110100011110000011101 a
1b
1h
#5090001000
#5100000000
0!
0)
0b
0h
#5110000000
1!
b10 '
1)
b10 /
b11101110101110100011110000011101 3
b10100000110010100100110110110111 4
b10 L
b0000000000101010 N
b11101110101110100011110000011101 Z
b000000000000000000001010010110100101101001011010010110100101101001011100001111000011110000111100001111000011110000110000100000000000010001010000000000000000010111000000000000000000010000000000000001000000000100010000000000000000110000001010100000000001011001001100000010101000000000010110010101000101011001110100010101100111000000000100 [
b11101110101110100011110000011101 ]
b10 _
b10100000110010100100110110110111 `
b10100000110010100100110110110111 a
1b
1h
#5110001000
#5120000000
0!
0)
0b
0h
#5130000000
1!
b00 '
1)
b00 /
b10100000110010100100110110110111 3
b10110011010101100101000111011101 4
b00 L
b0000000000101011 N
b10100000110010100100110110110111 Z
b000000000000000000000010100101101001011010010110100101101001011010010111000011110000111100001111000011110000111100001100001000000000000100010100000000000000000101110000000000000000000100000000000000010000000001000100000000000000001100000010101000000000010110010011000000101010000000000101100101010001010110011101000101011001110000000001 [
b10100000110010100100110110110111 ]
b00 _
b10110011010101100101000111011101 `
b10110011010101100101000111011101 a
1b
1h
#5130001000
#5140000000
0!
0)
0b
0h
#5150000000
1!
b01 '
1)
b01 /
b10110011010101100101000111011101 3
b00101100110101011001010001110111 4
b01 L
b0000000000101100 N
b10110011010101100101000111011101 Z
b000000000000000000000000101001011010010110100101101001011010010110100101110000111100001111000011110000111100001111000011000010000000000001000101000000000000000001011100000000000000000001000000000000000100000000010001000000000000000011000000101010000000000101100100110000001010100000000001011001010100010101100111010001010110011100000000 [
b10110011010101100101000111011101 ]
b01 _
b00101100110101011001010001110111 `
b00101100110101011001010001110111 a
1b
1h
#5150001000
#5160000000
0!
0)
0b
0h
#5170000000
1!
b00 '
1)
b00 /
b00101100110101011001010001110111 3
b10010000010100011010011110101101 4
b00 L
b0000000000101101 N
b00101100110101011001010001110111 Z
b000000000000000000000000001010010110100101101001011010010110100101101001011100001111000011110000111100001111000011110000110000100000000000010001010000000000000000010111000000000000000000010000000000000001000000000100010000000000000000110000001010100000000001011001001100000010101000000000010110010101000101011001110100010101100111000000 [
b00101100110101011001010001110111 ]
b00 _
b10010000010100011010011110101101 `
b10010000010100011010011110101101 a
1b
1h
#5170001000
#5180000000
0!
0)
0b
0h
#5190000000
1!
1)
b10010000010100011010011110101101 3
b01010010110010000010100001111011 4
b0000000000101110 N
b10010000010100011010011110101101 Z
b000000000000000000000000000010100101101001011010010110100101101001011010010111000011110000111100001111000011110000111100001100001000000000000100010100000000000000000101110000000000000000000100000000000000010000000001000100000000000000001100000010101000000000010110010011000000101010000000000101100101010001010110011101000101011001110000 [
b10010000010100011010011110101101 ]
b01010010110010000010100001111011 `
b01010010110010000010100001111011 a
1b
1h
#5190001000
#5200000000
0!
0)
0b
0h
#5210000000
1!
1)
b01010010110010000010100001111011 3
b10001111110101101100100010101110 4
b0000000000101111 N
b01010010110010000010100001111011 Z
b000000000000000000000000000000101001011010010110100101101001011010010110100101110000111100001111000011110000111100001111000011000010000000000001000101000000000000000001011100000000000000000001000000000000000100000000010001000000000000000011000000101010000000000101100100110000001010100000000001011001010100010101100111010001010110011100 [
b01010010110010000010100001111011 ]
b10001111110101101100100010101110 `
b10001111110101101100100010101110 a
1b
1h
#5210001000
#5220000000
0!
0)
0b
0h
#5230000000
1!
1)
b10001111110101101100100010101110 3
b11001110010011010011000100001011 4
b0000000000110000 N
b10001111110101101100100010101110 Z
b000000000000000000000000000000001010010110100101101001011010010110100101101001011100001111000011110000111100001111000011110000110000100000000000010001010000000000000000010111000000000000000000010000000000000001000000000100010000000000000000110000001010100000000001011001001100000010101000000000010110010101000101011001110100010101100111 [
b10001111110101101100100010101110 ]
b11001110010011010011000100001011 `
b11001110010011010011000100001011 a
1b
1h
#5230001000
#5240000000
0!
0)
0b
0h
#5250000000
1!
b11 '
1)
b11 /
b11001110010011010011000100001011 3
b00110011100100110100110001000010 4
b11 L
b0000000000110001 N
b11001110010011010011000100001011 Z
b000000000000000000000000000000000010100101101001011010010110100101101001011010010111000011110000111100001111000011110000111100001100001000000000000100010100000000000000000101110000000000000000000100000000000000010000000001000100000000000000001100000010101000000000010110010011000000101010000000000101100101010001010110011101000101011001 [
b11001110010011010011000100001011 ]
b11 _
b00110011100100110100110001000010 `
b00110011100100110100110001000010 a
1b
1h
#5250001000
#5260000000
0!
0)
0b
0h
#5270000000
1!
b01 '
1)
b01 /
b00110011100100110100110001000010 3
b10010111100000000001000110100000 4
b01 L
b0000000000110010 N
b00110011100100110100110001000010 Z
b000000000000000000000000000000000000101001011010010110100101101001011010010110100101110000111100001111000011110000111100001111000011000010000000000001000101000000000000000001011100000000000000000001000000000000000100000000010001000000000000000011000000101010000000000101100100110000001010100000000001011001010100010101100111010001010110 [
b00110011100100110100110001000010 ]
b01 _
b10010111100000000001000110100000 `
b10010111100000000001000110100000 a
1b
1h
#5270001000
#5280000000
0!
0)
0b
0h
#5290000000
1!
b10 '
1)
b10 /
b10010111100000000001000110100000 3
b11001000010110001000011101001000 4
b10 L
b0000000000110011 N
b10010111100000000001000110100000 Z
b000000000000000000000000000000000000001010010110100101101001011010010110100101101001011100001111000011110000111100001111000011110000110000100000000000010001010000000000000000010111000000000000000000010000000000000001000000000100010000000000000000110000001010100000000001011001001100000010101000000000010110010101000101011001110100010101 [
b10010111100000000001000110100000 ]
b10 _
b11001000010110001000011101001000 `
b11001000010110001000011101001000 a
1b
1h
#5290001000
#5300000000
0!
0)
0b
0h
#5310000000
1!
b01 '
1)
b01 /
b11001000010110001000011101001000 3
b01000100110010100110000001000010 4
b01 L
b0000000000110100 N
b11001000010110001000011101001000 Z
b000000000000000000000000000000000000000010100101101001011010010110100101101001011010010111000011110000111100001111000011110000111100001100001000000000000100010100000000000000000101110000000000000000000100000000000000010000000001000100000000000000001100000010101000000000010110010011000000101010000000000101100101010001010110011101000101 [
b11001000010110001000011101001000 ]
b01 _
b01000100110010100110000001000010 `
b01000100110010100110000001000010 a
1b
1h
#5310001000
#5320000000
0!
0)
0b
0h
#5330000000
1!
1)
b01000100110010100110000001000010 3
b10001010010101100101101010100000 4
b0000000000110101 N
b01000100110010100110000001000010 Z
b000000000000000000000000000000000000000000101001011010010110100101101001011010010110100101110000111100001111000011110000111100001111000011000010000000000001000101000000000000000001011100000000000000000001000000000000000100000000010001000000000000000011000000101010000000000101100100110000001010100000000001011001010100010101100111010001 [
b01000100110010100110000001000010 ]
b10001010010101100101101010100000 `
b10001010010101100101101010100000 a
1b
1h
#5330001000
#5340000000
0!
0)
0b
0h
#5350000000
1!
1)
b10001010010101100101101010100000 3
b01010100010010011101011100111000 4
b0000000000110110 N
b10001010010101100101101010100000 Z
b000000000000000000000000000000000000000000001010010110100101101001011010010110100101101001011100001111000011110000111100001111000011110000110000100000000000010001010000000000000000010111000000000000000000010000000000000001000000000100010000000000000000110000001010100000000001011001001100000010101000000000010110010101000101011001110100 [
b10001010010101100101101010100000 ]
b01010100010010011101011100111000 `
b01010100010010011101011100111000 a
1b
1h
#5350001000
#5360000000
0!
0)
0b
0h
#5370000000
1!
b00 '
1)
b00 /
b01010100010010011101011100111000 3
b00010101000100100111010111001110 4
b00 L
b0000000000110111 N
b01010100010010011101011100111000 Z
b000000000000000000000000000000000000000000000010100101101001011010010110100101101001011010010111000011110000111100001111000011110000111100001100001000000000000100010100000000000000000101110000000000000000000100000000000000010000000001000100000000000000001100000010101000000000010110010011000000101010000000000101100101010001010110011101 [
b01010100010010011101011100111000 ]
b00 _
b00010101000100100111010111001110 `
b00010101000100100111010111001110 a
1b
1h
#5370001000
#5380000000
0!
0)
0b
0h
#5390000000
1!
b01 '
1)
b01 /
b00010101000100100111010111001110 3
b10011110001000000101111111000011 4
b01 L
b0000000000111000 N
b00010101000100100111010111001110 Z
b000000000000000000000000000000000000000000000000101001011010010110100101101001011010010110100101110000111100001111000011110000111100001111000011000010000000000001000101000000000000000001011100000000000000000001000000000000000100000000010001000000000000000011000000101010000000000101100100110000001010100000000001011001010100010101100111 [
b00010101000100100111010111001110 ]
b01 _
b10011110001000000101111111000011 `
b10011110001000000101111111000011 a
1b
1h
#5390001000
#5400000000
0!
0)
0b
0h
#5410000000
1!
b11 '
1)
b11 /
b10011110001000000101111111000011 3
b00100111100010000001011111110000 4
b11 L
b0000000000111001 N
b10011110001000000101111111000011 Z
b000000000000000000000000000000000000000000000000001010010110100101101001011010010110100101101001011100001111000011110000111100001111000011110000110000100000000000010001010000000000000000010111000000000000000000010000000000000001000000000100010000000000000000110000001010100000000001011001001100000010101000000000010110010101000101011001 [
b10011110001000000101111111000011 ]
b11 _
b00100111100010000001011111110000 `
b00100111100010000001011111110000 a
1b
1h
#5410001000
#5420000000
0!
0)
0b
0h
#5430000000
1!
b01 '
1)
b01 /
b00100111100010000001011111110000 3
b01111111001111100100010001101100 4
b01 L
b0000000000111010 N
b00100111100010000001011111110000 Z
b000000000000000000000000000000000000000000000000000010100101101001011010010110100101101001011010010111000011110000111100001111000011110000111100001100001000000000000100010100000000000000000101110000000000000000000100000000000000010000000001000100000000000000001100000010101000000000010110010011000000101010000000000101100101010001010110 [
b00100111100010000001011111110000 ]
b01 _
b01111111001111100100010001101100 `
b01111111001111100100010001101100 a
1b
1h
#5430001000
#5440000000
0!
0)
0b
0h
#5450000000
1!
b10 '
1)
b10 /
b01111111001111100100010001101100 3
b11110010011101110001001000111011 4
b10 L
b0000000000111011 N
b01111111001111100100010001101100 Z
b000000000000000000000000000000000000000000000000000000101001011010010110100101101001011010010110100101110000111100001111000011110000111100001111000011000010000000000001000101000000000000000001011100000000000000000001000000000000000100000000010001000000000000000011000000101010000000000101100100110000001010100000000001011001010100010101 [
b01111111001111100100010001101100 ]
b10 _
b11110010011101110001001000111011 `
b11110010011101110001001000111011 a
1b
1h
#5450001000
#5460000000
0!
0)
0b
0h
#5470000000
1!
b01 '
1)
b01 /
b11110010011101110001001000111011 3
b11010001001001010100011110101110 4
b01 L
b0000000000111100 N
b11110010011101110001001000111011 Z
b000000000000000000000000000000000000000000000000000000001010010110100101101001011010010110100101101001011100001111000011110000111100001111000011110000110000100000000000010001010000000000000000010111000000000000000000010000000000000001000000000100010000000000000000110000001010100000000001011001001100000010101000000000010110010101000101 [
b11110010011101110001001000111011 ]
b01 _
b11010001001001010100011110101110 `
b11010001001001010100011110101110 a
1b
1h
#5470001000
#5480000000
0!
0)
0b
0h
#5490000000
1!
1)
b11010001001001010100011110101110 3
b10101111001011011001001101011011 4
b0000000000111101 N
b11010001001001010100011110101110 Z
b000000000000000000000000000000000000000000000000000000000010100101101001011010010110100101101001011010010111000011110000111100001111000011110000111100001100001000000000000100010100000000000000000101110000000000000000000100000000000000010000000001000100000000000000001100000010101000000000010110010011000000101010000000000101100101010001 [
b11010001001001010100011110101110 ]
b10101111001011011001001101011011 `
b10101111001011011001001101011011 a
1b
1h
#5490001000
#5500000000
0!
0)
0b
0h
#5510000000
1!
1)
b10101111001011011001001101011011 3
b11000110011100111110011111110110 4
b0000000000111110 N
b10101111001011011001001101011011 Z
b000000000000000000000000000000000000000000000000000000000000101001011010010110100101101001011010010110100101110000111100001111000011110000111100001111000011000010000000000001000101000000000000000001011100000000000000000001000000000000000100000000010001000000000000000011000000101010000000000101100100110000001010100000000001011001010100 [
b10101111001011011001001101011011 ]
b11000110011100111110011111110110 `
b11000110011100111110011111110110 a
1b
1h
#5510001000
#5520000000
0!
0)
0b
0h
#5530000000
1!
b00 '
1)
b00 /
b11000110011100111110011111110110 3
b11011100001001000111101011011101 4
b00 L
b0000000000111111 N
b11000110011100111110011111110110 Z
b000000000000000000000000000000000000000000000000000000000000001010010110100101101001011010010110100101101001011100001111000011110000111100001111000011110000110000100000000000010001010000000000000000010111000000000000000000010000000000000001000000000100010000000000000000110000001010100000000001011001001100000010101000000000010110010101 [
b11000110011100111110011111110110 ]
b00 _
b11011100001001000111101011011101 `
b11011100001001000111101011011101 a
1b
1h
#5530001000
#5540000000
0!
0)
0b
0h
#5550000000
1!
b01 '
1)
b01 /
b11011100001001000111101011011101 3
b00110111000010010001111010110111 4
b01 L
b0000000001000000 N
b11011100001001000111101011011101 Z
b000000000000000000000000000000000000000000000000000000000000000010100101101001011010010110100101101001011010010111000011110000111100001111000011110000111100001100001000000000000100010100000000000000000101110000000000000000000100000000000000010000000001000100000000000000001100000010101000000000010110010011000000101010000000000101100101 [
b11011100001001000111101011011101 ]
b01 _
b00110111000010010001111010110111 `
b00110111000010010001111010110111 a
1b
1h
#5550001000
#5560000000
0!
0)
0b
0h
#5570000000
1!
1)
b00110111000010010001111010110111 3
b11100000011110101100010010001101 4
b0000000001000001 N
b00110111000010010001111010110111 Z
b000000000000000000000000000000000000000000000000000000000000000000101001011010010110100101101001011010010110100101110000111100001111000011110000111100001111000011000010000000000001000101000000000000000001011100000000000000000001000000000000000100000000010001000000000000000011000000101010000000000101100100110000001010100000000001011001 [
b00110111000010010001111010110111 ]
b11100000011110101100010010001101 `
b11100000011110101100010010001101 a
1b
1h
#5570001000
#5580000000
0!
0)
0b
0h
#5590000000
1!
1)
b11100000011110101100010010001101 3
b00111000000111101011000100100011 4
b0000000001000010 N
b11100000011110101100010010001101 Z
b000000000000000000000000000000000000000000000000000000000000000000001010010110100101101001011010010110100101101001011100001111000011110000111100001111000011110000110000100000000000010001010000000000000000010111000000000000000000010000000000000001000000000100010000000000000000110000001010100000000001011001001100000010101000000000010110 [
b11100000011110101100010010001101 ]
b00111000000111101011000100100011 `
b00111000000111101011000100100011 a
1b
1h
#5590001000
#5600000000
0!
0)
0b
0h
#5610000000
1!
b10 '
1)
b10 /
b00111000000111101011000100100011 3
b01111000110110111110110111011000 4
b10 L
b0000000001000011 N
b00111000000111101011000100100011 Z
b000000000000000000000000000000000000000000000000000000000000000000000010100101101001011010010110100101101001011010010111000011110000111100001111000011110000111100001100001000000000000100010100000000000000000101110000000000000000000100000000000000010000000001000100000000000000001100000010101000000000010110010011000000101010000000000101 [
b00111000000111101011000100100011 ]
b10 _
b01111000110110111110110111011000 `
b01111000110110111110110111011000 a
1b
1h
#5610001000
#5620000000
0!
0)
0b
0h
#5630000000
1!
b01 '
1)
b01 /
b01111000110110111110110111011000 3
b01101000111010101011101011100110 4
b01 L
b0000000001000100 N
b01111000110110111110110111011000 Z
b000000000000000000000000000000000000000000000000000000000000000000000000101001011010010110100101101001011010010110100101110000111100001111000011110000111100001111000011000010000000000001000101000000000000000001011100000000000000000001000000000000000100000000010001000000000000000011000000101010000000000101100100110000001010100000000001 [
b01111000110110111110110111011000 ]
b01 _
b01101000111010101011101011100110 `
b01101000111010101011101011100110 a
1b
1h
#5630001000
#5640000000
0!
0)
0b
0h
#5650000000
1!
1)
b01101000111010101011101011100110 3
b10000001010111100110110000001001 4
b0000000001000101 N
b01101000111010101011101011100110 Z
b000000000000000000000000000000000000000000000000000000000000000000000000001010010110100101101001011010010110100101101001011100001111000011110000111100001111000011110000110000100000000000010001010000000000000000010111000000000000000000010000000000000001000000000100010000000000000000110000001010100000000001011001001100000010101000000000 [
b01101000111010101011101011100110 ]
b10000001010111100110110000001001 `
b10000001010111100110110000001001 a
1b
1h
#5650001000
#5660000000
0!
0)
0b
0h
#5670000000
1!
b00 '
1)
b00 /
b10000001010111100110110000001001 3
b01010110100010111101101010010010 4
b00 L
b0000000001000110 N
b10000001010111100110110000001001 Z
b000000000000000000000000000000000000000000000000000000000000000000000000000010100101101001011010010110100101101001011010010111000011110000111100001111000011110000111100001100001000000000000100010100000000000000000101110000000000000000000100000000000000010000000001000100000000000000001100000010101000000000010110010011000000101010000000 [
b10000001010111100110110000001001 ]
b00 _
b01010110100010111101101010010010 `
b01010110100010111101101010010010 a
1b
1h
#5670001000
#5680000000
0!
0)
0b
0h
#5690000000
1!
1)
b01010110100010111101101010010010 3
b11111000000110100111010110000100 4
b0000000001000111 N
b01010110100010111101101010010010 Z
b000000000000000000000000000000000000000000000000000000000000000000000000000000101001011010010110100101101001011010010110100101110000111100001111000011110000111100001111000011000010000000000001000101000000000000000001011100000000000000000001000000000000000100000000010001000000000000000011000000101010000000000101100100110000001010100000 [
b01010110100010111101101010010010 ]
b11111000000110100111010110000100 `
b11111000000110100111010110000100 a
1b
1h
#5690001000
#5700000000
0!
0)
0b
0h
#5710000000
1!
1)
b11111000000110100111010110000100 3
b00111110000001101001110101100001 4
b0000000001001000 N
b11111000000110100111010110000100 Z
b000000000000000000000000000000000000000000000000000000000000000000000000000000001010010110100101101001011010010110100101101001011100001111000011110000111100001111000011110000110000100000000000010001010000000000000000010111000000000000000000010000000000000001000000000100010000000000000000110000001010100000000001011001001100000010101000 [
b11111000000110100111010110000100 ]
b00111110000001101001110101100001 `
b00111110000001101001110101100001 a
1b
1h
#5710001000
#5720000000
0!
0)
0b
0h
#5730000000
1!
1)
b00111110000001101001110101100001 3
b01111001010111011110011011001000 4
b0000000001001001 N
b00111110000001101001110101100001 Z
b000000000000000000000000000000000000000000000000000000000000000000000000000000000010100101101001011010010110100101101001011010010111000011110000111100001111000011110000111100001100001000000000000100010100000000000000000101110000000000000000000100000000000000010000000001000100000000000000001100000010101000000000010110010011000000101010 [
b00111110000001101001110101100001 ]
b01111001010111011110011011001000 `
b01111001010111011110011011001000 a
1b
1h
#5730001000
#5740000000
0!
0)
0b
0h
#5750000000
1!
b10 '
1)
b10 /
b01111001010111011110011011001000 3
b11110011111011111111101010010010 4
b10 L
b0000000001001010 N
b01111001010111011110011011001000 Z
b000000000000000000000000000000000000000000000000000000000000000000000000000000000000101001011010010110100101101001011010010110100101110000111100001111000011110000111100001111000011000010000000000001000101000000000000000001011100000000000000000001000000000000000100000000010001000000000000000011000000101010000000000101100100110000001010 [
b01111001010111011110011011001000 ]
b10 _
b11110011111011111111101010010010 `
b11110011111011111111101010010010 a
1b
1h
#5750001000
#5760000000
0!
0)
0b
0h
#5770000000
1!
1)
b11110011111011111111101010010010 3
b00111100111110111111111010100100 4
b0000000001001011 N
b11110011111011111111101010010010 Z
b000000000000000000000000000000000000000000000000000000000000000000000000000000000000001010010110100101101001011010010110100101101001011100001111000011110000111100001111000011110000110000100000000000010001010000000000000000010111000000000000000000010000000000000001000000000100010000000000000000110000001010100000000001011001001100000010 [
b11110011111011111111101010010010 ]
b00111100111110111111111010100100 `
b00111100111110111111111010100100 a
1b
1h
#5770001000
#5780000000
0!
0)
0b
0h
#5790000000
1!
1)
b00111100111110111111111010100100 3
b11100010100001100111110010001001 4
b0000000001001100 N
b00111100111110111111111010100100 Z
b000000000000000000000000000000000000000000000000000000000000000000000000000000000000000010100101101001011010010110100101101001011010010111000011110000111100001111000011110000111100001100001000000000000100010100000000000000000101110000000000000000000100000000000000010000000001000100000000000000001100000010101000000000010110010011000000 [
b00111100111110111111111010100100 ]
b11100010100001100111110010001001 `
b11100010100001100111110010001001 a
1b
1h
#5790001000
#5800000000
0!
0)
0b
0h
#5810000000
1!
b00 '
1)
b00 /
b11100010100001100111110010001001 3
b01001110011111011101111010110010 4
b00 L
b0000000001001101 N
b11100010100001100111110010001001 Z
b000000000000000000000000000000000000000000000000000000000000000000000000000000000000000000101001011010010110100101101001011010010110100101110000111100001111000011110000111100001111000011000010000000000001000101000000000000000001011100000000000000000001000000000000000100000000010001000000000000000011000000101010000000000101100100110000 [
b11100010100001100111110010001001 ]
b00 _
b01001110011111011101111010110010 `
b01001110011111011101111010110010 a
1b
1h
#5810001000
#5820000000
0!
0)
0b
0h
#5830000000
1!
1)
b01001110011111011101111010110010 3
b11111110001001111111010010001100 4
b0000000001001110 N
b01001110011111011101111010110010 Z
b000000000000000000000000000000000000000000000000000000000000000000000000000000000000000000001010010110100101101001011010010110100101101001011100001111000011110000111100001111000011110000110000100000000000010001010000000000000000010111000000000000000000010000000000000001000000000100010000000000000000110000001010100000000001011001001100 [
b01001110011111011101111010110010 ]
b11111110001001111111010010001100 `
b11111110001001111111010010001100 a
1b
1h
#5830001000
#5840000000
0!
0)
0b
0h
#5850000000
1!
1)
b11111110001001111111010010001100 3
b00111111100010011111110100100011 4
b0000000001001111 N
b11111110001001111111010010001100 Z
b000000000000000000000000000000000000000000000000000000000000000000000000000000000000000000000010100101101001011010010110100101101001011010010111000011110000111100001111000011110000111100001100001000000000000100010100000000000000000101110000000000000000000100000000000000010000000001000100000000000000001100000010101000000000010110010011 [
b11111110001001111111010010001100 ]
b00111111100010011111110100100011 `
b00111111100010011111110100100011 a
1b
1h
#5850001000
#5860000000
0!
0)
0b
0h
#5870000000
1!
b11 '
1)
b11 /
b00111111100010011111110100100011 3
b00001111111000100111111101001000 4
b11 L
b0000000001010000 N
b00111111100010011111110100100011 Z
b000000000000000000000000000000000000000000000000000000000000000000000000000000000000000000000000101001011010010110100101101001011010010110100101110000111100001111000011110000111100001111000011000010000000000001000101000000000000000001011100000000000000000001000000000000000100000000010001000000000000000011000000101010000000000101100100 [
b00111111100010011111110100100011 ]
b11 _
b00001111111000100111111101001000 `
b00001111111000100111111101001000 a
1b
1h
#5870001000
#5880000000
0!
0)
0b
0h
#5890000000
1!
b00 '
1)
b00 /
b00001111111000100111111101001000 3
b00000011111110001001111111010010 4
b00 L
b0000000001010001 N
b00001111111000100111111101001000 Z
b000000000000000000000000000000000000000000000000000000000000000000000000000000000000000000000000001010010110100101101001011010010110100101101001011100001111000011110000111100001111000011110000110000100000000000010001010000000000000000010111000000000000000000010000000000000001000000000100010000000000000000110000001010100000000001011001 [
b00001111111000100111111101001000 ]
b00 _
b00000011111110001001111111010010 `
b00000011111110001001111111010010 a
1b
1h
#5890001000
#5900000000
0!
0)
0b
0h
#5910000000
1!
b01 '
1)
b01 /
b00000011111110001001111111010010 3
b10011011100110101110010101000100 4
b01 L
b0000000001010010 N
b00000011111110001001111111010010 Z
b000000000000000000000000000000000000000000000000000000000000000000000000000000000000000000000000000010100101101001011010010110100101101001011010010111000011110000111100001111000011110000111100001100001000000000000100010100000000000000000101110000000000000000000100000000000000010000000001000100000000000000001100000010101000000000010110 [
b00000011111110001001111111010010 ]
b01 _
b10011011100110101110010101000100 `
b10011011100110101110010101000100 a
1b
1h
#5910001000
#5920000000
0!
0)
0b
0h
#5930000000
1!
b10 '
1)
b10 /
b10011011100110101110010101000100 3
b11001011010111100011101001110001 4
b10 L
b0000000001010011 N
b10011011100110101110010101000100 Z
b000000000000000000000000000000000000000000000000000000000000000000000000000000000000000000000000000000101001011010010110100101101001011010010110100101110000111100001111000011110000111100001111000011000010000000000001000101000000000000000001011100000000000000000001000000000000000100000000010001000000000000000011000000101010000000000101 [
b10011011100110101110010101000100 ]
b10 _
b11001011010111100011101001110001 `
b11001011010111100011101001110001 a
1b
1h
#5930001000
#5940000000
0!
0)
0b
0h
#5950000000
1!
b01 '
1)
b01 /
b11001011010111100011101001110001 3
b00110010110101111000111010011100 4
b01 L
b0000000001010100 N
b11001011010111100011101001110001 Z
b000000000000000000000000000000000000000000000000000000000000000000000000000000000000000000000000000000001010010110100101101001011010010110100101101001011100001111000011110000111100001111000011110000110000100000000000010001010000000000000000010111000000000000000000010000000000000001000000000100010000000000000000110000001010100000000001 [
b11001011010111100011101001110001 ]
b01 _
b00110010110101111000111010011100 `
b00110010110101111000111010011100 a
1b
1h
#5950001000
#5960000000
0!
0)
0b
0h
#5970000000
1!
1)
b00110010110101111000111010011100 3
b01111010011010011010001000110111 4
b0000000001010101 N
b00110010110101111000111010011100 Z
b000000000000000000000000000000000000000000000000000000000000000000000000000000000000000000000000000000000010100101101001011010010110100101101001011010010111000011110000111100001111000011110000111100001100001000000000000100010100000000000000000101110000000000000000000100000000000000010000000001000100000000000000001100000010101000000000 [
b00110010110101111000111010011100 ]
b01111010011010011010001000110111 `
b01111010011010011010001000110111 a
1b
1h
#5970001000
#5980000000
0!
0)
0b
0h
#5990000000
1!
b00 '
1)
b00 /
b01111010011010011010001000110111 3
b10000101111111101010101000111101 4
b00 L
b0000000001010110 N
b01111010011010011010001000110111 Z
b000000000000000000000000000000000000000000000000000000000000000000000000000000000000000000000000000000000000101001011010010110100101101001011010010110100101110000111100001111000011110000111100001111000011000010000000000001000101000000000000000001011100000000000000000001000000000000000100000000010001000000000000000011000000101010000000 [
b01111010011010011010001000110111 ]
b00 _
b10000101111111101010101000111101 `
b10000101111111101010101000111101 a
1b
1h
#5990001000
#6000000000
0!
0)
0b
0h
#6010000000
1!
1)
b10000101111111101010101000111101 3
b01010111101000111110101100011111 4
b0000000001010111 N
b10000101111111101010101000111101 Z
b000000000000000000000000000000000000000000000000000000000000000000000000000000000000000000000000000000000000001010010110100101101001011010010110100101101001011100001111000011110000111100001111000011110000110000100000000000010001010000000000000000010111000000000000000000010000000000000001000000000100010000000000000000110000001010100000 [
b10000101111111101010101000111101 ]
b01010111101000111110101100011111 `
b01010111101000111110101100011111 a
1b
1h
#6010001000
#6020000000
0!
0)
0b
0h
#6030000000
1!
1)
b01010111101000111110101100011111 3
b10001110100011000011100001110111 4
b0000000001011000 N
b01010111101000111110101100011111 Z
b000000000000000000000000000000000000000000000000000000000000000000000000000000000000000000000000000000000000000010100101101001011010010110100101101001011010010111000011110000111100001111000011110000111100001100001000000000000100010100000000000000000101110000000000000000000100000000000000010000000001000100000000000000001100000010101000 [
b01010111101000111110101100011111 ]
b10001110100011000011100001110111 `
b10001110100011000011100001110111 a
1b
1h
#6030001000
#6040000000
0!
0)
0b
0h
#6050000000
1!
1)
b10001110100011000011100001110111 3
b10111000110001111100110010101101 4
b0000000001011001 N
b10001110100011000011100001110111 Z
b000000000000000000000000000000000000000000000000000000000000000000000000000000000000000000000000000000000000000000101001011010010110100101101001011010010110100101110000111100001111000011110000111100001111000011000010000000000001000101000000000000000001011100000000000000000001000000000000000100000000010001000000000000000011000000101010 [
b10001110100011000011100001110111 ]
b10111000110001111100110010101101 `
b10111000110001111100110010101101 a
1b
1h
#6050001000
#6060000000
0!
0)
0b
0h
#6070000000
1!
b10 '
1)
b10 /
b10111000110001111100110010101101 3
b10110101010101010011000110011011 4
b10 L
b0000000001011010 N
b10111000110001111100110010101101 Z
b000000000000000000000000000000000000000000000000000000000000000000000000000000000000000000000000000000000000000000001010010110100101101001011010010110100101101001011100001111000011110000111100001111000011110000110000100000000000010001010000000000000000010111000000000000000000010000000000000001000000000100010000000000000000110000001010 [
b10111000110001111100110010101101 ]
b10 _
b10110101010101010011000110011011 `
b10110101010101010011000110011011 a
1b
1h
#6070001000
#6080000000
0!
0)
0b
0h
#6090000000
1!
1)
b10110101010101010011000110011011 3
b01011011100010010000110111110110 4
b0000000001011011 N
b10110101010101010011000110011011 Z
b000000000000000000000000000000000000000000000000000000000000000000000000000000000000000000000000000000000000000000000010100101101001011010010110100101101001011010010111000011110000111100001111000011110000111100001100001000000000000100010100000000000000000101110000000000000000000100000000000000010000000001000100000000000000001100000010 [
b10110101010101010011000110011011 ]
b01011011100010010000110111110110 `
b01011011100010010000110111110110 a
1b
1h
#6090001000
#6100000000
0!
0)
0b
0h
#6110000000
1!
1)
b01011011100010010000110111110110 3
b00010110111000100100001101111101 4
b0000000001011100 N
b01011011100010010000110111110110 Z
b000000000000000000000000000000000000000000000000000000000000000000000000000000000000000000000000000000000000000000000000101001011010010110100101101001011010010110100101110000111100001111000011110000111100001111000011000010000000000001000101000000000000000001011100000000000000000001000000000000000100000000010001000000000000000011000000 [
b01011011100010010000110111110110 ]
b00010110111000100100001101111101 `
b00010110111000100100001101111101 a
1b
1h
#6110001000
#6120000000
0!
0)
0b
0h
#6130000000
1!
b00 '
1)
b00 /
b00010110111000100100001101111101 3
b01110011011001001101000101001111 4
b00 L
b0000000001011101 N
b00010110111000100100001101111101 Z
b000000000000000000000000000000000000000000000000000000000000000000000000000000000000000000000000000000000000000000000000001010010110100101101001011010010110100101101001011100001111000011110000111100001111000011110000110000100000000000010001010000000000000000010111000000000000000000010000000000000001000000000100010000000000000000110000 [
b00010110111000100100001101111101 ]
b00 _
b01110011011001001101000101001111 `
b01110011011001001101000101001111 a
1b
1h
#6130001000
#6140000000
0!
0)
0b
0h
#6150000000
1!
1)
b01110011011001001101000101001111 3
b10000111101111011111011011100011 4
b0000000001011110 N
b01110011011001001101000101001111 Z
b000000000000000000000000000000000000000000000000000000000000000000000000000000000000000000000000000000000000000000000000000010100101101001011010010110100101101001011010010111000011110000111100001111000011110000111100001100001000000000000100010100000000000000000101110000000000000000000100000000000000010000000001000100000000000000001100 [
b01110011011001001101000101001111 ]
b10000111101111011111011011100011 `
b10000111101111011111011011100011 a
1b
1h
#6150001000
#6160000000
0!
0)
0b
0h
#6170000000
1!
1)
b10000111101111011111011011100011 3
b10111010100010111011111100001000 4
b0000000001011111 N
b10000111101111011111011011100011 Z
b000000000000000000000000000000000000000000000000000000000000000000000000000000000000000000000000000000000000000000000000000000101001011010010110100101101001011010010110100101110000111100001111000011110000111100001111000011000010000000000001000101000000000000000001011100000000000000000001000000000000000100000000010001000000000000000011 [
b10000111101111011111011011100011 ]
b10111010100010111011111100001000 `
b10111010100010111011111100001000 a
1b
1h
#6170001000
#6180000000
0!
0)
0b
0h
#6190000000
1!
b11 '
1)
b11 /
b10111010100010111011111100001000 3
b10110101110001100010110101110010 4
b11 L
b0000000001100000 N
b10111010100010111011111100001000 Z
b000000000000000000000000000000000000000000000000000000000000000000000000000000000000000000000000000000000000000000000000000000001010010110100101101001011010010110100101101001011100001111000011110000111100001111000011110000110000100000000000010001010000000000000000010111000000000000000000010000000000000001000000000100010000000000000000 [
b10111010100010111011111100001000 ]
b11 _
b10110101110001100010110101110010 `
b10110101110001100010110101110010 a
1b
1h
#6190001000
#6200000000
0!
0)
0b
0h
#6210000000
1!
b00 '
1)
b00 /
b10110101110001100010110101110010 3
b11000000110010010000100001111100 4
b00 L
b0000000001100001 N
b10110101110001100010110101110010 Z
b000000000000000000000000000000000000000000000000000000000000000000000000000000000000000000000000000000000000000000000000000000000010100101101001011010010110100101101001011010010111000011110000111100001111000011110000111100001100001000000000000100010100000000000000000101110000000000000000000100000000000000010000000001000100000000000000 [
b10110101110001100010110101110010 ]
b00 _
b11000000110010010000100001111100 `
b11000000110010010000100001111100 a
1b
1h
#6210001000
#6220000000
0!
0)
0b
0h
#6230000000
1!
1)
b11000000110010010000100001111100 3
b00110000001100100100001000011111 4
b0000000001100010 N
b11000000110010010000100001111100 Z
b000000000000000000000000000000000000000000000000000000000000000000000000000000000000000000000000000000000000000000000000000000000000101001011010010110100101101001011010010110100101110000111100001111000011110000111100001111000011000010000000000001000101000000000000000001011100000000000000000001000000000000000100000000010001000000000000 [
b11000000110010010000100001111100 ]
b00110000001100100100001000011111 `
b00110000001100100100001000011111 a
1b
1h
#6230001000
#6240000000
0!
0)
0b
0h
#6250000000
1!
1)
b00110000001100100100001000011111 3
b10010111011010000101001000110111 4
b0000000001100011 N
b00110000001100100100001000011111 Z
b000000000000000000000000000000000000000000000000000000000000000000000000000000000000000000000000000000000000000000000000000000000000001010010110100101101001011010010110100101101001011100001111000011110000111100001111000011110000110000100000000000010001010000000000000000010111000000000000000000010000000000000001000000000100010000000000 [
b00110000001100100100001000011111 ]
b10010111011010000101001000110111 `
b10010111011010000101001000110111 a
1b
1h
#6250001000
#6260000000
0!
0)
0b
0h
#6270000000
1!
1)
b10010111011010000101001000110111 3
b10111110101111101101011000111101 4
b0000000001100100 N
b10010111011010000101001000110111 Z
b000000000000000000000000000000000000000000000000000000000000000000000000000000000000000000000000000000000000000000000000000000000000000010100101101001011010010110100101101001011010010111000011110000111100001111000011110000111100001100001000000000000100010100000000000000000101110000000000000000000100000000000000010000000001000100000000 [
b10010111011010000101001000110111 ]
b10111110101111101101011000111101 `
b10111110101111101101011000111101 a
1b
1h
#6270001000
#6280000000
0!
0)
0b
0h
#6290000000
1!
1)
b10111110101111101101011000111101 3
b01011001011100111111010000011111 4
b0000000001100101 N
b10111110101111101101011000111101 Z
b000000000000000000000000000000000000000000000000000000000000000000000000000000000000000000000000000000000000000000000000000000000000000000101001011010010110100101101001011010010110100101110000111100001111000011110000111100001111000011000010000000000001000101000000000000000001011100000000000000000001000000000000000100000000010001000000 [
b10111110101111101101011000111101 ]
b01011001011100111111010000011111 `
b01011001011100111111010000011111 a
1b
1h
#6290001000
#6300000000
0!
0)
0b
0h
#6310000000
1!
1)
b01011001011100111111010000011111 3
b10001101001110000011111110110111 4
b0000000001100110 N
b01011001011100111111010000011111 Z
b000000000000000000000000000000000000000000000000000000000000000000000000000000000000000000000000000000000000000000000000000000000000000000001010010110100101101001011010010110100101101001011100001111000011110000111100001111000011110000110000100000000000010001010000000000000000010111000000000000000000010000000000000001000000000100010000 [
b01011001011100111111010000011111 ]
b10001101001110000011111110110111 `
b10001101001110000011111110110111 a
1b
1h
#6310001000
#6320000000
0!
0)
0b
0h
#6330000000
1!
1)
b10001101001110000011111110110111 3
b10111000001010101100110101011101 4
b0000000001100111 N
b10001101001110000011111110110111 Z
b000000000000000000000000000000000000000000000000000000000000000000000000000000000000000000000000000000000000000000000000000000000000000000000010100101101001011010010110100101101001011010010111000011110000111100001111000011110000111100001100001000000000000100010100000000000000000101110000000000000000000100000000000000010000000001000100 [
b10001101001110000011111110110111 ]
b10111000001010101100110101011101 `
b10111000001010101100110101011101 a
1b
1h
#6330001000
#6340000000
0!
0)
0b
0h
#6350000000
1!
1)
b10111000001010101100110101011101 3
b01011000110101101111001011000111 4
b0000000001101000 N
b10111000001010101100110101011101 Z
b000000000000000000000000000000000000000000000000000000000000000000000000000000000000000000000000000000000000000000000000000000000000000000000000101001011010010110100101101001011010010110100101110000111100001111000011110000111100001111000011000010000000000001000101000000000000000001011100000000000000000001000000000000000100000000010001 [
b10111000001010101100110101011101 ]
b01011000110101101111001011000111 `
b01011000110101101111001011000111 a
1b
1h
#6350001000
#6360000000
0!
0)
0b
0h
#6370000000
1!
b01 '
1)
b01 /
b01011000110101101111001011000111 3
b11111011100011010011111110010001 4
b01 L
b0000000001101001 N
b01011000110101101111001011000111 Z
b000000000000000000000000000000000000000000000000000000000000000000000000000000000000000000000000000000000000000000000000000000000000000000000000001010010110100101101001011010010110100101101001011100001111000011110000111100001111000011110000110000100000000000010001010000000000000000010111000000000000000000010000000000000001000000000100 [
b01011000110101101111001011000111 ]
b01 _
b11111011100011010011111110010001 `
b11111011100011010011111110010001 a
1b
1h
#6370001000
#6380000000
0!
0)
0b
0h
#6390000000
1!
b00 '
1)
b00 /
b11111011100011010011111110010001 3
b01001000001111110000111001110100 4
b00 L
b0000000001101010 N
b11111011100011010011111110010001 Z
b000000000000000000000000000000000000000000000000000000000000000000000000000000000000000000000000000000000000000000000000000000000000000000000000000010100101101001011010010110100101101001011010010111000011110000111100001111000011110000111100001100001000000000000100010100000000000000000101110000000000000000000100000000000000010000000001 [
b11111011100011010011111110010001 ]
b00 _
b01001000001111110000111001110100 `
b01001000001111110000111001110100 a
1b
1h
#6390001000
#6400000000
0!
0)
0b
0h
#6410000000
1!
b01 '
1)
b01 /
b01001000001111110000111001110100 3
b01100100110100111000001000001101 4
b01 L
b0000000001101011 N
b01001000001111110000111001110100 Z
b000000000000000000000000000000000000000000000000000000000000000000000000000000000000000000000000000000000000000000000000000000000000000000000000000000101001011010010110100101101001011010010110100101110000111100001111000011110000111100001111000011000010000000000001000101000000000000000001011100000000000000000001000000000000000100000000 [
b01001000001111110000111001110100 ]
b01 _
b01100100110100111000001000001101 `
b01100100110100111000001000001101 a
1b
1h
#6410001000
#6420000000
0!
0)
0b
0h
#6430000000
1!
b00 '
1)
b00 /
b01100100110100111000001000001101 3
b01101111111010001010000100010011 4
b00 L
b0000000001101100 N
b01100100110100111000001000001101 Z
b000000000000000000000000000000000000000000000000000000000000000000000000000000000000000000000000000000000000000000000000000000000000000000000000000000001010010110100101101001011010010110100101101001011100001111000011110000111100001111000011110000110000100000000000010001010000000000000000010111000000000000000000010000000000000001000000 [
b01100100110100111000001000001101 ]
b00 _
b01101111111010001010000100010011 `
b01101111111010001010000100010011 a
1b
1h
#6430001000
#6440000000
0!
0)
0b
0h
#6450000000
1!
1)
b01101111111010001010000100010011 3
b10000000100111101110101011110100 4
b0000000001101101 N
b01101111111010001010000100010011 Z
b000000000000000000000000000000000000000000000000000000000000000000000000000000000000000000000000000000000000000000000000000000000000000000000000000000000010100101101001011010010110100101101001011010010111000011110000111100001111000011110000111100001100001000000000000100010100000000000000000101110000000000000000000100000000000000010000 [
b01101111111010001010000100010011 ]
b10000000100111101110101011110100 `
b10000000100111101110101011110100 a
1b
1h
#6450001000
#6460000000
0!
0)
0b
0h
#6470000000
1!
1)
b10000000100111101110101011110100 3
b00100000001001111011101010111101 4
b0000000001101110 N
b10000000100111101110101011110100 Z
b000000000000000000000000000000000000000000000000000000000000000000000000000000000000000000000000000000000000000000000000000000000000000000000000000000000000101001011010010110100101101001011010010110100101110000111100001111000011110000111100001111000011000010000000000001000101000000000000000001011100000000000000000001000000000000000100 [
b10000000100111101110101011110100 ]
b00100000001001111011101010111101 `
b00100000001001111011101010111101 a
1b
1h
#6470001000
#6480000000
0!
0)
0b
0h
#6490000000
1!
1)
b00100000001001111011101010111101 3
b01111110110101011010111100111111 4
b0000000001101111 N
b00100000001001111011101010111101 Z
b000000000000000000000000000000000000000000000000000000000000000000000000000000000000000000000000000000000000000000000000000000000000000000000000000000000000001010010110100101101001011010010110100101101001011100001111000011110000111100001111000011110000110000100000000000010001010000000000000000010111000000000000000000010000000000000001 [
b00100000001001111011101010111101 ]
b01111110110101011010111100111111 `
b01111110110101011010111100111111 a
1b
1h
#6490001000
#6500000000
0!
0)
0b
0h
#6510000000
1!
b01 '
1)
b01 /
b01111110110101011010111100111111 3
b11110010000011011110100011101111 4
b01 L
b0000000001110000 N
b01111110110101011010111100111111 Z
b000000000000000000000000000000000000000000000000000000000000000000000000000000000000000000000000000000000000000000000000000000000000000000000000000000000000000010100101101001011010010110100101101001011010010111000011110000111100001111000011110000111100001100001000000000000100010100000000000000000101110000000000000000000100000000000000 [
b01111110110101011010111100111111 ]
b01 _
b11110010000011011110100011101111 `
b11110010000011011110100011101111 a
1b
1h
#6510001000
#6520000000
0!
0)
0b
0h
#6530000000
1!
b00 '
1)
b00 /
b11110010000011011110100011101111 3
b10100111111001111011100010001011 4
b00 L
b0000000001110001 N
b11110010000011011110100011101111 Z
b000000000000000000000000000000000000000000000000000000000000000000000000000000000000000000000000000000000000000000000000000000000000000000000000000000000000000000101001011010010110100101101001011010010110100101110000111100001111000011110000111100001111000011000010000000000001000101000000000000000001011100000000000000000001000000000000 [
b11110010000011011110100011101111 ]
b00 _
b10100111111001111011100010001011 `
b10100111111001111011100010001011 a
1b
1h
#6530001000
#6540000000
0!
0)
0b
0h
#6550000000
1!
1)
b10100111111001111011100010001011 3
b10110010100111010010110010010010 4
b0000000001110010 N
b10100111111001111011100010001011 Z
b000000000000000000000000000000000000000000000000000000000000000000000000000000000000000000000000000000000000000000000000000000000000000000000000000000000000000000001010010110100101101001011010010110100101101001011100001111000011110000111100001111000011110000110000100000000000010001010000000000000000010111000000000000000000010000000000 [
b10100111111001111011100010001011 ]
b10110010100111010010110010010010 `
b10110010100111010010110010010010 a
1b
1h
#6550001000
#6560000000
0!
0)
0b
0h
#6570000000
1!
1)
b10110010100111010010110010010010 3
b11000001000111111100100000000100 4
b0000000001110011 N
b10110010100111010010110010010010 Z
b000000000000000000000000000000000000000000000000000000000000000000000000000000000000000000000000000000000000000000000000000000000000000000000000000000000000000000000010100101101001011010010110100101101001011010010111000011110000111100001111000011110000111100001100001000000000000100010100000000000000000101110000000000000000000100000000 [
b10110010100111010010110010010010 ]
b11000001000111111100100000000100 `
b11000001000111111100100000000100 a
1b
1h
#6570001000
#6580000000
0!
0)
0b
0h
#6590000000
1!
1)
b11000001000111111100100000000100 3
b00110000010001111111001000000001 4
b0000000001110100 N
b11000001000111111100100000000100 Z
b000000000000000000000000000000000000000000000000000000000000000000000000000000000000000000000000000000000000000000000000000000000000000000000000000000000000000000000000101001011010010110100101101001011010010110100101110000111100001111000011110000111100001111000011000010000000000001000101000000000000000001011100000000000000000001000000 [
b11000001000111111100100000000100 ]
b00110000010001111111001000000001 `
b00110000010001111111001000000001 a
1b
1h
#6590001000
#6600000000
0!
0)
0b
0h
#6610000000
1!
1)
b00110000010001111111001000000001 3
b01111010110011011011110100010000 4
b0000000001110101 N
b00110000010001111111001000000001 Z
b000000000000000000000000000000000000000000000000000000000000000000000000000000000000000000000000000000000000000000000000000000000000000000000000000000000000000000000000001010010110100101101001011010010110100101101001011100001111000011110000111100001111000011110000110000100000000000010001010000000000000000010111000000000000000000010000 [
b00110000010001111111001000000001 ]
b01111010110011011011110100010000 `
b01111010110011011011110100010000 a
1b
1h
#6610001000
#6620000000
0!
0)
0b
0h
#6630000000
1!
1)
b01111010110011011011110100010000 3
b00011110101100110110111101000100 4
b0000000001110110 N
b01111010110011011011110100010000 Z
b000000000000000000000000000000000000000000000000000000000000000000000000000000000000000000000000000000000000000000000000000000000000000000000000000000000000000000000000000010100101101001011010010110100101101001011010010111000011110000111100001111000011110000111100001100001000000000000100010100000000000000000101110000000000000000000100 [
b01111010110011011011110100010000 ]
b00011110101100110110111101000100 `
b00011110101100110110111101000100 a
1b
1h
#6630001000
#6640000000
0!
0)
0b
0h
#6650000000
1!
1)
b00011110101100110110111101000100 3
b00000111101011001101101111010001 4
b0000000001110111 N
b00011110101100110110111101000100 Z
b000000000000000000000000000000000000000000000000000000000000000000000000000000000000000000000000000000000000000000000000000000000000000000000000000000000000000000000000000000101001011010010110100101101001011010010110100101110000111100001111000011110000111100001111000011000010000000000001000101000000000000000001011100000000000000000001 [
b00011110101100110110111101000100 ]
b00000111101011001101101111010001 `
b00000111101011001101101111010001 a
1b
1h
#6650001000
#6660000000
0!
0)
0b
0h
#6670000000
1!
b01 '
1)
b01 /
b00000111101011001101101111010001 3
b00000001111010110011011011110100 4
b01 L
b0000000001111000 N
b00000111101011001101101111010001 Z
b000000000000000000000000000000000000000000000000000000000000000000000000000000000000000000000000000000000000000000000000000000000000000000000000000000000000000000000000000000001010010110100101101001011010010110100101101001011100001111000011110000111100001111000011110000110000100000000000010001010000000000000000010111000000000000000000 [
b00000111101011001101101111010001 ]
b01 _
b00000001111010110011011011110100 `
b00000001111010110011011011110100 a
1b
1h
#6670001000
#6680000000
0!
0)
0b
0h
#6690000000
1!
b00 '
1)
b00 /
b00000001111010110011011011110100 3
b00000000011110101100110110111101 4
b00 L
b0000000001111001 N
b00000001111010110011011011110100 Z
b000000000000000000000000000000000000000000000000000000000000000000000000000000000000000000000000000000000000000000000000000000000000000000000000000000000000000000000000000000000010100101101001011010010110100101101001011010010111000011110000111100001111000011110000111100001100001000000000000100010100000000000000000101110000000000000000 [
b00000001111010110011011011110100 ]
b00 _
b00000000011110101100110110111101 `
b00000000011110101100110110111101 a
1b
1h
#6690001000
#6700000000
0!
0)
0b
0h
#6710000000
1!
1)
b00000000011110101100110110111101 3
b01110110110000101111001011111111 4
b0000000001111010 N
b00000000011110101100110110111101 Z
b000000000000000000000000000000000000000000000000000000000000000000000000000000000000000000000000000000000000000000000000000000000000000000000000000000000000000000000000000000000000101001011010010110100101101001011010010110100101110000111100001111000011110000111100001111000011000010000000000001000101000000000000000001011100000000000000 [
b00000000011110101100110110111101 ]
b01110110110000101111001011111111 `
b01110110110000101111001011111111 a
1b
1h
#6710001000
#6720000000
0!
0)
0b
0h
#6730000000
1!
1)
b01110110110000101111001011111111 3
b10000110110101000111111000001111 4
b0000000001111011 N
b01110110110000101111001011111111 Z
b000000000000000000000000000000000000000000000000000000000000000000000000000000000000000000000000000000000000000000000000000000000000000000000000000000000000000000000000000000000000001010010110100101101001011010010110100101101001011100001111000011110000111100001111000011110000110000100000000000010001010000000000000000010111000000000000 [
b01110110110000101111001011111111 ]
b10000110110101000111111000001111 `
b10000110110101000111111000001111 a
1b
1h
#6730001000
#6740000000
0!
0)
0b
0h
#6750000000
1!
1)
b10000110110101000111111000001111 3
b10111010110100011101110100110011 4
b0000000001111100 N
b10000110110101000111111000001111 Z
b000000000000000000000000000000000000000000000000000000000000000000000000000000000000000000000000000000000000000000000000000000000000000000000000000000000000000000000000000000000000000010100101101001011010010110100101101001011010010111000011110000111100001111000011110000111100001100001000000000000100010100000000000000000101110000000000 [
b10000110110101000111111000001111 ]
b10111010110100011101110100110011 `
b10111010110100011101110100110011 a
1b
1h
#6750001000
#6760000000
0!
0)
0b
0h
#6770000000
1!
1)
b10111010110100011101110100110011 3
b10110101110100001011010111111100 4
b0000000001111101 N
b10111010110100011101110100110011 Z
b000000000000000000000000000000000000000000000000000000000000000000000000000000000000000000000000000000000000000000000000000000000000000000000000000000000000000000000000000000000000000000101001011010010110100101101001011010010110100101110000111100001111000011110000111100001111000011000010000000000001000101000000000000000001011100000000 [
b10111010110100011101110100110011 ]
b10110101110100001011010111111100 `
b10110101110100001011010111111100 a
1b
1h
#6770001000
#6780000000
0!
0)
0b
0h
#6790000000
1!
1)
b10110101110100001011010111111100 3
b00101101011101000010110101111111 4
b0000000001111110 N
b10110101110100001011010111111100 Z
b000000000000000000000000000000000000000000000000000000000000000000000000000000000000000000000000000000000000000000000000000000000000000000000000000000000000000000000000000000000000000000001010010110100101101001011010010110100101101001011100001111000011110000111100001111000011110000110000100000000000010001010000000000000000010111000000 [
b10110101110100001011010111111100 ]
b00101101011101000010110101111111 `
b00101101011101000010110101111111 a
1b
1h
#6790001000
#6800000000
0!
0)
0b
0h
#6810000000
1!
1)
b00101101011101000010110101111111 3
b10010000001110011100100111101111 4
b0000000001111111 N
b00101101011101000010110101111111 Z
b000000000000000000000000000000000000000000000000000000000000000000000000000000000000000000000000000000000000000000000000000000000000000000000000000000000000000000000000000000000000000000000010100101101001011010010110100101101001011010010111000011110000111100001111000011110000111100001100001000000000000100010100000000000000000101110000 [
b00101101011101000010110101111111 ]
b10010000001110011100100111101111 `
b10010000001110011100100111101111 a
1b
1h
#6810001000
#6820000000
0!
0)
0b
0h
#6830000000
1!
1)
b10010000001110011100100111101111 3
b10111111011010101011000011001011 4
b0000000010000000 N
b10010000001110011100100111101111 Z
b000000000000000000000000000000000000000000000000000000000000000000000000000000000000000000000000000000000000000000000000000000000000000000000000000000000000000000000000000000000000000000000000101001011010010110100101101001011010010110100101110000111100001111000011110000111100001111000011000010000000000001000101000000000000000001011100 [
b10010000001110011100100111101111 ]
b10111111011010101011000011001011 `
b10111111011010101011000011001011 a
1b
1h
#6830001000
#6840000000
0!
0)
0b
0h
#6850000000
1!
1)
b10111111011010101011000011001011 3
b10110100101111100110111010000010 4
b0000000010000001 N
b10111111011010101011000011001011 Z
b000000000000000000000000000000000000000000000000000000000000000000000000000000000000000000000000000000000000000000000000000000000000000000000000000000000000000000000000000000000000000000000000001010010110100101101001011010010110100101101001011100001111000011110000111100001111000011110000110000100000000000010001010000000000000000010111 [
b10111111011010101011000011001011 ]
b10110100101111100110111010000010 `
b10110100101111100110111010000010 a
1b
1h
#6850001000
#6860000000
0!
0)
0b
0h
#6870000000
1!
b11 '
1)
b11 /
b10110100101111100110111010000010 3
b01011011111100111101101000110000 4
b11 L
b0000000010000010 N
b10110100101111100110111010000010 Z
b000000000000000000000000000000000000000000000000000000000000000000000000000000000000000000000000000000000000000000000000000000000000000000000000000000000000000000000000000000000000000000000000000010100101101001011010010110100101101001011010010111000011110000111100001111000011110000111100001100001000000000000100010100000000000000000101 [
b10110100101111100110111010000010 ]
b11 _
b01011011111100111101101000110000 `
b01011011111100111101101000110000 a
1b
1h
#6870001000
#6880000000
0!
0)
0b
0h
#6890000000
1!
b01 '
1)
b01 /
b01011011111100111101101000110000 3
b01100000001000001011011100011100 4
b01 L
b0000000010000011 N
b01011011111100111101101000110000 Z
b000000000000000000000000000000000000000000000000000000000000000000000000000000000000000000000000000000000000000000000000000000000000000000000000000000000000000000000000000000000000000000000000000000101001011010010110100101101001011010010110100101110000111100001111000011110000111100001111000011000010000000000001000101000000000000000001 [
b01011011111100111101101000110000 ]
b01 _
b01100000001000001011011100011100 `
b01100000001000001011011100011100 a
1b
1h
#6890001000
#6900000000
0!
0)
0b
0h
#6910000000
1!
1)
b01100000001000001011011100011100 3
b01101110110101000110110001010111 4
b0000000010000100 N
b01100000001000001011011100011100 Z
b000000000000000000000000000000000000000000000000000000000000000000000000000000000000000000000000000000000000000000000000000000000000000000000000000000000000000000000000000000000000000000000000000000001010010110100101101001011010010110100101101001011100001111000011110000111100001111000011110000110000100000000000010001010000000000000000 [
b01100000001000001011011100011100 ]
b01101110110101000110110001010111 `
b01101110110101000110110001010111 a
1b
1h
#6910001000
#6920000000
0!
0)
0b
0h
#6930000000
1!
b00 '
1)
b00 /
b01101110110101000110110001010111 3
b10000000110100011101100110100101 4
b00 L
b0000000010000101 N
b01101110110101000110110001010111 Z
b000000000000000000000000000000000000000000000000000000000000000000000000000000000000000000000000000000000000000000000000000000000000000000000000000000000000000000000000000000000000000000000000000000000010100101101001011010010110100101101001011010010111000011110000111100001111000011110000111100001100001000000000000100010100000000000000 [
b01101110110101000110110001010111 ]
b00 _
b10000000110100011101100110100101 `
b10000000110100011101100110100101 a
1b
1h
#6930001000
#6940000000
0!
0)
0b
0h
#6950000000
1!
1)
b10000000110100011101100110100101 3
b01010110111010000011011111111001 4
b0000000010000110 N
b10000000110100011101100110100101 Z
b000000000000000000000000000000000000000000000000000000000000000000000000000000000000000000000000000000000000000000000000000000000000000000000000000000000000000000000000000000000000000000000000000000000000101001011010010110100101101001011010010110100101110000111100001111000011110000111100001111000011000010000000000001000101000000000000 [
b10000000110100011101100110100101 ]
b01010110111010000011011111111001 `
b01010110111010000011011111111001 a
1b
1h
#6950001000
#6960000000
0!
0)
0b
0h
#6970000000
1!
1)
b01010110111010000011011111111001 3
b01100011011001100100110001101110 4
b0000000010000111 N
b01010110111010000011011111111001 Z
b000000000000000000000000000000000000000000000000000000000000000000000000000000000000000000000000000000000000000000000000000000000000000000000000000000000000000000000000000000000000000000000000000000000000001010010110100101101001011010010110100101101001011100001111000011110000111100001111000011110000110000100000000000010001010000000000 [
b01010110111010000011011111111001 ]
b01100011011001100100110001101110 `
b01100011011001100100110001101110 a
1b
1h
#6970001000
#6980000000
0!
0)
0b
0h
#6990000000
1!
1)
b01100011011001100100110001101110 3
b11110101011000010001000000111011 4
b0000000010001000 N
b01100011011001100100110001101110 Z
b000000000000000000000000000000000000000000000000000000000000000000000000000000000000000000000000000000000000000000000000000000000000000000000000000000000000000000000000000000000000000000000000000000000000000010100101101001011010010110100101101001011010010111000011110000111100001111000011110000111100001100001000000000000100010100000000 [
b01100011011001100100110001101110 ]
b11110101011000010001000000111011 `
b11110101011000010001000000111011 a
1b
1h
#6990001000
#7000000000
0!
0)
0b
0h
#7010000000
1!
1)
b11110101011000010001000000111011 3
b10100110001111001000011010111110 4
b0000000010001001 N
b11110101011000010001000000111011 Z
b000000000000000000000000000000000000000000000000000000000000000000000000000000000000000000000000000000000000000000000000000000000000000000000000000000000000000000000000000000000000000000000000000000000000000000101001011010010110100101101001011010010110100101110000111100001111000011110000111100001111000011000010000000000001000101000000 [
b11110101011000010001000000111011 ]
b10100110001111001000011010111110 `
b10100110001111001000011010111110 a
1b
1h
#7010001000
#7020000000
0!
0)
0b
0h
#7030000000
1!
1)
b10100110001111001000011010111110 3
b11000100001101111010001010001111 4
b0000000010001010 N
b10100110001111001000011010111110 Z
b000000000000000000000000000000000000000000000000000000000000000000000000000000000000000000000000000000000000000000000000000000000000000000000000000000000000000000000000000000000000000000000000000000000000000000001010010110100101101001011010010110100101101001011100001111000011110000111100001111000011110000110000100000000000010001010000 [
b10100110001111001000011010111110 ]
b11000100001101111010001010001111 `
b11000100001101111010001010001111 a
1b
1h
#7030001000
#7040000000
0!
0)
0b
0h
#7050000000
1!
1)
b11000100001101111010001010001111 3
b10101010011010010010101000010011 4
b0000000010001011 N
b11000100001101111010001010001111 Z
b000000000000000000000000000000000000000000000000000000000000000000000000000000000000000000000000000000000000000000000000000000000000000000000000000000000000000000000000000000000000000000000000000000000000000000000010100101101001011010010110100101101001011010010111000011110000111100001111000011110000111100001100001000000000000100010100 [
b11000100001101111010001010001111 ]
b10101010011010010010101000010011 `
b10101010011010010010101000010011 a
1b
1h
#7050001000
#7060000000
0!
0)
0b
0h
#7070000000
1!
1)
b10101010011010010010101000010011 3
b10110001111111101000100000110100 4
b0000000010001100 N
b10101010011010010010101000010011 Z
b000000000000000000000000000000000000000000000000000000000000000000000000000000000000000000000000000000000000000000000000000000000000000000000000000000000000000000000000000000000000000000000000000000000000000000000000101001011010010110100101101001011010010110100101110000111100001111000011110000111100001111000011000010000000000001000101 [
b10101010011010010010101000010011 ]
b10110001111111101000100000110100 `
b10110001111111101000100000110100 a
1b
1h
#7070001000
#7080000000
0!
0)
0b
0h
#7090000000
1!
b01 '
1)
b01 /
b10110001111111101000100000110100 3
b01011010101000111110001110011101 4
b01 L
b0000000010001101 N
b10110001111111101000100000110100 Z
b000000000000000000000000000000000000000000000000000000000000000000000000000000000000000000000000000000000000000000000000000000000000000000000000000000000000000000000000000000000000000000000000000000000000000000000000001010010110100101101001011010010110100101101001011100001111000011110000111100001111000011110000110000100000000000010001 [
b10110001111111101000100000110100 ]
b01 _
b01011010101000111110001110011101 `
b01011010101000111110001110011101 a
1b
1h
#7090001000
#7100000000
0!
0)
0b
0h
#7110000000
1!
1)
b01011010101000111110001110011101 3
b00010110101010001111100011100111 4
b0000000010001110 N
b01011010101000111110001110011101 Z
b000000000000000000000000000000000000000000000000000000000000000000000000000000000000000000000000000000000000000000000000000000000000000000000000000000000000000000000000000000000000000000000000000000000000000000000000000010100101101001011010010110100101101001011010010111000011110000111100001111000011110000111100001100001000000000000100 [
b01011010101000111110001110011101 ]
b00010110101010001111100011100111 `
b00010110101010001111100011100111 a
1b
1h
#7110001000
#7120000000
0!
0)
0b
0h
#7130000000
1!
b00 '
1)
b00 /
b00010110101010001111100011100111 3
b10011110110011101111110010001001 4
b00 L
b0000000010001111 N
b00010110101010001111100011100111 Z
b000000000000000000000000000000000000000000000000000000000000000000000000000000000000000000000000000000000000000000000000000000000000000000000000000000000000000000000000000000000000000000000000000000000000000000000000000000101001011010010110100101101001011010010110100101110000111100001111000011110000111100001111000011000010000000000001 [
b00010110101010001111100011100111 ]
b00 _
b10011110110011101111110010001001 `
b10011110110011101111110010001001 a
1b
1h
#7130001000
#7140000000
0!
0)
0b
0h
#7150000000
1!
b01 '
1)
b01 /
b10011110110011101111110010001001 3
b00100111101100111011111100100010 4
b01 L
b0000000010010000 N
b10011110110011101111110010001001 Z
b000000000000000000000000000000000000000000000000000000000000000000000000000000000000000000000000000000000000000000000000000000000000000000000000000000000000000000000000000000000000000000000000000000000000000000000000000000001010010110100101101001011010010110100101101001011100001111000011110000111100001111000011110000110000100000000000 [
b10011110110011101111110010001001 ]
b01 _
b00100111101100111011111100100010 `
b00100111101100111011111100100010 a
1b
1h
#7150001000
#7160000000
0!
0)
0b
0h
#7170000000
1!
b00 '
1)
b00 /
b00100111101100111011111100100010 3
b11100100010101000110110011101000 4
b00 L
b0000000010010001 N
b00100111101100111011111100100010 Z
b000000000000000000000000000000000000000000000000000000000000000000000000000000000000000000000000000000000000000000000000000000000000000000000000000000000000000000000000000000000000000000000000000000000000000000000000000000000010100101101001011010010110100101101001011010010111000011110000111100001111000011110000111100001100001000000000 [
b00100111101100111011111100100010 ]
b00 _
b11100100010101000110110011101000 `
b11100100010101000110110011101000 a
1b
1h
#7170001000
#7180000000
0!
0)
0b
0h
#7190000000
1!
1)
b11100100010101000110110011101000 3
b00111001000101010001101100111010 4
b0000000010010010 N
b11100100010101000110110011101000 Z
b000000000000000000000000000000000000000000000000000000000000000000000000000000000000000000000000000000000000000000000000000000000000000000000000000000000000000000000000000000000000000000000000000000000000000000000000000000000000101001011010010110100101101001011010010110100101110000111100001111000011110000111100001111000011000010000000 [
b11100100010101000110110011101000 ]
b00111001000101010001101100111010 `
b00111001000101010001101100111010 a
1b
1h
#7190001000
#7200000000
0!
0)
0b
0h
#7210000000
1!
1)
b00111001000101010001101100111010 3
b11100011111111011100010111101110 4
b0000000010010011 N
b00111001000101010001101100111010 Z
b000000000000000000000000000000000000000000000000000000000000000000000000000000000000000000000000000000000000000000000000000000000000000000000000000000000000000000000000000000000000000000000000000000000000000000000000000000000000001010010110100101101001011010010110100101101001011100001111000011110000111100001111000011110000110000100000 [
b00111001000101010001101100111010 ]
b11100011111111011100010111101110 `
b11100011111111011100010111101110 a
1b
1h
#7210001000
#7220000000
0!
0)
0b
0h
#7230000000
1!
1)
b11100011111111011100010111101110 3
b11010101010001111111001001011011 4
b0000000010010100 N
b11100011111111011100010111101110 Z
b000000000000000000000000000000000000000000000000000000000000000000000000000000000000000000000000000000000000000000000000000000000000000000000000000000000000000000000000000000000000000000000000000000000000000000000000000000000000000010100101101001011010010110100101101001011010010111000011110000111100001111000011110000111100001100001000 [
b11100011111111011100010111101110 ]
b11010101010001111111001001011011 `
b11010101010001111111001001011011 a
1b
1h
#7230001000
#7240000000
0!
0)
0b
0h
#7250000000
1!
1)
b11010101010001111111001001011011 3
b10101110001101010011111000100110 4
b0000000010010101 N
b11010101010001111111001001011011 Z
b000000000000000000000000000000000000000000000000000000000000000000000000000000000000000000000000000000000000000000000000000000000000000000000000000000000000000000000000000000000000000000000000000000000000000000000000000000000000000000101001011010010110100101101001011010010110100101110000111100001111000011110000111100001111000011000010 [
b11010101010001111111001001011011 ]
b10101110001101010011111000100110 `
b10101110001101010011111000100110 a
1b
1h
#7250001000
#7260000000
0!
0)
0b
0h
#7270000000
1!
b10 '
1)
b10 /
b10101110001101010011111000100110 3
b00101011100011010100111110001001 4
b10 L
b0000000010010110 N
b10101110001101010011111000100110 Z
b000000000000000000000000000000000000000000000000000000000000000000000000000000000000000000000000000000000000000000000000000000000000000000000000000000000000000000000000000000000000000000000000000000000000000000000000000000000000000000001010010110100101101001011010010110100101101001011100001111000011110000111100001111000011110000110000 [
b10101110001101010011111000100110 ]
b10 _
b00101011100011010100111110001001 `
b00101011100011010100111110001001 a
1b
1h
#7270001000
#7280000000
0!
0)
0b
0h
#7290000000
1!
b00 '
1)
b00 /
b00101011100011010100111110001001 3
b01111100001111110001001001110010 4
b00 L
b0000000010010111 N
b00101011100011010100111110001001 Z
b000000000000000000000000000000000000000000000000000000000000000000000000000000000000000000000000000000000000000000000000000000000000000000000000000000000000000000000000000000000000000000000000000000000000000000000000000000000000000000000010100101101001011010010110100101101001011010010111000011110000111100001111000011110000111100001100 [
b00101011100011010100111110001001 ]
b00 _
b01111100001111110001001001110010 `
b01111100001111110001001001110010 a
1b
1h
#7290001000
#7300000000
0!
0)
0b
0h
#7310000000
1!
1)
b01111100001111110001001001110010 3
b11110010101101110100011110111100 4
b0000000010011000 N
b01111100001111110001001001110010 Z
b000000000000000000000000000000000000000000000000000000000000000000000000000000000000000000000000000000000000000000000000000000000000000000000000000000000000000000000000000000000000000000000000000000000000000000000000000000000000000000000000101001011010010110100101101001011010010110100101110000111100001111000011110000111100001111000011 [
b01111100001111110001001001110010 ]
b11110010101101110100011110111100 `
b11110010101101110100011110111100 a
1b
1h
#7310001000
#7320000000
0!
0)
0b
0h
#7330000000
1!
b11 '
1)
b11 /
b11110010101101110100011110111100 3
b10100111110010010001001101011111 4
b11 L
b0000000010011001 N
b11110010101101110100011110111100 Z
b000000000000000000000000000000000000000000000000000000000000000000000000000000000000000000000000000000000000000000000000000000000000000000000000000000000000000000000000000000000000000000000000000000000000000000000000000000000000000000000000001010010110100101101001011010010110100101101001011100001111000011110000111100001111000011110000 [
b11110010101101110100011110111100 ]
b11 _
b10100111110010010001001101011111 `
b10100111110010010001001101011111 a
1b
1h
#7330001000
#7340000000
0!
0)
0b
0h
#7350000000
1!
b00 '
1)
b00 /
b10100111110010010001001101011111 3
b10110010100101101000011001100111 4
b00 L
b0000000010011010 N
b10100111110010010001001101011111 Z
b000000000000000000000000000000000000000000000000000000000000000000000000000000000000000000000000000000000000000000000000000000000000000000000000000000000000000000000000000000000000000000000000000000000000000000000000000000000000000000000000000010100101101001011010010110100101101001011010010111000011110000111100001111000011110000111100 [
b10100111110010010001001101011111 ]
b00 _
b10110010100101101000011001100111 `
b10110010100101101000011001100111 a
1b
1h
#7350001000
#7360000000
0!
0)
0b
0h
#7370000000
1!
1)
b10110010100101101000011001100111 3
b10110111110000010110001100101001 4
b0000000010011011 N
b10110010100101101000011001100111 Z
b000000000000000000000000000000000000000000000000000000000000000000000000000000000000000000000000000000000000000000000000000000000000000000000000000000000000000000000000000000000000000000000000000000000000000000000000000000000000000000000000000000101001011010010110100101101001011010010110100101110000111100001111000011110000111100001111 [
b10110010100101101000011001100111 ]
b10110111110000010110001100101001 `
b10110111110000010110001100101001 a
1b
1h
#7370001000
#7380000000
0!
0)
0b
0h
#7390000000
1!
b11 '
1)
b11 /
b10110111110000010110001100101001 3
b11000000010010001101101111101010 4
b11 L
b0000000010011100 N
b10110111110000010110001100101001 Z
b000000000000000000000000000000000000000000000000000000000000000000000000000000000000000000000000000000000000000000000000000000000000000000000000000000000000000000000000000000000000000000000000000000000000000000000000000000000000000000000000000000001010010110100101101001011010010110100101101001011100001111000011110000111100001111000011 [
b10110111110000010110001100101001 ]
b11 _
b11000000010010001101101111101010 `
b11000000010010001101101111101010 a
1b
1h
#7390001000
#7400000000
0!
0)
0b
0h
#7410000000
1!
1)
b11000000010010001101101111101010 3
b01000110110011100111011101101010 4
b0000000010011101 N
b11000000010010001101101111101010 Z
b000000000000000000000000000000000000000000000000000000000000000000000000000000000000000000000000000000000000000000000000000000000000000000000000000000000000000000000000000000000000000000000000000000000000000000000000000000000000000000000000000000000010100101101001011010010110100101101001011010010111000011110000111100001111000011110000 [
b11000000010010001101101111101010 ]
b01000110110011100111011101101010 `
b01000110110011100111011101101010 a
1b
1h
#7410001000
#7420000000
0!
0)
0b
0h
#7430000000
1!
b00 '
1)
b00 /
b01000110110011100111011101101010 3
b11111100000010110001111011111010 4
b00 L
b0000000010011110 N
b01000110110011100111011101101010 Z
b000000000000000000000000000000000000000000000000000000000000000000000000000000000000000000000000000000000000000000000000000000000000000000000000000000000000000000000000000000000000000000000000000000000000000000000000000000000000000000000000000000000000101001011010010110100101101001011010010110100101110000111100001111000011110000111100 [
b01000110110011100111011101101010 ]
b00 _
b11111100000010110001111011111010 `
b11111100000010110001111011111010 a
1b
1h
#7430001000
#7440000000
0!
0)
0b
0h
#7450000000
1!
1)
b11111100000010110001111011111010 3
b11010010101110100100010010011110 4
b0000000010011111 N
b11111100000010110001111011111010 Z
b000000000000000000000000000000000000000000000000000000000000000000000000000000000000000000000000000000000000000000000000000000000000000000000000000000000000000000000000000000000000000000000000000000000000000000000000000000000000000000000000000000000000001010010110100101101001011010010110100101101001011100001111000011110000111100001111 [
b11111100000010110001111011111010 ]
b11010010101110100100010010011110 `
b11010010101110100100010010011110 a
1b
1h
#7450001000
#7460000000
0!
0)
0b
0h
#7470000000
1!
b11 '
1)
b11 /
b11010010101110100100010010011110 3
b01000010011100101101000010110111 4
b11 L
b0000000010100000 N
b11010010101110100100010010011110 Z
b000000000000000000000000000000000000000000000000000000000000000000000000000000000000000000000000000000000000000000000000000000000000000000000000000000000000000000000000000000000000000000000000000000000000000000000000000000000000000000000000000000000000000010100101101001011010010110100101101001011010010111000011110000111100001111000011 [
b11010010101110100100010010011110 ]
b11 _
b01000010011100101101000010110111 `
b01000010011100101101000010110111 a
1b
1h
#7470001000
#7480000000
0!
0)
0b
0h
#7490000000
1!
1)
b01000010011100101101000010110111 3
b00010000100111001011010000101101 4
b0000000010100001 N
b01000010011100101101000010110111 Z
b000000000000000000000000000000000000000000000000000000000000000000000000000000000000000000000000000000000000000000000000000000000000000000000000000000000000000000000000000000000000000000000000000000000000000000000000000000000000000000000000000000000000000000101001011010010110100101101001011010010110100101110000111100001111000011110000 [
b01000010011100101101000010110111 ]
b00010000100111001011010000101101 `
b00010000100111001011010000101101 a
1b
1h
#7490001000
#7500000000
0!
0)
0b
0h
#7510000000
1!
b00 '
1)
b00 /
b00010000100111001011010000101101 3
b01110010111110110110110010011011 4
b00 L
b0000000010100010 N
b00010000100111001011010000101101 Z
b000000000000000000000000000000000000000000000000000000000000000000000000000000000000000000000000000000000000000000000000000000000000000000000000000000000000000000000000000000000000000000000000000000000000000000000000000000000000000000000000000000000000000000001010010110100101101001011010010110100101101001011100001111000011110000111100 [
b00010000100111001011010000101101 ]
b00 _
b01110010111110110110110010011011 `
b01110010111110110110110010011011 a
1b
1h
#7510001000
#7520000000
0!
0)
0b
0h
#7530000000
1!
1)
b01110010111110110110110010011011 3
b10000111110110100001100110010110 4
b0000000010100011 N
b01110010111110110110110010011011 Z
b000000000000000000000000000000000000000000000000000000000000000000000000000000000000000000000000000000000000000000000000000000000000000000000000000000000000000000000000000000000000000000000000000000000000000000000000000000000000000000000000000000000000000000000010100101101001011010010110100101101001011010010111000011110000111100001111 [
b01110010111110110110110010011011 ]
b10000111110110100001100110010110 `
b10000111110110100001100110010110 a
1b
1h
#7530001000
#7540000000
0!
0)
0b
0h
#7550000000
1!
b11 '
1)
b11 /
b10000111110110100001100110010110 3
b01010111001010101100011111110101 4
b11 L
b0000000010100100 N
b10000111110110100001100110010110 Z
b000000000000000000000000000000000000000000000000000000000000000000000000000000000000000000000000000000000000000000000000000000000000000000000000000000000000000000000000000000000000000000000000000000000000000000000000000000000000000000000000000000000000000000000000101001011010010110100101101001011010010110100101110000111100001111000011 [
b10000111110110100001100110010110 ]
b11 _
b01010111001010101100011111110101 `
b01010111001010101100011111110101 a
1b
1h
#7550001000
#7560000000
0!
0)
0b
0h
#7570000000
1!
1)
b01010111001010101100011111110101 3
b11111000011100100011001011011101 4
b0000000010100101 N
b01010111001010101100011111110101 Z
b000000000000000000000000000000000000000000000000000000000000000000000000000000000000000000000000000000000000000000000000000000000000000000000000000000000000000000000000000000000000000000000000000000000000000000000000000000000000000000000000000000000000000000000000001010010110100101101001011010010110100101101001011100001111000011110000 [
b01010111001010101100011111110101 ]
b11111000011100100011001011011101 `
b11111000011100100011001011011101 a
1b
1h
#7570001000
#7580000000
0!
0)
0b
0h
#7590000000
1!
b00 '
1)
b00 /
b11111000011100100011001011011101 3
b01001000110000001100110100100111 4
b00 L
b0000000010100110 N
b11111000011100100011001011011101 Z
b000000000000000000000000000000000000000000000000000000000000000000000000000000000000000000000000000000000000000000000000000000000000000000000000000000000000000000000000000000000000000000000000000000000000000000000000000000000000000000000000000000000000000000000000000010100101101001011010010110100101101001011010010111000011110000111100 [
b11111000011100100011001011011101 ]
b00 _
b01001000110000001100110100100111 `
b01001000110000001100110100100111 a
1b
1h
#7590001000
#7600000000
0!
0)
0b
0h
#7610000000
1!
1)
b01001000110000001100110100100111 3
b10001001010101001111000111111001 4
18
b0000000010100111 N
b01001000110000001100110100100111 Z
b000000000000000000000000000000000000000000000000000000000000000000000000000000000000000000000000000000000000000000000000000000000000000000000000000000000000000000000000000000000000000000000000000000000000000000000000000000000000000000000000000000000000000000000000000000101001011010010110100101101001011010010110100101110000111100001111 [
b01001000110000001100110100100111 ]
b10001001010101001111000111111001 `
b10001001010101001111000111111001 a
1b
1h
#7610001000
#7620000000
0!
0)
0b
0h
#7630000000
1!
b11 '
1)
b11 /
b10001001010101001111000111111001 3
b11001111111011011011111101011110 4
08
b11 L
b0000000010101000 N
b10001001010101001111000111111001 Z
b000000000000000000000000000000000000000000000000000000000000000000000000000000000000000000000000000000000000000000000000000000000000000000000000000000000000000000000000000000000000000000000000000000000000000000000000000000000000000000000000000000000000000000000000000000001010010110100101101001011010010110100101101001011100001111000011 [
b10001001010101001111000111111001 ]
b11 _
b11001111111011011011111101011110 `
b11001111111011011011111101011110 a
1b
1h
#7630001000
#7640000000
0!
0)
0b
0h
#7650000000
1!
b01 '
1)
b01 /
b11001111111011011011111101011110 3
b10101000100111111010110101100111 4
b01 L
b0000000010101001 N
b11001111111011011011111101011110 Z
b101001011010010110100101101001011010010110100101110000111100001111000011110000111100001111000011000010000000000001000101000000000000000001011100000000000000000001000000000000000100000000010001000000000000000011000000101010000000000101100100110000001010100000000001011001010100010101100111010001010110011100000000010010000000000000000000 [
b00000000 \
b11001111111011011011111101011110 ]
b01 _
b10101000100111111010110101100111 `
b10101000100111111010110101100111 a
1b
1h
#7650001000
#7660000000
0!
0)
0b
0h
#7670000000
1!
b00 '
1)
b00 /
b10101000100111111010110101100111 3
b10110001010000110010100111101001 4
b00 L
b0000000010101010 N
b10101000100111111010110101100111 Z
b10101000100111111010110101100111 ]
b00 _
b10110001010000110010100111101001 `
b10110001010000110010100111101001 a
1b
1h
#7670001000
#7680000000
0!
0)
0b
0h
#7690000000
1!
1)
b10110001010000110010100111101001 3
b01011010100011001000101111101010 4
b0000000010101011 N
1U
b10110001010000110010100111101001 Z
b10110001010000110010100111101001 ]
b01011010100011001000101111101010 `
b01011010100011001000101111101010 a
1b
1h
1j
#7690001000
#7700000000
0!
0)
0b
0h
#7710000000
1!
1)
b01011010100011001000101111101010 3
b11111011000110111010000111011010 4
b0000000010101100 N
b00000010 V
b01011010100011001000101111101010 Z
b00000001 \
b01011010100011001000101111101010 ]
b11111011000110111010000111011010 `
b11111011000110111010000111011010 a
1b
1h
b00000010 k
b000101 p
b000111 q
b000011 y
b000011 z
#7710001000
#7720000000
0!
0)
0b
0h
#7730000000
1!
b01 '
1)
b01 /
b11111011000110111010000111011010 3
b10100101101000100010101011000110 4
b01 L
b0000000010101101 N
b00000011 V
b11111011000110111010000111011010 Z
b00000000 \
b11111011000110111010000111011010 ]
b01 _
b10100101101000100010101011000110 `
b10100101101000100010101011000110 a
1b
1h
b00000011 k
b000110 p
b000101 q
b000111 r
b000010 y
b000010 z
#7730001000
#7740000000
0!
0)
0b
0h
#7750000000
1!
b00 '
1)
b00 /
b10100101101000100010101011000110 3
b11000100110100000000100110010001 4
b00 L
b0000000010101110 N
b00000100 V
1X
b10100101101000100010101011000110 Z
b10100101101000100010101011000110 ]
b00 _
b11000100110100000000100110010001 `
b11000100110100000000100110010001 a
1b
1h
b00000100 k
1m
b000111 p
b000100 q
b000101 r
b000111 s
b000001 y
b000001 z
#7750001000
#7760000000
0!
0)
0b
0h
#7770000000
1!
1)
b11000100110100000000100110010001 3
b01000111111010000100001111110100 4
b0000000010101111 N
0U
b11111111 V
b11000100110100000000100110010001 Z
b11000100110100000000100110010001 ]
b01000111111010000100001111110100 `
b01000111111010000100001111110100 a
1b
1h
0j
b11111111 k
b001000 p
b001100 q
b000100 r
b000101 s
b000000 y
b000000 z
#7770001000
#7780000000
0!
0)
0b
0h
#7790000000
1!
1)
b01000111111010000100001111110100 3
b00010001111110100001000011111101 4
19
b0000000010110000 N
1W
b01000111111010000100001111110100 Z
b11111111 \
b01000111111010000100001111110100 ]
b00010001111110100001000011111101 `
b00010001111110100001000011111101 a
1b
1h
1l
b001100 r
b000100 s
1w
#7790001000
#7800000000
0!
0)
0b
0h
#7810000000
1!
b11 '
1)
b11 /
b00010001111110100001000011111101 3
b11101001110001100000011100011111 4
b11 L
b0000000010110001 N
b00010001111110100001000011111101 Z
b00111111 \
b00010001111110100001000011111101 ]
b11 _
b11101001110001100000011100011111 `
b11101001110001100000011100011111 a
1b
1h
b001100 s
#7810001000
#7820000000
0!
0)
0b
0h
#7830000000
1!
b01 '
0(
1)
b01 /
00
b11101001110001100000011100011111 3
b11010111110010010000001011100111 4
b01 L
b0000000010110010 N
b00000100011111101000010000111111 Z
b11111111 \
b11101001110001100000011100011111 ]
b01 _
b11010111110010010000001011100111 `
b11010111110010010000001011100111 a
1b
1h
#7830001000
#7840000000
0!
0)
0b
0h
#7850000000
1!
1)
b11010111110010010000001011100111 3
b00000000000000000000000000000000 4
05
b0000000000000000 N
b11010111110010010000001011100111 Z
b11010111110010010000001011100111 ]
0^
b00000000000000000000000000000000 `
b11011000010010101100001110011001 a
1b
1h
#7860000000
0!
0)
0b
0h
#7870000000
1!
1)
b00000000000000000000000000000000 Z
1b
1h
#7880000000
0!
0)
0b
0h
#7890000000
1!
1)
1b
1h
#7900000000
0!
0)
0b
0h
#7910000000
1!
1)
1b
1h
#7920000000
0!
0)
0b
0h
#7930000000
1!
1)
1b
1h
#7940000000
0!
0)
0b
0h
#7950000000
1!
1)
1b
1h
#7960000000
0!
0)
0b
0h
#7970000000
1!
1)
1b
1h
#7980000000
0!
0)
0b
0h
#7990000000
1!
1)
1b
1h
#8000000000
0!
0)
0b
0h
#8010000000
1!
1)
1b
1h
#8020000000
0!
0)
0b
0h
#8030000000
1!
1)
1b
1h
#8040000000
0!
0)
0b
0h
#8050000000
1!
1)
1b
1h
#8060000000
0!
0)
0b
0h
#8070000000
1!
1)
1b
1h
#8080000000
0!
0)
0b
0h
#8090000000
1!
1)
1b
1h
#8100000000
0!
0)
0b
0h
#8110000000
1!
1)
1b
1h
#8120000000
0!
0)
0b
0h
#8130000000
1!
1)
1b
1h
#8140000000
0!
0)
0b
0h
#8150000000
1!
1)
1b
1h
#8160000000
0!
0)
0b
0h
#8170000000
1!
1)
1b
1h
#8180000000
0!
0)
0b
0h
#8190000000
1!
1)
1b
1h
#8200000000
0!
0)
0b
0h
#8210000000
1!
1)
1b
1h
#8220000000
0!
0)
0b
0h
#8230000000
1!
1#
b11011110 $
1)
1+
b11011110 ,
1P
b11011110 Q
1b
1d
b11011110 e
1h
#8240000000
0!
0)
0b
0h
#8250000000
1!
b10101101 $
1)
b10101101 ,
b10101101 Q
b11011110 V
1b
b10101101 e
1h
b11011110 k
b001001 n
b001101 o
b001111 x
b000001 y
b000001 z
#8260000000
0!
0)
0b
0h
#8270000000
1!
b10111110 $
1)
b10111110 ,
b10111110 Q
0X
b11011110 \
1b
b10111110 e
1h
0m
b001010 n
b001111 o
b001101 t
b001110 x
b000010 y
b000010 z
#8280000000
0!
0)
0b
0h
#8290000000
1!
b11101111 $
1%
1)
b11101111 ,
1-
16
b11101111 Q
1b
b11101111 e
1h
b001011 n
b001110 o
b001111 t
b001101 u
b001010 x
b000011 y
b000011 z
#8300000000
0!
0)
0b
0h
#8310000000
1!
0#
0%
1(
1)
0+
0-
10
06
09
0P
0W
1b
0d
1h
0l
b001100 n
b001010 o
b001110 t
b001111 u
0w
b001011 x
b000100 y
b000100 z
#8320000000
0!
0)
0b
0h
#8330000000
1!
b00 '
1)
b00 /
b00 L
b0000000000000001 N
b00 _
b10101110100101101000001000001001 a
1b
1h
b001010 t
b001110 u
#8330001000
#8340000000
0!
0)
0b
0h
#8350000000
1!
1)
b0000000000000010 N
1b
1h
b001010 u
#8350001000
#8360000000
0!
0)
0b
0h
#8370000000
1!
1)
b0000000000000011 N
1b
1h
#8370001000
#8380000000
0!
0)
0b
0h
#8390000000
1!
1)
b0000000000000100 N
1b
1h
#8390001000
#8400000000
0!
0)
0b
0h
#8410000000
1!
1)
b0000000000000101 N
1b
1h
#8410001000
#8420000000
0!
0)
0b
0h
#8430000000
1!
1)
b0000000000000110 N
1b
1h
#8430001000
#8440000000
0!
0)
0b
0h
#8450000000
1!
1)
b0000000000000111 N
1b
1h
#8450001000
#8460000000
0!
0)
0b
0h
#8470000000
1!
1)
b0000000000001000 N
1b
1h
#8470001000
#8480000000
0!
0)
0b
0h
#8490000000
1!
1)
b0000000000001001 N
1b
1h
#8490001000
#8500000000
0!
0)
0b
0h
#8510000000
1!
1)
b0000000000001010 N
1b
1h
#8510001000
#8520000000
0!
0)
0b
0h
#8530000000
1!
1)
b0000000000001011 N
1b
1h
#8530001000
#8540000000
0!
0)
0b
0h
#8550000000
1!
1)
b0000000000001100 N
1b
1h
#8550001000
#8560000000
0!
0)
0b
0h
#8570000000
1!
1)
b0000000000001101 N
1b
1h
#8570001000
#8580000000
0!
0)
0b
0h
#8590000000
1!
1)
b0000000000001110 N
1b
1h
#8590001000
#8600000000
0!
0)
0b
0h
#8610000000
1!
1)
b0000000000001111 N
1b
1h
#8610001000
#8620000000
0!
0)
0b
0h
#8630000000
1!
1)
b0000000000010000 N
1b
1h
#8630001000
#8640000000
0!
0)
0b
0h
#8650000000
1!
1)
b0000000000010001 N
1b
1h
#8650001000
#8660000000
0!
0)
0b
0h
#8670000000
1!
1)
b0000000000010010 N
1b
1h
#8670001000
#8680000000
0!
0)
0b
0h
#8690000000
1!
1)
b0000000000010011 N
1b
1h
#8690001000
#8700000000
0!
0)
0b
0h
#8710000000
1!
1)
b0000000000010100 N
1b
1h
#8710001000
#8720000000
0!
0)
0b
0h
#8730000000
1!
1)
b0000000000010101 N
1b
1h
#8730001000
#8740000000
0!
0)
0b
0h
#8750000000
1!
1)
b0000000000010110 N
1b
1h
#8750001000
#8760000000
0!
0)
0b
0h
#8770000000
1!
1)
b0000000000010111 N
1b
1h
#8770001000
#8780000000
0!
0)
0b
0h
#8790000000
1!
1)
b0000000000011000 N
1b
1h
#8790001000
#8800000000
0!
0)
0b
0h
#8810000000
1!
1)
b0000000000011001 N
1b
1h
#8810001000
#8820000000
0!
0)
0b
0h
#8830000000
1!
1)
b0000000000011010 N
1b
1h
#8830001000
#8840000000
0!
0)
0b
0h
#8850000000
1!
1)
b0000000000011011 N
1b
1h
#8850001000
#8860000000
0!
0)
0b
0h
#8870000000
1!
1)
b0000000000011100 N
1b
1h
#8870001000
#8880000000
0!
0)
0b
0h
#8890000000
1!
1)
b0000000000011101 N
1b
1h
#8890001000
#8900000000
0!
0)
0b
0h
#8910000000
1!
1)
b0000000000011110 N
1b
1h
#8910001000
#8920000000
0!
0)
0b
0h
#8930000000
1!
1)
17
b0000000000011111 N
1b
1h
#8930001000
#8940000000
0!
0)
0b
0h
#8950000000
1!
1)
07
b0000000000100000 N
1b
1h
#8950001000
#8960000000
0!
0)
0b
0h
#8970000000
1!
1)
b10101110100101101000001000001001 4
15
b0000000000100001 N
b001010010110100101101001011010010110100101101001011100001111000011110000111100001111000011110000110000100000000000010001010000000000000000010111000000000000000000010000000000000001000000000100010000000000000000110000001010100000000001011001001100000010101000000000010110010101000101011001110100010101100111000000000100100000000000000000 [
1^
b10101110100101101000001000001001 `
1b
1h
#8970001000
#8980000000
0!
0)
0b
0h
#8990000000
1!
1)
b10101110100101101000001000001001 3
b01011101011110011110000100010010 4
b0000000000100010 N
b10101110100101101000001000001001 Z
b000010100101101001011010010110100101101001011010010111000011110000111100001111000011110000111100001100001000000000000100010100000000000000000101110000000000000000000100000000000000010000000001000100000000000000001100000010101000000000010110010011000000101010000000000101100101010001010110011101000101011001110000000001001000000000000000 [
b10101110100101101000001000001001 ]
b01011101011110011110000100010010 `
b01011101011110011110000100010010 a
1b
1h
#8990001000
#9000000000
0!
0)
0b
0h
#9010000000
1!
1)
b01011101011110011110000100010010 3
b11111010111001101111101101100100 4
b0000000000100011 N
b01011101011110011110000100010010 Z
b000000101001011010010110100101101001011010010110100101110000111100001111000011110000111100001111000011000010000000000001000101000000000000000001011100000000000000000001000000000000000100000000010001000000000000000011000000101010000000000101100100110000001010100000000001011001010100010101100111010001010110011100000000010010000000000000 [
b01011101011110011110000100010010 ]
b11111010111001101111101101100100 `
b11111010111001101111101101100100 a
1b
1h
#9010001000
#9020000000
0!
0)
0b
0h
#9030000000
1!
1)
b11111010111001101111101101100100 3
b00111110101110011011111011011001 4
b0000000000100100 N
b11111010111001101111101101100100 Z
b000000001010010110100101101001011010010110100101101001011100001111000011110000111100001111000011110000110000100000000000010001010000000000000000010111000000000000000000010000000000000001000000000100010000000000000000110000001010100000000001011001001100000010101000000000010110010101000101011001110100010101100111000000000100100000000000 [
b11111010111001101111101101100100 ]
b00111110101110011011111011011001 `
b00111110101110011011111011011001 a
1b
1h
#9030001000
#9040000000
0!
0)
0b
0h
#9050000000
1!
1)
b00111110101110011011111011011001 3
b01111001011100100010111000100110 4
b0000000000100101 N
b00111110101110011011111011011001 Z
b000000000010100101101001011010010110100101101001011010010111000011110000111100001111000011110000111100001100001000000000000100010100000000000000000101110000000000000000000100000000000000010000000001000100000000000000001100000010101000000000010110010011000000101010000000000101100101010001010110011101000101011001110000000001001000000000 [
b00111110101110011011111011011001 ]
b01111001011100100010111000100110 `
b01111001011100100010111000100110 a
1b
1h
#9050001000
#9060000000
0!
0)
0b
0h
#9070000000
1!
1)
b01111001011100100010111000100110 3
b11110011111001000000100010101001 4
b0000000000100110 N
b01111001011100100010111000100110 Z
b000000000000101001011010010110100101101001011010010110100101110000111100001111000011110000111100001111000011000010000000000001000101000000000000000001011100000000000000000001000000000000000100000000010001000000000000000011000000101010000000000101100100110000001010100000000001011001010100010101100111010001010110011100000000010010000000 [
b01111001011100100010111000100110 ]
b11110011111001000000100010101001 `
b11110011111001000000100010101001 a
1b
1h
#9070001000
#9080000000
0!
0)
0b
0h
#9090000000
1!
1)
b11110011111001000000100010101001 3
b01001010001001010100001110111010 4
b0000000000100111 N
b11110011111001000000100010101001 Z
b000000000000001010010110100101101001011010010110100101101001011100001111000011110000111100001111000011110000110000100000000000010001010000000000000000010111000000000000000000010000000000000001000000000100010000000000000000110000001010100000000001011001001100000010101000000000010110010101000101011001110100010101100111000000000100100000 [
b11110011111001000000100010101001 ]
b01001010001001010100001110111010 `
b01001010001001010100001110111010 a
1b
1h
#9090001000
#9100000000
0!
0)
0b
0h
#9110000000
1!
1)
b01001010001001010100001110111010 3
b11111111001100011101001111001110 4
b0000000000101000 N
b01001010001001010100001110111010 Z
b000000000000000010100101101001011010010110100101101001011010010111000011110000111100001111000011110000111100001100001000000000000100010100000000000000000101110000000000000000000100000000000000010000000001000100000000000000001100000010101000000000010110010011000000101010000000000101100101010001010110011101000101011001110000000001001000 [
b01001010001001010100001110111010 ]
b11111111001100011101001111001110 `
b11111111001100011101001111001110 a
1b
1h
#9110001000
#9120000000
0!
0)
0b
0h
#9130000000
1!
1)
b11111111001100011101001111001110 3
b11010010011101001111011111010011 4
b0000000000101001 N
b11111111001100011101001111001110 Z
b000000000000000000101001011010010110100101101001011010010110100101110000111100001111000011110000111100001111000011000010000000000001000101000000000000000001011100000000000000000001000000000000000100000000010001000000000000000011000000101010000000000101100100110000001010100000000001011001010100010101100111010001010110011100000000010010 [
b11111111001100011101001111001110 ]
b11010010011101001111011111010011 `
b11010010011101001111011111010011 a
1b
1h
#9130001000
#9140000000
0!
0)
0b
0h
#9150000000
1!
b10 '
1)
b10 /
b11010010011101001111011111010011 3
b01000010010000010111110001100100 4
b10 L
b0000000000101010 N
b11010010011101001111011111010011 Z
b000000000000000000001010010110100101101001011010010110100101101001011100001111000011110000111100001111000011110000110000100000000000010001010000000000000000010111000000000000000000010000000000000001000000000100010000000000000000110000001010100000000001011001001100000010101000000000010110010101000101011001110100010101100111000000000100 [
b11010010011101001111011111010011 ]
b10 _
b01000010010000010111110001100100 `
b01000010010000010111110001100100 a
1b
1h
#9150001000
#9160000000
0!
0)
0b
0h
#9170000000
1!
b00 '
1)
b00 /
b01000010010000010111110001100100 3
b00010000100100000101111100011001 4
b00 L
b0000000000101011 N
b01000010010000010111110001100100 Z
b000000000000000000000010100101101001011010010110100101101001011010010111000011110000111100001111000011110000111100001100001000000000000100010100000000000000000101110000000000000000000100000000000000010000000001000100000000000000001100000010101000000000010110010011000000101010000000000101100101010001010110011101000101011001110000000001 [
b01000010010000010111110001100100 ]
b00 _
b00010000100100000101111100011001 `
b00010000100100000101111100011001 a
1b
1h
#9170001000
#9180000000
0!
0)
0b
0h
#9190000000
1!
b01 '
1)
b01 /
b00010000100100000101111100011001 3
b00000100001001000001011111000110 4
b01 L
b0000000000101100 N
b00010000100100000101111100011001 Z
b000000000000000000000000101001011010010110100101101001011010010110100101110000111100001111000011110000111100001111000011000010000000000001000101000000000000000001011100000000000000000001000000000000000100000000010001000000000000000011000000101010000000000101100100110000001010100000000001011001010100010101100111010001010110011100000000 [
b00010000100100000101111100011001 ]
b01 _
b00000100001001000001011111000110 `
b00000100001001000001011111000110 a
1b
1h
#9190001000
#9200000000
0!
0)
0b
0h
#9210000000
1!
b00 '
1)
b00 /
b00000100001001000001011111000110 3
b11101100101100011000011011010001 4
b00 L
b0000000000101101 N
b00000100001001000001011111000110 Z
b000000000000000000000000001010010110100101101001011010010110100101101001011100001111000011110000111100001111000011110000110000100000000000010001010000000000000000010111000000000000000000010000000000000001000000000100010000000000000000110000001010100000000001011001001100000010101000000000010110010101000101011001110100010101100111000000 [
b00000100001001000001011111000110 ]
b00 _
b11101100101100011000011011010001 `
b11101100101100011000011011010001 a
1b
1h
#9210001000
#9220000000
0!
0)
0b
0h
#9230000000
1!
1)
b11101100101100011000011011010001 3
b01001101111100000010000000100100 4
b0000000000101110 N
b11101100101100011000011011010001 Z
b000000000000000000000000000010100101101001011010010110100101101001011010010111000011110000111100001111000011110000111100001100001000000000000100010100000000000000000101110000000000000000000100000000000000010000000001000100000000000000001100000010101000000000010110010011000000101010000000000101100101010001010110011101000101011001110000 [
b11101100101100011000011011010001 ]
b01001101111100000010000000100100 `
b01001101111100000010000000100100 a
1b
1h
#9230001000
#9240000000
0!
0)
0b
0h
#9250000000
1!
1)
b01001101111100000010000000100100 3
b00010011011111000000100000001001 4
b0000000000101111 N
b01001101111100000010000000100100 Z
b000000000000000000000000000000101001011010010110100101101001011010010110100101110000111100001111000011110000111100001111000011000010000000000001000101000000000000000001011100000000000000000001000000000000000100000000010001000000000000000011000000101010000000000101100100110000001010100000000001011001010100010101100111010001010110011100 [
b01001101111100000010000000100100 ]
b00010011011111000000100000001001 `
b00010011011111000000100000001001 a
1b
1h
#9250001000
#9260000000
0!
0)
0b
0h
#9270000000
1!
1)
b00010011011111000000100000001001 3
b01110010000000110100001110010010 4
b0000000000110000 N
b00010011011111000000100000001001 Z
b000000000000000000000000000000001010010110100101101001011010010110100101101001011100001111000011110000111100001111000011110000110000100000000000010001010000000000000000010111000000000000000000010000000000000001000000000100010000000000000000110000001010100000000001011001001100000010101000000000010110010101000101011001110100010101100111 [
b00010011011111000000100000001001 ]
b01110010000000110100001110010010 `
b01110010000000110100001110010010 a
1b
1h
#9270001000
#9280000000
0!
0)
0b
0h
#9290000000
1!
b11 '
1)
b11 /
b01110010000000110100001110010010 3
b01101010010111001001000101110100 4
b11 L
b0000000000110001 N
b01110010000000110100001110010010 Z
b000000000000000000000000000000000010100101101001011010010110100101101001011010010111000011110000111100001111000011110000111100001100001000000000000100010100000000000000000101110000000000000000000100000000000000010000000001000100000000000000001100000010101000000000010110010011000000101010000000000101100101010001010110011101000101011001 [
b01110010000000110100001110010010 ]
b11 _
b01101010010111001001000101110100 `
b01101010010111001001000101110100 a
1b
1h
#9290001000
#9300000000
0!
0)
0b
0h
#9310000000
1!
b01 '
1)
b01 /
b01101010010111001001000101110100 3
b01101100010010110110010111001101 4
b01 L
b0000000000110010 N
b01101010010111001001000101110100 Z
b000000000000000000000000000000000000101001011010010110100101101001011010010110100101110000111100001111000011110000111100001111000011000010000000000001000101000000000000000001011100000000000000000001000000000000000100000000010001000000000000000011000000101010000000000101100100110000001010100000000001011001010100010101100111010001010110 [
b01101010010111001001000101110100 ]
b01 _
b01101100010010110110010111001101 `
b01101100010010110110010111001101 a
1b
1h
#9310001000
#9320000000
0!
0)
0b
0h
#9330000000
1!
b10 '
1)
b10 /
b01101100010010110110010111001101 3
b10000000011101100001101111000011 4
b10 L
b0000000000110011 N
b01101100010010110110010111001101 Z
b000000000000000000000000000000000000001010010110100101101001011010010110100101101001011100001111000011110000111100001111000011110000110000100000000000010001010000000000000000010111000000000000000000010000000000000001000000000100010000000000000000110000001010100000000001011001001100000010101000000000010110010101000101011001110100010101 [
b01101100010010110110010111001101 ]
b10 _
b10000000011101100001101111000011 `
b10000000011101100001101111000011 a
1b
1h
#9330001000
#9340000000
0!
0)
0b
0h
#9350000000
1!
b01 '
1)
b01 /
b10000000011101100001101111000011 3
b11001101101001010000010111010000 4
b01 L
b0000000000110100 N
b10000000011101100001101111000011 Z
b000000000000000000000000000000000000000010100101101001011010010110100101101001011010010111000011110000111100001111000011110000111100001100001000000000000100010100000000000000000101110000000000000000000100000000000000010000000001000100000000000000001100000010101000000000010110010011000000101010000000000101100101010001010110011101000101 [
b10000000011101100001101111000011 ]
b01 _
b11001101101001010000010111010000 `
b11001101101001010000010111010000 a
1b
1h
#9350001000
#9360000000
0!
0)
0b
0h
#9370000000
1!
1)
b11001101101001010000010111010000 3
b01000101101101010000000011100100 4
b0000000000110101 N
b11001101101001010000010111010000 Z
b000000000000000000000000000000000000000000101001011010010110100101101001011010010110100101110000111100001111000011110000111100001111000011000010000000000001000101000000000000000001011100000000000000000001000000000000000100000000010001000000000000000011000000101010000000000101100100110000001010100000000001011001010100010101100111010001 [
b11001101101001010000010111010000 ]
b01000101101101010000000011100100 `
b01000101101101010000000011100100 a
1b
1h
#9370001000
#9380000000
0!
0)
0b
0h
#9390000000
1!
1)
b01000101101101010000000011100100 3
b01100111101100010000000110101001 4
b0000000000110110 N
b01000101101101010000000011100100 Z
b000000000000000000000000000000000000000000001010010110100101101001011010010110100101101001011100001111000011110000111100001111000011110000110000100000000000010001010000000000000000010111000000000000000000010000000000000001000000000100010000000000000000110000001010100000000001011001001100000010101000000000010110010101000101011001110100 [
b01000101101101010000000011100100 ]
b01100111101100010000000110101001 `
b01100111101100010000000110101001 a
1b
1h
#9390001000
#9400000000
0!
0)
0b
0h
#9410000000
1!
b00 '
1)
b00 /
b01100111101100010000000110101001 3
b01101111001100000000000111111010 4
b00 L
b0000000000110111 N
b01100111101100010000000110101001 Z
b000000000000000000000000000000000000000000000010100101101001011010010110100101101001011010010111000011110000111100001111000011110000111100001100001000000000000100010100000000000000000101110000000000000000000100000000000000010000000001000100000000000000001100000010101000000000010110010011000000101010000000000101100101010001010110011101 [
b01100111101100010000000110101001 ]
b00 _
b01101111001100000000000111111010 `
b01101111001100000000000111111010 a
1b
1h
#9410001000
#9420000000
0!
0)
0b
0h
#9430000000
1!
b01 '
1)
b01 /
b01101111001100000000000111111010 3
b10000000101010001100001011001110 4
b01 L
b0000000000111000 N
b01101111001100000000000111111010 Z
b000000000000000000000000000000000000000000000000101001011010010110100101101001011010010110100101110000111100001111000011110000111100001111000011000010000000000001000101000000000000000001011100000000000000000001000000000000000100000000010001000000000000000011000000101010000000000101100100110000001010100000000001011001010100010101100111 [
b01101111001100000000000111111010 ]
b01 _
b10000000101010001100001011001110 `
b10000000101010001100001011001110 a
1b
1h
#9430001000
#9440000000
0!
0)
0b
0h
#9450000000
1!
b11 '
1)
b11 /
b10000000101010001100001011001110 3
b01010110111101100111000100100011 4
b11 L
b0000000000111001 N
b10000000101010001100001011001110 Z
b000000000000000000000000000000000000000000000000001010010110100101101001011010010110100101101001011100001111000011110000111100001111000011110000110000100000000000010001010000000000000000010111000000000000000000010000000000000001000000000100010000000000000000110000001010100000000001011001001100000010101000000000010110010101000101011001 [
b10000000101010001100001011001110 ]
b11 _
b01010110111101100111000100100011 `
b01010110111101100111000100100011 a
1b
1h
#9450001000
#9460000000
0!
0)
0b
0h
#9470000000
1!
b01 '
1)
b01 /
b01010110111101100111000100100011 3
b11111000000001010001111101101000 4
b01 L
b0000000000111010 N
b01010110111101100111000100100011 Z
b000000000000000000000000000000000000000000000000000010100101101001011010010110100101101001011010010111000011110000111100001111000011110000111100001100001000000000000100010100000000000000000101110000000000000000000100000000000000010000000001000100000000000000001100000010101000000000010110010011000000101010000000000101100101010001010110 [
b01010110111101100111000100100011 ]
b01 _
b11111000000001010001111101101000 `
b11111000000001010001111101101000 a
1b
1h
#9470001000
#9480000000
0!
0)
0b
0h
#9490000000
1!
b10 '
1)
b10 /
b11111000000001010001111101101000 3
b11010011101110011100010011111010 4
b10 L
b0000000000111011 N
b11111000000001010001111101101000 Z
b000000000000000000000000000000000000000000000000000000101001011010010110100101101001011010010110100101110000111100001111000011110000111100001111000011000010000000000001000101000000000000000001011100000000000000000001000000000000000100000000010001000000000000000011000000101010000000000101100100110000001010100000000001011001010100010101 [
b11111000000001010001111101101000 ]
b10 _
b11010011101110011100010011111010 `
b11010011101110011100010011111010 a
1b
1h
#9490001000
#9500000000
0!
0)
0b
0h
#9510000000
1!
b01 '
1)
b01 /
b11010011101110011100010011111010 3
b10101111100010101011001110001110 4
b01 L
b0000000000111100 N
b11010011101110011100010011111010 Z
b000000000000000000000000000000000000000000000000000000001010010110100101101001011010010110100101101001011100001111000011110000111100001111000011110000110000100000000000010001010000000000000000010111000000000000000000010000000000000001000000000100010000000000000000110000001010100000000001011001001100000010101000000000010110010101000101 [
b11010011101110011100010011111010 ]
b01 _
b10101111100010101011001110001110 `
b10101111100010101011001110001110 a
1b
1h
#9510001000
#9520000000
0!
0)
0b
0h
#9530000000
1!
1)
b10101111100010101011001110001110 3
b10110000100001100110111001010011 4
b0000000000111101 N
b10101111100010101011001110001110 Z
b000000000000000000000000000000000000000000000000000000000010100101101001011010010110100101101001011010010111000011110000111100001111000011110000111100001100001000000000000100010100000000000000000101110000000000000000000100000000000000010000000001000100000000000000001100000010101000000000010110010011000000101010000000000101100101010001 [
b10101111100010101011001110001110 ]
b10110000100001100110111001010011 `
b10110000100001100110111001010011 a
1b
1h
#9530001000
#9540000000
0!
0)
0b
0h
#9550000000
1!
1)
b10110000100001100110111001010011 3
b11000001100110010001100010110100 4
b0000000000111110 N
b10110000100001100110111001010011 Z
b000000000000000000000000000000000000000000000000000000000000101001011010010110100101101001011010010110100101110000111100001111000011110000111100001111000011000010000000000001000101000000000000000001011100000000000000000001000000000000000100000000010001000000000000000011000000101010000000000101100100110000001010100000000001011001010100 [
b10110000100001100110111001010011 ]
b11000001100110010001100010110100 `
b11000001100110010001100010110100 a
1b
1h
#9550001000
#9560000000
0!
0)
0b
0h
#9570000000
1!
b00 '
1)
b00 /
b11000001100110010001100010110100 3
b00110000011001100100011000101101 4
b00 L
b0000000000111111 N
b11000001100110010001100010110100 Z
b000000000000000000000000000000000000000000000000000000000000001010010110100101101001011010010110100101101001011100001111000011110000111100001111000011110000110000100000000000010001010000000000000000010111000000000000000000010000000000000001000000000100010000000000000000110000001010100000000001011001001100000010101000000000010110010101 [
b11000001100110010001100010110100 ]
b00 _
b00110000011001100100011000101101 `
b00110000011001100100011000101101 a
1b
1h
#9570001000
#9580000000
0!
0)
0b
0h
#9590000000
1!
b01 '
1)
b01 /
b00110000011001100100011000101101 3
b00001100000110011001000110001011 4
b01 L
b0000000001000000 N
b00110000011001100100011000101101 Z
b000000000000000000000000000000000000000000000000000000000000000010100101101001011010010110100101101001011010010111000011110000111100001111000011110000111100001100001000000000000100010100000000000000000101110000000000000000000100000000000000010000000001000100000000000000001100000010101000000000010110010011000000101010000000000101100101 [
b00110000011001100100011000101101 ]
b01 _
b00001100000110011001000110001011 `
b00001100000110011001000110001011 a
1b
1h
#9590001000
#9600000000
0!
0)
0b
0h
#9610000000
1!
1)
b00001100000110011001000110001011 3
b11101110101111101110011101000010 4
b0000000001000001 N
b00001100000110011001000110001011 Z
b000000000000000000000000000000000000000000000000000000000000000000101001011010010110100101101001011010010110100101110000111100001111000011110000111100001111000011000010000000000001000101000000000000000001011100000000000000000001000000000000000100000000010001000000000000000011000000101010000000000101100100110000001010100000000001011001 [
b00001100000110011001000110001011 ]
b11101110101111101110011101000010 `
b11101110101111101110011101000010 a
1b
1h
#9610001000
#9620000000
0!
0)
0b
0h
#9630000000
1!
1)
b11101110101111101110011101000010 3
b10100000110010110111101101100000 4
b0000000001000010 N
b11101110101111101110011101000010 Z
b000000000000000000000000000000000000000000000000000000000000000000001010010110100101101001011010010110100101101001011100001111000011110000111100001111000011110000110000100000000000010001010000000000000000010111000000000000000000010000000000000001000000000100010000000000000000110000001010100000000001011001001100000010101000000000010110 [
b11101110101111101110011101000010 ]
b10100000110010110111101101100000 `
b10100000110010110111101101100000 a
1b
1h
#9630001000
#9640000000
0!
0)
0b
0h
#9650000000
1!
b10 '
1)
b10 /
b10100000110010110111101101100000 3
b11000101100010100101110111111000 4
b10 L
b0000000001000011 N
b10100000110010110111101101100000 Z
b000000000000000000000000000000000000000000000000000000000000000000000010100101101001011010010110100101101001011010010111000011110000111100001111000011110000111100001100001000000000000100010100000000000000000101110000000000000000000100000000000000010000000001000100000000000000001100000010101000000000010110010011000000101010000000000101 [
b10100000110010110111101101100000 ]
b10 _
b11000101100010100101110111111000 `
b11000101100010100101110111111000 a
1b
1h
#9650001000
#9660000000
0!
0)
0b
0h
#9670000000
1!
b01 '
1)
b01 /
b11000101100010100101110111111000 3
b01000111101111101101011011101110 4
b01 L
b0000000001000100 N
b11000101100010100101110111111000 Z
b000000000000000000000000000000000000000000000000000000000000000000000000101001011010010110100101101001011010010110100101110000111100001111000011110000111100001111000011000010000000000001000101000000000000000001011100000000000000000001000000000000000100000000010001000000000000000011000000101010000000000101100100110000001010100000000001 [
b11000101100010100101110111111000 ]
b01 _
b01000111101111101101011011101110 `
b01000111101111101101011011101110 a
1b
1h
#9670001000
#9680000000
0!
0)
0b
0h
#9690000000
1!
1)
b01000111101111101101011011101110 3
b10001010100010110111011100001011 4
b0000000001000101 N
b01000111101111101101011011101110 Z
b000000000000000000000000000000000000000000000000000000000000000000000000001010010110100101101001011010010110100101101001011100001111000011110000111100001111000011110000110000100000000000010001010000000000000000010111000000000000000000010000000000000001000000000100010000000000000000110000001010100000000001011001001100000010101000000000 [
b01000111101111101101011011101110 ]
b10001010100010110111011100001011 `
b10001010100010110111011100001011 a
1b
1h
#9690001000
#9700000000
0!
0)
0b
0h
#9710000000
1!
b00 '
1)
b00 /
b10001010100010110111011100001011 3
b10111001110001100001111101110010 4
b00 L
b0000000001000110 N
b10001010100010110111011100001011 Z
b000000000000000000000000000000000000000000000000000000000000000000000000000010100101101001011010010110100101101001011010010111000011110000111100001111000011110000111100001100001000000000000100010100000000000000000101110000000000000000000100000000000000010000000001000100000000000000001100000010101000000000010110010011000000101010000000 [
b10001010100010110111011100001011 ]
b00 _
b10111001110001100001111101110010 `
b10111001110001100001111101110010 a
1b
1h
#9710001000
#9720000000
0!
0)
0b
0h
#9730000000
1!
1)
b10111001110001100001111101110010 3
b11000011110010010000010011111100 4
b0000000001000111 N
b10111001110001100001111101110010 Z
b000000000000000000000000000000000000000000000000000000000000000000000000000000101001011010010110100101101001011010010110100101110000111100001111000011110000111100001111000011000010000000000001000101000000000000000001011100000000000000000001000000000000000100000000010001000000000000000011000000101010000000000101100100110000001010100000 [
b10111001110001100001111101110010 ]
b11000011110010010000010011111100 `
b11000011110010010000010011111100 a
1b
1h
#9730001000
#9740000000
0!
0)
0b
0h
#9750000000
1!
1)
b11000011110010010000010011111100 3
b00110000111100100100000100111111 4
b0000000001001000 N
b11000011110010010000010011111100 Z
b000000000000000000000000000000000000000000000000000000000000000000000000000000001010010110100101101001011010010110100101101001011100001111000011110000111100001111000011110000110000100000000000010001010000000000000000010111000000000000000000010000000000000001000000000100010000000000000000110000001010100000000001011001001100000010101000 [
b11000011110010010000010011111100 ]
b00110000111100100100000100111111 `
b00110000111100100100000100111111 a
1b
1h
#9750001000
#9760000000
0!
0)
0b
0h
#9770000000
1!
1)
b00110000111100100100000100111111 3
b10010111010110000101001011111111 4
b0000000001001001 N
b00110000111100100100000100111111 Z
b000000000000000000000000000000000000000000000000000000000000000000000000000000000010100101101001011010010110100101101001011010010111000011110000111100001111000011110000111100001100001000000000000100010100000000000000000101110000000000000000000100000000000000010000000001000100000000000000001100000010101000000000010110010011000000101010 [
b00110000111100100100000100111111 ]
b10010111010110000101001011111111 `
b10010111010110000101001011111111 a
1b
1h
#9770001000
#9780000000
0!
0)
0b
0h
#9790000000
1!
b10 '
1)
b10 /
b10010111010110000101001011111111 3
b01010011000010100101010100101111 4
b10 L
b0000000001001010 N
b10010111010110000101001011111111 Z
b000000000000000000000000000000000000000000000000000000000000000000000000000000000000101001011010010110100101101001011010010110100101110000111100001111000011110000111100001111000011000010000000000001000101000000000000000001011100000000000000000001000000000000000100000000010001000000000000000011000000101010000000000101100100110000001010 [
b10010111010110000101001011111111 ]
b10 _
b01010011000010100101010100101111 `
b01010011000010100101010100101111 a
1b
1h
#9790001000
#9800000000
0!
0)
0b
0h
#9810000000
1!
1)
b01010011000010100101010100101111 3
b01100010000111101101010011011011 4
b0000000001001011 N
b01010011000010100101010100101111 Z
b000000000000000000000000000000000000000000000000000000000000000000000000000000000000001010010110100101101001011010010110100101101001011100001111000011110000111100001111000011110000110000100000000000010001010000000000000000010111000000000000000000010000000000000001000000000100010000000000000000110000001010100000000001011001001100000010 [
b01010011000010100101010100101111 ]
b01100010000111101101010011011011 `
b01100010000111101101010011011011 a
1b
1h
#9810001000
#9820000000
0!
0)
0b
0h
#9830000000
1!
1)
b01100010000111101101010011011011 3
b01101110010110111111010010100110 4
b0000000001001100 N
b01100010000111101101010011011011 Z
b000000000000000000000000000000000000000000000000000000000000000000000000000000000000000010100101101001011010010110100101101001011010010111000011110000111100001111000011110000111100001100001000000000000100010100000000000000000101110000000000000000000100000000000000010000000001000100000000000000001100000010101000000000010110010011000000 [
b01100010000111101101010011011011 ]
b01101110010110111111010010100110 `
b01101110010110111111010010100110 a
1b
1h
#9830001000
#9840000000
0!
0)
0b
0h
#9850000000
1!
b00 '
1)
b00 /
b01101110010110111111010010100110 3
b11110110001011100111111000001001 4
b00 L
b0000000001001101 N
b01101110010110111111010010100110 Z
b000000000000000000000000000000000000000000000000000000000000000000000000000000000000000000101001011010010110100101101001011010010110100101110000111100001111000011110000111100001111000011000010000000000001000101000000000000000001011100000000000000000001000000000000000100000000010001000000000000000011000000101010000000000101100100110000 [
b01101110010110111111010010100110 ]
b00 _
b11110110001011100111111000001001 `
b11110110001011100111111000001001 a
1b
1h
#9850001000
#9860000000
0!
0)
0b
0h
#9870000000
1!
1)
b11110110001011100111111000001001 3
b01001011010101111101111000010010 4
b0000000001001110 N
b11110110001011100111111000001001 Z
b000000000000000000000000000000000000000000000000000000000000000000000000000000000000000000001010010110100101101001011010010110100101101001011100001111000011110000111100001111000011110000110000100000000000010001010000000000000000010111000000000000000000010000000000000001000000000100010000000000000000110000001010100000000001011001001100 [
b11110110001011100111111000001001 ]
b01001011010101111101111000010010 `
b01001011010101111101111000010010 a
1b
1h
#9870001000
#9880000000
0!
0)
0b
0h
#9890000000
1!
1)
b01001011010101111101111000010010 3
b11111111011011010111010010100100 4
b0000000001001111 N
b01001011010101111101111000010010 Z
b000000000000000000000000000000000000000000000000000000000000000000000000000000000000000000000010100101101001011010010110100101101001011010010111000011110000111100001111000011110000111100001100001000000000000100010100000000000000000101110000000000000000000100000000000000010000000001000100000000000000001100000010101000000000010110010011 [
b01001011010101111101111000010010 ]
b11111111011011010111010010100100 `
b11111111011011010111010010100100 a
1b
1h
#9890001000
#9900000000
0!
0)
0b
0h
#9910000000
1!
b11 '
1)
b11 /
b11111111011011010111010010100100 3
b10100100101111111001111110011001 4
b11 L
b0000000001010000 N
b11111111011011010111010010100100 Z
b000000000000000000000000000000000000000000000000000000000000000000000000000000000000000000000000101001011010010110100101101001011010010110100101110000111100001111000011110000111100001111000011000010000000000001000101000000000000000001011100000000000000000001000000000000000100000000010001000000000000000011000000101010000000000101100100 [
b11111111011011010111010010100100 ]
b11 _
b10100100101111111001111110011001 `
b10100100101111111001111110011001 a
1b
1h
#9910001000
#9920000000
0!
0)
0b
0h
#9930000000
1!
b00 '
1)
b00 /
b10100100101111111001111110011001 3
b01011111111100111010011001110110 4
b00 L
b0000000001010001 N
b10100100101111111001111110011001 Z
b000000000000000000000000000000000000000000000000000000000000000000000000000000000000000000000000001010010110100101101001011010010110100101101001011100001111000011110000111100001111000011110000110000100000000000010001010000000000000000010111000000000000000000010000000000000001000000000100010000000000000000110000001010100000000001011001 [
b10100100101111111001111110011001 ]
b00 _
b01011111111100111010011001110110 `
b01011111111100111010011001110110 a
1b
1h
#9930001000
#9940000000
0!
0)
0b
0h
#9950000000
1!
b01 '
1)
b01 /
b01011111111100111010011001110110 3
b10001100100110000010101100101101 4
b01 L
b0000000001010010 N
b01011111111100111010011001110110 Z
b000000000000000000000000000000000000000000000000000000000000000000000000000000000000000000000000000010100101101001011010010110100101101001011010010111000011110000111100001111000011110000111100001100001000000000000100010100000000000000000101110000000000000000000100000000000000010000000001000100000000000000001100000010101000000000010110 [
b01011111111100111010011001110110 ]
b01 _
b10001100100110000010101100101101 `
b10001100100110000010101100101101 a
1b
1h
#9950001000
#9960000000
0!
0)
0b
0h
#9970000000
1!
b10 '
1)
b10 /
b10001100100110000010101100101101 3
b10111000010000101100100001111011 4
b10 L
b0000000001010011 N
b10001100100110000010101100101101 Z
b000000000000000000000000000000000000000000000000000000000000000000000000000000000000000000000000000000101001011010010110100101101001011010010110100101110000111100001111000011110000111100001111000011000010000000000001000101000000000000000001011100000000000000000001000000000000000100000000010001000000000000000011000000101010000000000101 [
b10001100100110000010101100101101 ]
b10 _
b10111000010000101100100001111011 `
b10111000010000101100100001111011 a
1b
1h
#9970001000
#9980000000
0!
0)
0b
0h
#9990000000
1!
b01 '
1)
b01 /
b10111000010000101100100001111011 3
b11000011101010000011000100111110 4
b01 L
b0000000001010100 N
b10111000010000101100100001111011 Z
b000000000000000000000000000000000000000000000000000000000000000000000000000000000000000000000000000000001010010110100101101001011010010110100101101001011100001111000011110000111100001111000011110000110000100000000000010001010000000000000000010111000000000000000000010000000000000001000000000100010000000000000000110000001010100000000001 [
b10111000010000101100100001111011 ]
b01 _
b11000011101010000011000100111110 `
b11000011101010000011000100111110 a
1b
1h
#9990001000
#10000000000
0!
0)
0b
0h
#10010000000
1!
1)
b11000011101010000011000100111110 3
b10101011100011101100111011111111 4
b0000000001010101 N
b11000011101010000011000100111110 Z
b000000000000000000000000000000000000000000000000000000000000000000000000000000000000000000000000000000000010100101101001011010010110100101101001011010010111000011110000111100001111000011110000111100001100001000000000000100010100000000000000000101110000000000000000000100000000000000010000000001000100000000000000001100000010101000000000 [
b11000011101010000011000100111110 ]
b10101011100011101100111011111111 `
b10101011100011101100111011111111 a
1b
1h
#10010001000
#10020000000
0!
0)
0b
0h
#10030000000
1!
b00 '
1)
b00 /
b10101011100011101100111011111111 3
b10110001100001110111000100001111 4
b00 L
b0000000001010110 N
b10101011100011101100111011111111 Z
b000000000000000000000000000000000000000000000000000000000000000000000000000000000000000000000000000000000000101001011010010110100101101001011010010110100101110000111100001111000011110000111100001111000011000010000000000001000101000000000000000001011100000000000000000001000000000000000100000000010001000000000000000011000000101010000000 [
b10101011100011101100111011111111 ]
b00 _
b10110001100001110111000100001111 `
b10110001100001110111000100001111 a
1b
1h
#10030001000
#10040000000
0!
0)
0b
0h
#10050000000
1!
1)
b10110001100001110111000100001111 3
b10110111000001010001111011110011 4
b0000000001010111 N
b10110001100001110111000100001111 Z
b000000000000000000000000000000000000000000000000000000000000000000000000000000000000000000000000000000000000001010010110100101101001011010010110100101101001011100001111000011110000111100001111000011110000110000100000000000010001010000000000000000010111000000000000000000010000000000000001000000000100010000000000000000110000001010100000 [
b10110001100001110111000100001111 ]
b10110111000001010001111011110011 `
b10110111000001010001111011110011 a
1b
1h
#10050001000
#10060000000
0!
0)
0b
0h
#10070000000
1!
1)
b10110111000001010001111011110011 3
b10110110101001011000010100001100 4
b0000000001011000 N
b10110111000001010001111011110011 Z
b000000000000000000000000000000000000000000000000000000000000000000000000000000000000000000000000000000000000000010100101101001011010010110100101101001011010010111000011110000111100001111000011110000111100001100001000000000000100010100000000000000000101110000000000000000000100000000000000010000000001000100000000000000001100000010101000 [
b10110111000001010001111011110011 ]
b10110110101001011000010100001100 `
b10110110101001011000010100001100 a
1b
1h
#10070001000
#10080000000
0!
0)
0b
0h
#10090000000
1!
1)
b10110110101001011000010100001100 3
b00101101101010010110000101000011 4
b0000000001011001 N
b10110110101001011000010100001100 Z
b000000000000000000000000000000000000000000000000000000000000000000000000000000000000000000000000000000000000000000101001011010010110100101101001011010010110100101110000111100001111000011110000111100001111000011000010000000000001000101000000000000000001011100000000000000000001000000000000000100000000010001000000000000000011000000101010 [
b10110110101001011000010100001100 ]
b00101101101010010110000101000011 `
b00101101101010010110000101000011 a
1b
1h
#10090001000
#10100000000
0!
0)
0b
0h
#10110000000
1!
b10 '
1)
b10 /
b00101101101010010110000101000011 3
b01111101101101100001100111000000 4
b10 L
b0000000001011010 N
b00101101101010010110000101000011 Z
b000000000000000000000000000000000000000000000000000000000000000000000000000000000000000000000000000000000000000000001010010110100101101001011010010110100101101001011100001111000011110000111100001111000011110000110000100000000000010001010000000000000000010111000000000000000000010000000000000001000000000100010000000000000000110000001010 [
b00101101101010010110000101000011 ]
b10 _
b01111101101101100001100111000000 `
b01111101101101100001100111000000 a
1b
1h
#10110001000
#10120000000
0!
0)
0b
0h
#10130000000
1!
1)
b01111101101101100001100111000000 3
b11110010110101010000010101010000 4
b0000000001011011 N
b01111101101101100001100111000000 Z
b000000000000000000000000000000000000000000000000000000000000000000000000000000000000000000000000000000000000000000000010100101101001011010010110100101101001011010010111000011110000111100001111000011110000111100001100001000000000000100010100000000000000000101110000000000000000000100000000000000010000000001000100000000000000001100000010 [
b01111101101101100001100111000000 ]
b11110010110101010000010101010000 `
b11110010110101010000010101010000 a
1b
1h
#10130001000
#10140000000
0!
0)
0b
0h
#10150000000
1!
1)
b11110010110101010000010101010000 3
b11010001000011011100001001110100 4
b0000000001011100 N
b11110010110101010000010101010000 Z
b000000000000000000000000000000000000000000000000000000000000000000000000000000000000000000000000000000000000000000000000101001011010010110100101101001011010010110100101110000111100001111000011110000111100001111000011000010000000000001000101000000000000000001011100000000000000000001000000000000000100000000010001000000000000000011000000 [
b11110010110101010000010101010000 ]
b11010001000011011100001001110100 `
b11010001000011011100001001110100 a
1b
1h
#10150001000
#10160000000
0!
0)
0b
0h
#10170000000
1!
b00 '
1)
b00 /
b11010001000011011100001001110100 3
b00110100010000110111000010011101 4
b00 L
b0000000001011101 N
b11010001000011011100001001110100 Z
b000000000000000000000000000000000000000000000000000000000000000000000000000000000000000000000000000000000000000000000000001010010110100101101001011010010110100101101001011100001111000011110000111100001111000011110000110000100000000000010001010000000000000000010111000000000000000000010000000000000001000000000100010000000000000000110000 [
b11010001000011011100001001110100 ]
b00 _
b00110100010000110111000010011101 `
b00110100010000110111000010011101 a
1b
1h
#10170001000
#10180000000
0!
0)
0b
0h
#10190000000
1!
1)
b00110100010000110111000010011101 3
b01111011110011001001110110110111 4
b0000000001011110 N
b00110100010000110111000010011101 Z
b000000000000000000000000000000000000000000000000000000000000000000000000000000000000000000000000000000000000000000000000000010100101101001011010010110100101101001011010010111000011110000111100001111000011110000111100001100001000000000000100010100000000000000000101110000000000000000000100000000000000010000000001000100000000000000001100 [
b00110100010000110111000010011101 ]
b01111011110011001001110110110111 `
b01111011110011001001110110110111 a
1b
1h
#10190001000
#10200000000
0!
0)
0b
0h
#10210000000
1!
1)
b01111011110011001001110110110111 3
b10000101100101111110010111011101 4
b0000000001011111 N
b01111011110011001001110110110111 Z
b000000000000000000000000000000000000000000000000000000000000000000000000000000000000000000000000000000000000000000000000000000101001011010010110100101101001011010010110100101110000111100001111000011110000111100001111000011000010000000000001000101000000000000000001011100000000000000000001000000000000000100000000010001000000000000000011 [
b01111011110011001001110110110111 ]
b10000101100101111110010111011101 `
b10000101100101111110010111011101 a
1b
1h
#10210001000
#10220000000
0!
0)
0b
0h
#10230000000
1!
b11 '
1)
b11 /
b10000101100101111110010111011101 3
b11001100110111010111101001010111 4
b11 L
b0000000001100000 N
b10000101100101111110010111011101 Z
b000000000000000000000000000000000000000000000000000000000000000000000000000000000000000000000000000000000000000000000000000000001010010110100101101001011010010110100101101001011100001111000011110000111100001111000011110000110000100000000000010001010000000000000000010111000000000000000000010000000000000001000000000100010000000000000000 [
b10000101100101111110010111011101 ]
b11 _
b11001100110111010111101001010111 `
b11001100110111010111101001010111 a
1b
1h
#10230001000
#10240000000
0!
0)
0b
0h
#10250000000
1!
b00 '
1)
b00 /
b11001100110111010111101001010111 3
b10101000010100111001110000100101 4
b00 L
b0000000001100001 N
b11001100110111010111101001010111 Z
b000000000000000000000000000000000000000000000000000000000000000000000000000000000000000000000000000000000000000000000000000000000010100101101001011010010110100101101001011010010111000011110000111100001111000011110000111100001100001000000000000100010100000000000000000101110000000000000000000100000000000000010000000001000100000000000000 [
b11001100110111010111101001010111 ]
b00 _
b10101000010100111001110000100101 `
b10101000010100111001110000100101 a
1b
1h
#10250001000
#10260000000
0!
0)
0b
0h
#10270000000
1!
1)
b10101000010100111001110000100101 3
b01011100110010001010011010011001 4
b0000000001100010 N
b10101000010100111001110000100101 Z
b000000000000000000000000000000000000000000000000000000000000000000000000000000000000000000000000000000000000000000000000000000000000101001011010010110100101101001011010010110100101110000111100001111000011110000111100001111000011000010000000000001000101000000000000000001011100000000000000000001000000000000000100000000010001000000000000 [
b10101000010100111001110000100101 ]
b01011100110010001010011010011001 `
b01011100110010001010011010011001 a
1b
1h
#10270001000
#10280000000
0!
0)
0b
0h
#10290000000
1!
1)
b01011100110010001010011010011001 3
b01100001111011100110100000110110 4
b0000000001100011 N
b01011100110010001010011010011001 Z
b000000000000000000000000000000000000000000000000000000000000000000000000000000000000000000000000000000000000000000000000000000000000001010010110100101101001011010010110100101101001011100001111000011110000111100001111000011110000110000100000000000010001010000000000000000010111000000000000000000010000000000000001000000000100010000000000 [
b01011100110010001010011010011001 ]
b01100001111011100110100000110110 `
b01100001111011100110100000110110 a
1b
1h
#10290001000
#10300000000
0!
0)
0b
0h
#10310000000
1!
1)
b01100001111011100110100000110110 3
b11110101110000110001100100101101 4
b0000000001100100 N
b01100001111011100110100000110110 Z
b000000000000000000000000000000000000000000000000000000000000000000000000000000000000000000000000000000000000000000000000000000000000000010100101101001011010010110100101101001011010010111000011110000111100001111000011110000111100001100001000000000000100010100000000000000000101110000000000000000000100000000000000010000000001000100000000 [
b01100001111011100110100000110110 ]
b11110101110000110001100100101101 `
b11110101110000110001100100101101 a
1b
1h
#10310001000
#10320000000
0!
0)
0b
0h
#10330000000
1!
1)
b11110101110000110001100100101101 3
b01001011101011001000011111011011 4
b0000000001100101 N
b11110101110000110001100100101101 Z
b000000000000000000000000000000000000000000000000000000000000000000000000000000000000000000000000000000000000000000000000000000000000000000101001011010010110100101101001011010010110100101110000111100001111000011110000111100001111000011000010000000000001000101000000000000000001011100000000000000000001000000000000000100000000010001000000 [
b11110101110000110001100100101101 ]
b01001011101011001000011111011011 `
b01001011101011001000011111011011 a
1b
1h
#10330001000
#10340000000
0!
0)
0b
0h
#10350000000
1!
1)
b01001011101011001000011111011011 3
b10001001100011111110001101000110 4
b0000000001100110 N
b01001011101011001000011111011011 Z
b000000000000000000000000000000000000000000000000000000000000000000000000000000000000000000000000000000000000000000000000000000000000000000001010010110100101101001011010010110100101101001011100001111000011110000111100001111000011110000110000100000000000010001010000000000000000010111000000000000000000010000000000000001000000000100010000 [
b01001011101011001000011111011011 ]
b10001001100011111110001101000110 `
b10001001100011111110001101000110 a
1b
1h
#10350001000
#10360000000
0!
0)
0b
0h
#10370000000
1!
1)
b10001001100011111110001101000110 3
b11001111110110110111101111110001 4
b0000000001100111 N
b10001001100011111110001101000110 Z
b000000000000000000000000000000000000000000000000000000000000000000000000000000000000000000000000000000000000000000000000000000000000000000000010100101101001011010010110100101101001011010010111000011110000111100001111000011110000111100001100001000000000000100010100000000000000000101110000000000000000000100000000000000010000000001000100 [
b10001001100011111110001101000110 ]
b11001111110110110111101111110001 `
b11001111110110110111101111110001 a
1b
1h
#10370001000
#10380000000
0!
0)
0b
0h
#10390000000
1!
1)
b11001111110110110111101111110001 3
b01000101001010101001111101101100 4
b0000000001101000 N
b11001111110110110111101111110001 Z
b000000000000000000000000000000000000000000000000000000000000000000000000000000000000000000000000000000000000000000000000000000000000000000000000101001011010010110100101101001011010010110100101110000111100001111000011110000111100001111000011000010000000000001000101000000000000000001011100000000000000000001000000000000000100000000010001 [
b11001111110110110111101111110001 ]
b01000101001010101001111101101100 `
b01000101001010101001111101101100 a
1b
1h
#10390001000
#10400000000
0!
0)
0b
0h
#10410000000
1!
b01 '
1)
b01 /
b01000101001010101001111101101100 3
b01100111100101101110011001001011 4
b01 L
b0000000001101001 N
b01000101001010101001111101101100 Z
b000000000000000000000000000000000000000000000000000000000000000000000000000000000000000000000000000000000000000000000000000000000000000000000000001010010110100101101001011010010110100101101001011100001111000011110000111100001111000011110000110000100000000000010001010000000000000000010111000000000000000000010000000000000001000000000100 [
b01000101001010101001111101101100 ]
b01 _
b01100111100101101110011001001011 `
b01100111100101101110011001001011 a
1b
1h
#10410001000
#10420000000
0!
0)
0b
0h
#10430000000
1!
b00 '
1)
b00 /
b01100111100101101110011001001011 3
b10000010100000010111101100100010 4
b00 L
b0000000001101010 N
b01100111100101101110011001001011 Z
b000000000000000000000000000000000000000000000000000000000000000000000000000000000000000000000000000000000000000000000000000000000000000000000000000010100101101001011010010110100101101001011010010111000011110000111100001111000011110000111100001100001000000000000100010100000000000000000101110000000000000000000100000000000000010000000001 [
b01100111100101101110011001001011 ]
b00 _
b10000010100000010111101100100010 `
b10000010100000010111101100100010 a
1b
1h
#10430001000
#10440000000
0!
0)
0b
0h
#10450000000
1!
b01 '
1)
b01 /
b10000010100000010111101100100010 3
b10111011110001001001110001111000 4
b01 L
b0000000001101011 N
b10000010100000010111101100100010 Z
b000000000000000000000000000000000000000000000000000000000000000000000000000000000000000000000000000000000000000000000000000000000000000000000000000000101001011010010110100101101001011010010110100101110000111100001111000011110000111100001111000011000010000000000001000101000000000000000001011100000000000000000001000000000000000100000000 [
b10000010100000010111101100100010 ]
b01 _
b10111011110001001001110001111000 `
b10111011110001001001110001111000 a
1b
1h
#10450001000
#10460000000
0!
0)
0b
0h
#10470000000
1!
b00 '
1)
b00 /
b10111011110001001001110001111000 3
b00101110111100010010011100011110 4
b00 L
b0000000001101100 N
b10111011110001001001110001111000 Z
b000000000000000000000000000000000000000000000000000000000000000000000000000000000000000000000000000000000000000000000000000000000000000000000000000000001010010110100101101001011010010110100101101001011100001111000011110000111100001111000011110000110000100000000000010001010000000000000000010111000000000000000000010000000000000001000000 [
b10111011110001001001110001111000 ]
b00 _
b00101110111100010010011100011110 `
b00101110111100010010011100011110 a
1b
1h
#10470001000
#10480000000
0!
0)
0b
0h
#10490000000
1!
1)
b00101110111100010010011100011110 3
b11100110000001001100101011100111 4
b0000000001101101 N
b00101110111100010010011100011110 Z
b000000000000000000000000000000000000000000000000000000000000000000000000000000000000000000000000000000000000000000000000000000000000000000000000000000000010100101101001011010010110100101101001011010010111000011110000111100001111000011110000111100001100001000000000000100010100000000000000000101110000000000000000000100000000000000010000 [
b00101110111100010010011100011110 ]
b11100110000001001100101011100111 `
b11100110000001001100101011100111 a
1b
1h
#10490001000
#10500000000
0!
0)
0b
0h
#10510000000
1!
1)
b11100110000001001100101011100111 3
b10100010111001011111000000001001 4
b0000000001101110 N
b11100110000001001100101011100111 Z
b000000000000000000000000000000000000000000000000000000000000000000000000000000000000000000000000000000000000000000000000000000000000000000000000000000000000101001011010010110100101101001011010010110100101110000111100001111000011110000111100001111000011000010000000000001000101000000000000000001011100000000000000000001000000000000000100 [
b11100110000001001100101011100111 ]
b10100010111001011111000000001001 `
b10100010111001011111000000001001 a
1b
1h
#10510001000
#10520000000
0!
0)
0b
0h
#10530000000
1!
1)
b10100010111001011111000000001001 3
b01011110011001010011110110010010 4
b0000000001101111 N
b10100010111001011111000000001001 Z
b000000000000000000000000000000000000000000000000000000000000000000000000000000000000000000000000000000000000000000000000000000000000000000000000000000000000001010010110100101101001011010010110100101101001011100001111000011110000111100001111000011110000110000100000000000010001010000000000000000010111000000000000000000010000000000000001 [
b10100010111001011111000000001001 ]
b01011110011001010011110110010010 `
b01011110011001010011110110010010 a
1b
1h
#10530001000
#10540000000
0!
0)
0b
0h
#10550000000
1!
b01 '
1)
b01 /
b01011110011001010011110110010010 3
b10001100111111011000110111010100 4
b01 L
b0000000001110000 N
b01011110011001010011110110010010 Z
b000000000000000000000000000000000000000000000000000000000000000000000000000000000000000000000000000000000000000000000000000000000000000000000000000000000000000010100101101001011010010110100101101001011010010111000011110000111100001111000011110000111100001100001000000000000100010100000000000000000101110000000000000000000100000000000000 [
b01011110011001010011110110010010 ]
b01 _
b10001100111111011000110111010100 `
b10001100111111011000110111010100 a
1b
1h
#10550001000
#10560000000
0!
0)
0b
0h
#10570000000
1!
b00 '
1)
b00 /
b10001100111111011000110111010100 3
b00100011001111110110001101110101 4
b00 L
b0000000001110001 N
b10001100111111011000110111010100 Z
b000000000000000000000000000000000000000000000000000000000000000000000000000000000000000000000000000000000000000000000000000000000000000000000000000000000000000000101001011010010110100101101001011010010110100101110000111100001111000011110000111100001111000011000010000000000001000101000000000000000001011100000000000000000001000000000000 [
b10001100111111011000110111010100 ]
b00 _
b00100011001111110110001101110101 `
b00100011001111110110001101110101 a
1b
1h
#10570001000
#10580000000
0!
0)
0b
0h
#10590000000
1!
1)
b00100011001111110110001101110101 3
b01111110000100111001100101001101 4
b0000000001110010 N
b00100011001111110110001101110101 Z
b000000000000000000000000000000000000000000000000000000000000000000000000000000000000000000000000000000000000000000000000000000000000000000000000000000000000000000001010010110100101101001011010010110100101101001011100001111000011110000111100001111000011110000110000100000000000010001010000000000000000010111000000000000000000010000000000 [
b00100011001111110110001101110101 ]
b01111110000100111001100101001101 `
b01111110000100111001100101001101 a
1b
1h
#10590001000
#10600000000
0!
0)
0b
0h
#10610000000
1!
1)
b01111110000100111001100101001101 3
b01101001010110001010011111000011 4
b0000000001110011 N
b01111110000100111001100101001101 Z
b000000000000000000000000000000000000000000000000000000000000000000000000000000000000000000000000000000000000000000000000000000000000000000000000000000000000000000000010100101101001011010010110100101101001011010010111000011110000111100001111000011110000111100001100001000000000000100010100000000000000000101110000000000000000000100000000 [
b01111110000100111001100101001101 ]
b01101001010110001010011111000011 `
b01101001010110001010011111000011 a
1b
1h
#10610001000
#10620000000
0!
0)
0b
0h
#10630000000
1!
1)
b01101001010110001010011111000011 3
b10000001001100101110101101000000 4
b0000000001110100 N
b01101001010110001010011111000011 Z
b000000000000000000000000000000000000000000000000000000000000000000000000000000000000000000000000000000000000000000000000000000000000000000000000000000000000000000000000101001011010010110100101101001011010010110100101110000111100001111000011110000111100001111000011000010000000000001000101000000000000000001011100000000000000000001000000 [
b01101001010110001010011111000011 ]
b10000001001100101110101101000000 `
b10000001001100101110101101000000 a
1b
1h
#10630001000
#10640000000
0!
0)
0b
0h
#10650000000
1!
1)
b10000001001100101110101101000000 3
b00100000010011001011101011010000 4
b0000000001110101 N
b10000001001100101110101101000000 Z
b000000000000000000000000000000000000000000000000000000000000000000000000000000000000000000000000000000000000000000000000000000000000000000000000000000000000000000000000001010010110100101101001011010010110100101101001011100001111000011110000111100001111000011110000110000100000000000010001010000000000000000010111000000000000000000010000 [
b10000001001100101110101101000000 ]
b00100000010011001011101011010000 `
b00100000010011001011101011010000 a
1b
1h
#10650001000
#10660000000
0!
0)
0b
0h
#10670000000
1!
1)
b00100000010011001011101011010000 3
b00001000000100110010111010110100 4
b0000000001110110 N
b00100000010011001011101011010000 Z
b000000000000000000000000000000000000000000000000000000000000000000000000000000000000000000000000000000000000000000000000000000000000000000000000000000000000000000000000000010100101101001011010010110100101101001011010010111000011110000111100001111000011110000111100001100001000000000000100010100000000000000000101110000000000000000000100 [
b00100000010011001011101011010000 ]
b00001000000100110010111010110100 `
b00001000000100110010111010110100 a
1b
1h
#10670001000
#10680000000
0!
0)
0b
0h
#10690000000
1!
1)
b00001000000100110010111010110100 3
b00000010000001001100101110101101 4
b0000000001110111 N
b00001000000100110010111010110100 Z
b000000000000000000000000000000000000000000000000000000000000000000000000000000000000000000000000000000000000000000000000000000000000000000000000000000000000000000000000000000101001011010010110100101101001011010010110100101110000111100001111000011110000111100001111000011000010000000000001000101000000000000000001011100000000000000000001 [
b00001000000100110010111010110100 ]
b00000010000001001100101110101101 `
b00000010000001001100101110101101 a
1b
1h
#10690001000
#10700000000
0!
0)
0b
0h
#10710000000
1!
b01 '
1)
b01 /
b00000010000001001100101110101101 3
b00000000100000010011001011101011 4
b01 L
b0000000001111000 N
b00000010000001001100101110101101 Z
b000000000000000000000000000000000000000000000000000000000000000000000000000000000000000000000000000000000000000000000000000000000000000000000000000000000000000000000000000000001010010110100101101001011010010110100101101001011100001111000011110000111100001111000011110000110000100000000000010001010000000000000000010111000000000000000000 [
b00000010000001001100101110101101 ]
b01 _
b00000000100000010011001011101011 `
b00000000100000010011001011101011 a
1b
1h
#10710001000
#10720000000
0!
0)
0b
0h
#10730000000
1!
b00 '
1)
b00 /
b00000000100000010011001011101011 3
b10011011010001001000111000001010 4
b00 L
b0000000001111001 N
b00000000100000010011001011101011 Z
b000000000000000000000000000000000000000000000000000000000000000000000000000000000000000000000000000000000000000000000000000000000000000000000000000000000000000000000000000000000010100101101001011010010110100101101001011010010111000011110000111100001111000011110000111100001100001000000000000100010100000000000000000101110000000000000000 [
b00000000100000010011001011101011 ]
b00 _
b10011011010001001000111000001010 `
b10011011010001001000111000001010 a
1b
1h
#10730001000
#10740000000
0!
0)
0b
0h
#10750000000
1!
1)
b10011011010001001000111000001010 3
b11001011011010011010000010100010 4
b0000000001111010 N
b10011011010001001000111000001010 Z
b000000000000000000000000000000000000000000000000000000000000000000000000000000000000000000000000000000000000000000000000000000000000000000000000000000000000000000000000000000000000101001011010010110100101101001011010010110100101110000111100001111000011110000111100001111000011000010000000000001000101000000000000000001011100000000000000 [
b10011011010001001000111000001010 ]
b11001011011010011010000010100010 `
b11001011011010011010000010100010 a
1b
1h
#10750001000
#10760000000
0!
0)
0b
0h
#10770000000
1!
1)
b11001011011010011010000010100010 3
b11011111011000101110101100001000 4
b0000000001111011 N
b11001011011010011010000010100010 Z
b000000000000000000000000000000000000000000000000000000000000000000000000000000000000000000000000000000000000000000000000000000000000000000000000000000000000000000000000000000000000001010010110100101101001011010010110100101101001011100001111000011110000111100001111000011110000110000100000000000010001010000000000000000010111000000000000 [
b11001011011010011010000010100010 ]
b11011111011000101110101100001000 `
b11011111011000101110101100001000 a
1b
1h
#10770001000
#10780000000
0!
0)
0b
0h
#10790000000
1!
1)
b11011111011000101110101100001000 3
b00110111110110001011101011000010 4
b0000000001111100 N
b11011111011000101110101100001000 Z
b000000000000000000000000000000000000000000000000000000000000000000000000000000000000000000000000000000000000000000000000000000000000000000000000000000000000000000000000000000000000000010100101101001011010010110100101101001011010010111000011110000111100001111000011110000111100001100001000000000000100010100000000000000000101110000000000 [
b11011111011000101110101100001000 ]
b00110111110110001011101011000010 `
b00110111110110001011101011000010 a
1b
1h
#10790001000
#10800000000
0!
0)
0b
0h
#10810000000
1!
1)
b00110111110110001011101011000010 3
b11100000010011101010110110010000 4
b0000000001111101 N
b00110111110110001011101011000010 Z
b000000000000000000000000000000000000000000000000000000000000000000000000000000000000000000000000000000000000000000000000000000000000000000000000000000000000000000000000000000000000000000101001011010010110100101101001011010010110100101110000111100001111000011110000111100001111000011000010000000000001000101000000000000000001011100000000 [
b00110111110110001011101011000010 ]
b11100000010011101010110110010000 `
b11100000010011101010110110010000 a
1b
1h
#10810001000
#10820000000
0!
0)
0b
0h
#10830000000
1!
1)
b11100000010011101010110110010000 3
b00111000000100111010101101100100 4
b0000000001111110 N
b11100000010011101010110110010000 Z
b000000000000000000000000000000000000000000000000000000000000000000000000000000000000000000000000000000000000000000000000000000000000000000000000000000000000000000000000000000000000000000001010010110100101101001011010010110100101101001011100001111000011110000111100001111000011110000110000100000000000010001010000000000000000010111000000 [
b11100000010011101010110110010000 ]
b00111000000100111010101101100100 `
b00111000000100111010101101100100 a
1b
1h
#10830001000
#10840000000
0!
0)
0b
0h
#10850000000
1!
1)
b00111000000100111010101101100100 3
b00001110000001001110101011011001 4
b0000000001111111 N
b00111000000100111010101101100100 Z
b000000000000000000000000000000000000000000000000000000000000000000000000000000000000000000000000000000000000000000000000000000000000000000000000000000000000000000000000000000000000000000000010100101101001011010010110100101101001011010010111000011110000111100001111000011110000111100001100001000000000000100010100000000000000000101110000 [
b00111000000100111010101101100100 ]
b00001110000001001110101011011001 `
b00001110000001001110101011011001 a
1b
1h
#10850001000
#10860000000
0!
0)
0b
0h
#10870000000
1!
1)
b00001110000001001110101011011001 3
b01110101010111010111101100100110 4
b0000000010000000 N
b00001110000001001110101011011001 Z
b000000000000000000000000000000000000000000000000000000000000000000000000000000000000000000000000000000000000000000000000000000000000000000000000000000000000000000000000000000000000000000000000101001011010010110100101101001011010010110100101110000111100001111000011110000111100001111000011000010000000000001000101000000000000000001011100 [
b00001110000001001110101011011001 ]
b01110101010111010111101100100110 `
b01110101010111010111101100100110 a
1b
1h
#10870001000
#10880000000
0!
0)
0b
0h
#10890000000
1!
1)
b01110101010111010111101100100110 3
b11110000111011111101110111101001 4
b0000000010000001 N
b01110101010111010111101100100110 Z
b000000000000000000000000000000000000000000000000000000000000000000000000000000000000000000000000000000000000000000000000000000000000000000000000000000000000000000000000000000000000000000000000001010010110100101101001011010010110100101101001011100001111000011110000111100001111000011110000110000100000000000010001010000000000000000010111 [
b01110101010111010111101100100110 ]
b11110000111011111101110111101001 `
b11110000111011111101110111101001 a
1b
1h
#10890001000
#10900000000
0!
0)
0b
0h
#10910000000
1!
b11 '
1)
b11 /
b11110000111011111101110111101001 3
b11010001100000110111010001011010 4
b11 L
b0000000010000010 N
b11110000111011111101110111101001 Z
b000000000000000000000000000000000000000000000000000000000000000000000000000000000000000000000000000000000000000000000000000000000000000000000000000000000000000000000000000000000000000000000000000010100101101001011010010110100101101001011010010111000011110000111100001111000011110000111100001100001000000000000100010100000000000000000101 [
b11110000111011111101110111101001 ]
b11 _
b11010001100000110111010001011010 `
b11010001100000110111010001011010 a
1b
1h
#10910001000
#10920000000
0!
0)
0b
0h
#10930000000
1!
b01 '
1)
b01 /
b11010001100000110111010001011010 3
b10101111000001000001111110100110 4
b01 L
b0000000010000011 N
b11010001100000110111010001011010 Z
b000000000000000000000000000000000000000000000000000000000000000000000000000000000000000000000000000000000000000000000000000000000000000000000000000000000000000000000000000000000000000000000000000000101001011010010110100101101001011010010110100101110000111100001111000011110000111100001111000011000010000000000001000101000000000000000001 [
b11010001100000110111010001011010 ]
b01 _
b10101111000001000001111110100110 `
b10101111000001000001111110100110 a
1b
1h
#10930001000
#10940000000
0!
0)
0b
0h
#10950000000
1!
1)
b10101111000001000001111110100110 3
b10110000101001011100010101011001 4
b0000000010000100 N
b10101111000001000001111110100110 Z
b000000000000000000000000000000000000000000000000000000000000000000000000000000000000000000000000000000000000000000000000000000000000000000000000000000000000000000000000000000000000000000000000000000001010010110100101101001011010010110100101101001011100001111000011110000111100001111000011110000110000100000000000010001010000000000000000 [
b10101111000001000001111110100110 ]
b10110000101001011100010101011001 `
b10110000101001011100010101011001 a
1b
1h
#10950001000
#10960000000
0!
0)
0b
0h
#10970000000
1!
b00 '
1)
b00 /
b10110000101001011100010101011001 3
b01011010111101010011000011000110 4
b00 L
b0000000010000101 N
b10110000101001011100010101011001 Z
b000000000000000000000000000000000000000000000000000000000000000000000000000000000000000000000000000000000000000000000000000000000000000000000000000000000000000000000000000000000000000000000000000000000010100101101001011010010110100101101001011010010111000011110000111100001111000011110000111100001100001000000000000100010100000000000000 [
b10110000101001011100010101011001 ]
b00 _
b01011010111101010011000011000110 `
b01011010111101010011000011000110 a
1b
1h
#10970001000
#10980000000
0!
0)
0b
0h
#10990000000
1!
1)
b01011010111101010011000011000110 3
b11111011000001011100111100010001 4
b0000000010000110 N
b01011010111101010011000011000110 Z
b000000000000000000000000000000000000000000000000000000000000000000000000000000000000000000000000000000000000000000000000000000000000000000000000000000000000000000000000000000000000000000000000000000000000101001011010010110100101101001011010010110100101110000111100001111000011110000111100001111000011000010000000000001000101000000000000 [
b01011010111101010011000011000110 ]
b11111011000001011100111100010001 `
b11111011000001011100111100010001 a
1b
1h
#10990001000
#11000000000
0!
0)
0b
0h
#11010000000
1!
1)
b11111011000001011100111100010001 3
b01001000000111010011001001010100 4
b0000000010000111 N
b11111011000001011100111100010001 Z
b000000000000000000000000000000000000000000000000000000000000000000000000000000000000000000000000000000000000000000000000000000000000000000000000000000000000000000000000000000000000000000000000000000000000001010010110100101101001011010010110100101101001011100001111000011110000111100001111000011110000110000100000000000010001010000000000 [
b11111011000001011100111100010001 ]
b01001000000111010011001001010100 `
b01001000000111010011001001010100 a
1b
1h
#11010001000
#11020000000
0!
0)
0b
0h
#11030000000
1!
1)
b01001000000111010011001001010100 3
b00010010000001110100110010010101 4
b0000000010001000 N
b01001000000111010011001001010100 Z
b000000000000000000000000000000000000000000000000000000000000000000000000000000000000000000000000000000000000000000000000000000000000000000000000000000000000000000000000000000000000000000000000000000000000000010100101101001011010010110100101101001011010010111000011110000111100001111000011110000111100001100001000000000000100010100000000 [
b01001000000111010011001001010100 ]
b00010010000001110100110010010101 `
b00010010000001110100110010010101 a
1b
1h
#11030001000
#11040000000
0!
0)
0b
0h
#11050000000
1!
1)
b00010010000001110100110010010101 3
b01110010010111011001001010110101 4
b0000000010001001 N
b00010010000001110100110010010101 Z
b000000000000000000000000000000000000000000000000000000000000000000000000000000000000000000000000000000000000000000000000000000000000000000000000000000000000000000000000000000000000000000000000000000000000000000101001011010010110100101101001011010010110100101110000111100001111000011110000111100001111000011000010000000000001000101000000 [
b00010010000001110100110010010101 ]
b01110010010111011001001010110101 `
b01110010010111011001001010110101 a
1b
1h
#11050001000
#11060000000
0!
0)
0b
0h
#11070000000
1!
1)
b01110010010111011001001010110101 3
b01101010010010110010010100111101 4
b0000000010001010 N
b01110010010111011001001010110101 Z
b000000000000000000000000000000000000000000000000000000000000000000000000000000000000000000000000000000000000000000000000000000000000000000000000000000000000000000000000000000000000000000000000000000000000000000001010010110100101101001011010010110100101101001011100001111000011110000111100001111000011110000110000100000000000010001010000 [
b01110010010111011001001010110101 ]
b01101010010010110010010100111101 `
b01101010010010110010010100111101 a
1b
1h
#11070001000
#11080000000
0!
0)
0b
0h
#11090000000
1!
1)
b01101010010010110010010100111101 3
b01101100010011101000100011011111 4
b0000000010001011 N
b01101010010010110010010100111101 Z
b000000000000000000000000000000000000000000000000000000000000000000000000000000000000000000000000000000000000000000000000000000000000000000000000000000000000000000000000000000000000000000000000000000000000000000000010100101101001011010010110100101101001011010010111000011110000111100001111000011110000111100001100001000000000000100010100 [
b01101010010010110010010100111101 ]
b01101100010011101000100011011111 `
b01101100010011101000100011011111 a
1b
1h
#11090001000
#11100000000
0!
0)
0b
0h
#11110000000
1!
1)
b01101100010011101000100011011111 3
b10000000011101110110000010000111 4
b0000000010001100 N
b01101100010011101000100011011111 Z
b000000000000000000000000000000000000000000000000000000000000000000000000000000000000000000000000000000000000000000000000000000000000000000000000000000000000000000000000000000000000000000000000000000000000000000000000101001011010010110100101101001011010010110100101110000111100001111000011110000111100001111000011000010000000000001000101 [
b01101100010011101000100011011111 ]
b10000000011101110110000010000111 `
b10000000011101110110000010000111 a
1b
1h
#11110001000
#11120000000
0!
0)
0b
0h
#11130000000
1!
b01 '
1)
b01 /
b10000000011101110110000010000111 3
b11001101101001010101101100000001 4
b01 L
b0000000010001101 N
b10000000011101110110000010000111 Z
b000000000000000000000000000000000000000000000000000000000000000000000000000000000000000000000000000000000000000000000000000000000000000000000000000000000000000000000000000000000000000000000000000000000000000000000000001010010110100101101001011010010110100101101001011100001111000011110000111100001111000011110000110000100000000000010001 [
b10000000011101110110000010000111 ]
b01 _
b11001101101001010101101100000001 `
b11001101101001010101101100000001 a
1b
1h
#11130001000
#11140000000
0!
0)
0b
0h
#11150000000
1!
1)
b11001101101001010101101100000001 3
b00110011011010010101011011000000 4
b0000000010001110 N
b11001101101001010101101100000001 Z
b000000000000000000000000000000000000000000000000000000000000000000000000000000000000000000000000000000000000000000000000000000000000000000000000000000000000000000000000000000000000000000000000000000000000000000000000000010100101101001011010010110100101101001011010010111000011110000111100001111000011110000111100001100001000000000000100 [
b11001101101001010101101100000001 ]
b00110011011010010101011011000000 `
b00110011011010010101011011000000 a
1b
1h
#11150001000
#11160000000
0!
0)
0b
0h
#11170000000
1!
b00 '
1)
b00 /
b00110011011010010101011011000000 3
b00001100110110100101010110110000 4
b00 L
b0000000010001111 N
b00110011011010010101011011000000 Z
b000000000000000000000000000000000000000000000000000000000000000000000000000000000000000000000000000000000000000000000000000000000000000000000000000000000000000000000000000000000000000000000000000000000000000000000000000000101001011010010110100101101001011010010110100101110000111100001111000011110000111100001111000011000010000000000001 [
b00110011011010010101011011000000 ]
b00 _
b00001100110110100101010110110000 `
b00001100110110100101010110110000 a
1b
1h
#11170001000
#11180000000
0!
0)
0b
0h
#11190000000
1!
b01 '
1)
b01 /
b00001100110110100101010110110000 3
b01110101111010101101010011111100 4
b01 L
b0000000010010000 N
b00001100110110100101010110110000 Z
b000000000000000000000000000000000000000000000000000000000000000000000000000000000000000000000000000000000000000000000000000000000000000000000000000000000000000000000000000000000000000000000000000000000000000000000000000000001010010110100101101001011010010110100101101001011100001111000011110000111100001111000011110000110000100000000000 [
b00001100110110100101010110110000 ]
b01 _
b01110101111010101101010011111100 `
b01110101111010101101010011111100 a
1b
1h
#11190001000
#11200000000
0!
0)
0b
0h
#11210000000
1!
b00 '
1)
b00 /
b01110101111010101101010011111100 3
b00011101011110101011010100111111 4
b00 L
b0000000010010001 N
b01110101111010101101010011111100 Z
b000000000000000000000000000000000000000000000000000000000000000000000000000000000000000000000000000000000000000000000000000000000000000000000000000000000000000000000000000000000000000000000000000000000000000000000000000000000010100101101001011010010110100101101001011010010111000011110000111100001111000011110000111100001100001000000000 [
b01110101111010101101010011111100 ]
b00 _
b00011101011110101011010100111111 `
b00011101011110101011010100111111 a
1b
1h
#11210001000
#11220000000
0!
0)
0b
0h
#11230000000
1!
1)
b00011101011110101011010100111111 3
b10011100001110100110111111111111 4
b0000000010010010 N
b00011101011110101011010100111111 Z
b000000000000000000000000000000000000000000000000000000000000000000000000000000000000000000000000000000000000000000000000000000000000000000000000000000000000000000000000000000000000000000000000000000000000000000000000000000000000101001011010010110100101101001011010010110100101110000111100001111000011110000111100001111000011000010000000 [
b00011101011110101011010100111111 ]
b10011100001110100110111111111111 `
b10011100001110100110111111111111 a
1b
1h
#11230001000
#11240000000
0!
0)
0b
0h
#11250000000
1!
1)
b10011100001110100110111111111111 3
b10111100011010100101100101001111 4
b0000000010010011 N
b10011100001110100110111111111111 Z
b000000000000000000000000000000000000000000000000000000000000000000000000000000000000000000000000000000000000000000000000000000000000000000000000000000000000000000000000000000000000000000000000000000000000000000000000000000000000001010010110100101101001011010010110100101101001011100001111000011110000111100001111000011110000110000100000 [
b10011100001110100110111111111111 ]
b10111100011010100101100101001111 `
b10111100011010100101100101001111 a
1b
1h
#11250001000
#11260000000
0!
0)
0b
0h
#11270000000
1!
1)
b10111100011010100101100101001111 3
b10110100011111100101010011100011 4
b0000000010010100 N
b10111100011010100101100101001111 Z
b000000000000000000000000000000000000000000000000000000000000000000000000000000000000000000000000000000000000000000000000000000000000000000000000000000000000000000000000000000000000000000000000000000000000000000000000000000000000000010100101101001011010010110100101101001011010010111000011110000111100001111000011110000111100001100001000 [
b10111100011010100101100101001111 ]
b10110100011111100101010011100011 `
b10110100011111100101010011100011 a
1b
1h
#11270001000
#11280000000
0!
0)
0b
0h
#11290000000
1!
1)
b10110100011111100101010011100011 3
b10110110011110110101011110001000 4
b0000000010010101 N
b10110100011111100101010011100011 Z
b000000000000000000000000000000000000000000000000000000000000000000000000000000000000000000000000000000000000000000000000000000000000000000000000000000000000000000000000000000000000000000000000000000000000000000000000000000000000000000101001011010010110100101101001011010010110100101110000111100001111000011110000111100001111000011000010 [
b10110100011111100101010011100011 ]
b10110110011110110101011110001000 `
b10110110011110110101011110001000 a
1b
1h
#11290001000
#11300000000
0!
0)
0b
0h
#11310000000
1!
b10 '
1)
b10 /
b10110110011110110101011110001000 3
b11000000001001100101011011000010 4
b10 L
b0000000010010110 N
b10110110011110110101011110001000 Z
b000000000000000000000000000000000000000000000000000000000000000000000000000000000000000000000000000000000000000000000000000000000000000000000000000000000000000000000000000000000000000000000000000000000000000000000000000000000000000000001010010110100101101001011010010110100101101001011100001111000011110000111100001111000011110000110000 [
b10110110011110110101011110001000 ]
b10 _
b11000000001001100101011011000010 `
b11000000001001100101011011000010 a
1b
1h
#11310001000
#11320000000
0!
0)
0b
0h
#11330000000
1!
b00 '
1)
b00 /
b11000000001001100101011011000010 3
b11011101101100010001011010010000 4
b00 L
b0000000010010111 N
b11000000001001100101011011000010 Z
b000000000000000000000000000000000000000000000000000000000000000000000000000000000000000000000000000000000000000000000000000000000000000000000000000000000000000000000000000000000000000000000000000000000000000000000000000000000000000000000010100101101001011010010110100101101001011010010111000011110000111100001111000011110000111100001100 [
b11000000001001100101011011000010 ]
b00 _
b11011101101100010001011010010000 `
b11011101101100010001011010010000 a
1b
1h
#11330001000
#11340000000
0!
0)
0b
0h
#11350000000
1!
1)
b11011101101100010001011010010000 3
b00110111011011000100010110100100 4
b0000000010011000 N
b11011101101100010001011010010000 Z
b000000000000000000000000000000000000000000000000000000000000000000000000000000000000000000000000000000000000000000000000000000000000000000000000000000000000000000000000000000000000000000000000000000000000000000000000000000000000000000000000101001011010010110100101101001011010010110100101110000111100001111000011110000111100001111000011 [
b11011101101100010001011010010000 ]
b00110111011011000100010110100100 `
b00110111011011000100010110100100 a
1b
1h
#11350001000
#11360000000
0!
0)
0b
0h
#11370000000
1!
b11 '
1)
b11 /
b00110111011011000100010110100100 3
b10010110101111111101001111011001 4
b11 L
b0000000010011001 N
b00110111011011000100010110100100 Z
b000000000000000000000000000000000000000000000000000000000000000000000000000000000000000000000000000000000000000000000000000000000000000000000000000000000000000000000000000000000000000000000000000000000000000000000000000000000000000000000000001010010110100101101001011010010110100101101001011100001111000011110000111100001111000011110000 [
b00110111011011000100010110100100 ]
b11 _
b10010110101111111101001111011001 `
b10010110101111111101001111011001 a
1b
1h
#11370001000
#11380000000
0!
0)
0b
0h
#11390000000
1!
b00 '
1)
b00 /
b10010110101111111101001111011001 3
b01010011011100111011010101100110 4
b00 L
b0000000010011010 N
b10010110101111111101001111011001 Z
b000000000000000000000000000000000000000000000000000000000000000000000000000000000000000000000000000000000000000000000000000000000000000000000000000000000000000000000000000000000000000000000000000000000000000000000000000000000000000000000000000010100101101001011010010110100101101001011010010111000011110000111100001111000011110000111100 [
b10010110101111111101001111011001 ]
b00 _
b01010011011100111011010101100110 `
b01010011011100111011010101100110 a
1b
1h
#11390001000
#11400000000
0!
0)
0b
0h
#11410000000
1!
1)
b01010011011100111011010101100110 3
b11111001011001000110111001111001 4
b0000000010011011 N
b01010011011100111011010101100110 Z
b000000000000000000000000000000000000000000000000000000000000000000000000000000000000000000000000000000000000000000000000000000000000000000000000000000000000000000000000000000000000000000000000000000000000000000000000000000000000000000000000000000101001011010010110100101101001011010010110100101110000111100001111000011110000111100001111 [
b01010011011100111011010101100110 ]
b11111001011001000110111001111001 `
b11111001011001000110111001111001 a
1b
1h
#11410001000
#11420000000
0!
0)
0b
0h
#11430000000
1!
b11 '
1)
b11 /
b11111001011001000110111001111001 3
b11010011111000011001100010111110 4
b11 L
b0000000010011100 N
b11111001011001000110111001111001 Z
b000000000000000000000000000000000000000000000000000000000000000000000000000000000000000000000000000000000000000000000000000000000000000000000000000000000000000000000000000000000000000000000000000000000000000000000000000000000000000000000000000000001010010110100101101001011010010110100101101001011100001111000011110000111100001111000011 [
b11111001011001000110111001111001 ]
b11 _
b11010011111000011001100010111110 `
b11010011111000011001100010111110 a
1b
1h
#11430001000
#11440000000
0!
0)
0b
0h
#11450000000
1!
1)
b11010011111000011001100010111110 3
b01000010001001000010011110111111 4
b0000000010011101 N
b11010011111000011001100010111110 Z
b000000000000000000000000000000000000000000000000000000000000000000000000000000000000000000000000000000000000000000000000000000000000000000000000000000000000000000000000000000000000000000000000000000000000000000000000000000000000000000000000000000000010100101101001011010010110100101101001011010010111000011110000111100001111000011110000 [
b11010011111000011001100010111110 ]
b01000010001001000010011110111111 `
b01000010001001000010011110111111 a
1b
1h
#11450001000
#11460000000
0!
0)
0b
0h
#11470000000
1!
b00 '
1)
b00 /
b01000010001001000010011110111111 3
b10001011111011011100101101011111 4
b00 L
b0000000010011110 N
b01000010001001000010011110111111 Z
b000000000000000000000000000000000000000000000000000000000000000000000000000000000000000000000000000000000000000000000000000000000000000000000000000000000000000000000000000000000000000000000000000000000000000000000000000000000000000000000000000000000000101001011010010110100101101001011010010110100101110000111100001111000011110000111100 [
b01000010001001000010011110111111 ]
b00 _
b10001011111011011100101101011111 `
b10001011111011011100101101011111 a
1b
1h
#11470001000
#11480000000
0!
0)
0b
0h
#11490000000
1!
1)
b10001011111011011100101101011111 3
b10111001100111111011000001100111 4
b0000000010011111 N
b10001011111011011100101101011111 Z
b000000000000000000000000000000000000000000000000000000000000000000000000000000000000000000000000000000000000000000000000000000000000000000000000000000000000000000000000000000000000000000000000000000000000000000000000000000000000000000000000000000000000001010010110100101101001011010010110100101101001011100001111000011110000111100001111 [
b10001011111011011100101101011111 ]
b10111001100111111011000001100111 `
b10111001100111111011000001100111 a
1b
1h
#11490001000
#11500000000
0!
0)
0b
0h
#11510000000
1!
b11 '
1)
b11 /
b10111001100111111011000001100111 3
b00101110011001111110110000011001 4
b11 L
b0000000010100000 N
b10111001100111111011000001100111 Z
b000000000000000000000000000000000000000000000000000000000000000000000000000000000000000000000000000000000000000000000000000000000000000000000000000000000000000000000000000000000000000000000000000000000000000000000000000000000000000000000000000000000000000010100101101001011010010110100101101001011010010111000011110000111100001111000011 [
b10111001100111111011000001100111 ]
b11 _
b00101110011001111110110000011001 `
b00101110011001111110110000011001 a
1b
1h
#11510001000
#11520000000
0!
0)
0b
0h
#11530000000
1!
1)
b00101110011001111110110000011001 3
b11100110001000010111100000100110 4
b0000000010100001 N
b00101110011001111110110000011001 Z
b000000000000000000000000000000000000000000000000000000000000000000000000000000000000000000000000000000000000000000000000000000000000000000000000000000000000000000000000000000000000000000000000000000000000000000000000000000000000000000000000000000000000000000101001011010010110100101101001011010010110100101110000111100001111000011110000 [
b00101110011001111110110000011001 ]
b11100110001000010111100000100110 `
b11100110001000010111100000100110 a
1b
1h
#11530001000
#11540000000
0!
0)
0b
0h
#11550000000
1!
b00 '
1)
b00 /
b11100110001000010111100000100110 3
b11010100001100001101110100101001 4
b00 L
b0000000010100010 N
b11100110001000010111100000100110 Z
b000000000000000000000000000000000000000000000000000000000000000000000000000000000000000000000000000000000000000000000000000000000000000000000000000000000000000000000000000000000000000000000000000000000000000000000000000000000000000000000000000000000000000000001010010110100101101001011010010110100101101001011100001111000011110000111100 [
b11100110001000010111100000100110 ]
b00 _
b11010100001100001101110100101001 `
b11010100001100001101110100101001 a
1b
1h
#11550001000
#11560000000
0!
0)
0b
0h
#11570000000
1!
1)
b11010100001100001101110100101001 3
b01000011110100000111011011011010 4
b0000000010100011 N
b11010100001100001101110100101001 Z
b000000000000000000000000000000000000000000000000000000000000000000000000000000000000000000000000000000000000000000000000000000000000000000000000000000000000000000000000000000000000000000000000000000000000000000000000000000000000000000000000000000000000000000000010100101101001011010010110100101101001011010010111000011110000111100001111 [
b11010100001100001101110100101001 ]
b01000011110100000111011011011010 `
b01000011110100000111011011011010 a
1b
1h
#11570001000
#11580000000
0!
0)
0b
0h
#11590000000
1!
b11 '
1)
b11 /
b01000011110100000111011011011010 3
b01100110001010000101110000100110 4
b11 L
b0000000010100100 N
b01000011110100000111011011011010 Z
b000000000000000000000000000000000000000000000000000000000000000000000000000000000000000000000000000000000000000000000000000000000000000000000000000000000000000000000000000000000000000000000000000000000000000000000000000000000000000000000000000000000000000000000000101001011010010110100101101001011010010110100101110000111100001111000011 [
b01000011110100000111011011011010 ]
b11 _
b01100110001010000101110000100110 `
b01100110001010000101110000100110 a
1b
1h
#11590001000
#11600000000
0!
0)
0b
0h
#11610000000
1!
1)
b01100110001010000101110000100110 3
b01101111010101100101011010011001 4
b0000000010100101 N
b01100110001010000101110000100110 Z
b000000000000000000000000000000000000000000000000000000000000000000000000000000000000000000000000000000000000000000000000000000000000000000000000000000000000000000000000000000000000000000000000000000000000000000000000000000000000000000000000000000000000000000000000001010010110100101101001011010010110100101101001011100001111000011110000 [
b01100110001010000101110000100110 ]
b01101111010101100101011010011001 `
b01101111010101100101011010011001 a
1b
1h
#11610001000
#11620000000
0!
0)
0b
0h
#11630000000
1!
b00 '
1)
b00 /
b01101111010101100101011010011001 3
b01101101000010011101010000110110 4
b00 L
b0000000010100110 N
b01101111010101100101011010011001 Z
b000000000000000000000000000000000000000000000000000000000000000000000000000000000000000000000000000000000000000000000000000000000000000000000000000000000000000000000000000000000000000000000000000000000000000000000000000000000000000000000000000000000000000000000000000010100101101001011010010110100101101001011010010111000011110000111100 [
b01101111010101100101011010011001 ]
b00 _
b01101101000010011101010000110110 `
b01101101000010011101010000110110 a
1b
1h
#11630001000
#11640000000
0!
0)
0b
0h
#11650000000
1!
1)
b01101101000010011101010000110110 3
b11110110111110101111011000101101 4
18
b0000000010100111 N
b01101101000010011101010000110110 Z
b000000000000000000000000000000000000000000000000000000000000000000000000000000000000000000000000000000000000000000000000000000000000000000000000000000000000000000000000000000000000000000000000000000000000000000000000000000000000000000000000000000000000000000000000000000101001011010010110100101101001011010010110100101110000111100001111 [
b01101101000010011101010000110110 ]
b11110110111110101111011000101101 `
b11110110111110101111011000101101 a
1b
1h
#11650001000
#11660000000
0!
0)
0b
0h
#11670000000
1!
b11 '
1)
b11 /
b11110110111110101111011000101101 3
b11010000000001100011111010101011 4
08
b11 L
b0000000010101000 N
b11110110111110101111011000101101 Z
b000000000000000000000000000000000000000000000000000000000000000000000000000000000000000000000000000000000000000000000000000000000000000000000000000000000000000000000000000000000000000000000000000000000000000000000000000000000000000000000000000000000000000000000000000000001010010110100101101001011010010110100101101001011100001111000011 [
b11110110111110101111011000101101 ]
b11 _
b11010000000001100011111010101011 `
b11010000000001100011111010101011 a
1b
1h
#11670001000
#11680000000
0!
0)
0b
0h
#11690000000
1!
b10 '
1)
b10 /
b11010000000001100011111010101011 3
b01000010110111011100111000111010 4
b10 L
b0000000010101001 N
b11010000000001100011111010101011 Z
b101001011010010110100101101001011010010110100101110000111100001111000011110000111100001111000011000010000000000001000101000000000000000001011100000000000000000001000000000000000100000000010001000000000000000011000000101010000000000101100100110000001010100000000001011001010100010101100111010001010110011100000000010010000000000000000000 [
b00110111 \
b11010000000001100011111010101011 ]
b10 _
b01000010110111011100111000111010 `
b01000010110111011100111000111010 a
1b
1h
#11690001000
#11700000000
0!
0)
0b
0h
#11710000000
1!
b11 '
1)
b11 /
b01000010110111011100111000111010 3
b01100110011010110011001000011110 4
b11 L
b0000000010101010 N
b01000010110111011100111000111010 Z
b00001101 \
b01000010110111011100111000111010 ]
b11 _
b01100110011010110011001000011110 `
b01100110011010110011001000011110 a
1b
1h
#11710001000
#11720000000
0!
0)
0b
0h
#11730000000
1!
b01 '
1)
b01 /
b01100110011010110011001000011110 3
b10000010111111100000111000110111 4
b01 L
b0000000010101011 N
1U
b01100110011010110011001000011110 Z
b00000011 \
b01100110011010110011001000011110 ]
b01 _
b10000010111111100000111000110111 `
b10000010111111100000111000110111 a
1b
1h
1j
#11730001000
#11740000000
0!
0)
0b
0h
#11750000000
1!
b11 '
1)
b11 /
b10000010111111100000111000110111 3
b00100000101111111000001110001101 4
b11 L
b0000000010101100 N
b10101101 V
b10000010111111100000111000110111 Z
b11011110 \
b10000010111111100000111000110111 ]
b11 _
b00100000101111111000001110001101 `
b00100000101111111000001110001101 a
1b
1h
b10101101 k
b001001 p
b001101 q
b000011 y
b000011 z
#11750001000
#11760000000
0!
0)
0b
0h
#11770000000
1!
b10 '
1)
b10 /
b00100000101111111000001110001101 3
b10010011010010110010001001010011 4
b10 L
b0000000010101101 N
b10111110 V
b00100000101111111000001110001101 Z
b00110111 \
b00100000101111111000001110001101 ]
b10 _
b10010011010010110010001001010011 `
b10010011010010110010001001010011 a
1b
1h
b10111110 k
b001010 p
b001111 q
b001101 r
b000010 y
b000010 z
#11770001000
#11780000000
0!
0)
0b
0h
#11790000000
1!
b11 '
1)
b11 /
b10010011010010110010001001010011 3
b00100100110100101100100010010100 4
b11 L
b0000000010101110 N
b11101111 V
1X
b10010011010010110010001001010011 Z
b00001101 \
b10010011010010110010001001010011 ]
b11 _
b00100100110100101100100010010100 `
b00100100110100101100100010010100 a
1b
1h
b11101111 k
1m
b001011 p
b001110 q
b001111 r
b001101 s
b000001 y
b000001 z
#11790001000
#11800000000
0!
0)
0b
0h
#11810000000
1!
b01 '
1)
b01 /
b00100100110100101100100010010100 3
b01111111111010001111001110110101 4
b01 L
b0000000010101111 N
0U
b11111111 V
b00100100110100101100100010010100 Z
b00000011 \
b00100100110100101100100010010100 ]
b01 _
b01111111111010001111001110110101 `
b01111111111010001111001110110101 a
1b
1h
0j
b11111111 k
b001100 p
b001010 q
b001110 r
b001111 s
b000000 y
b000000 z
#11810001000
#11820000000
0!
0)
0b
0h
#11830000000
1!
b11 '
1)
b11 /
b01111111111010001111001110110101 3
b11110010010000101011111111001101 4
19
b11 L
b0000000010110000 N
1W
b01111111111010001111001110110101 Z
b11111111 \
b01111111111010001111001110110101 ]
b11 _
b11110010010000101011111111001101 `
b11110010010000101011111111001101 a
1b
1h
1l
b001010 r
b001110 s
1w
#11830001000
#11840000000
0!
0)
0b
0h
#11850000000
1!
1)
b11110010010000101011111111001101 3
b11010001001010000010110011010011 4
b0000000010110001 N
b11110010010000101011111111001101 Z
b00111111 \
b11110010010000101011111111001101 ]
b11010001001010000010110011010011 `
b11010001001010000010110011010011 a
1b
1h
b001010 s
#11850001000
#11860000000
0!
0)
0b
0h
#11870000000
1!
b01 '
0(
1)
b01 /
00
b11010001001010000010110011010011 3
b11011001111100101000100000010100 4
b01 L
b0000000010110010 N
b00111100100100001010111111110011 Z
b11111111 \
b11010001001010000010110011010011 ]
b01 _
b11011001111100101000100000010100 `
b11011001111100101000100000010100 a
1b
1h
#11870001000
#11880000000
0!
0)
0b
0h
#11890000000
1!
1)
b11011001111100101000100000010100 3
b00000000000000000000000000000000 4
05
b0000000000000000 N
b11011001111100101000100000010100 Z
b11011001111100101000100000010100 ]
0^
b00000000000000000000000000000000 `
b01000000101000001110001110010101 a
1b
1h
#11900000000
0!
0)
0b
0h
#11910000000
1!
1)
b00000000000000000000000000000000 Z
1b
1h
#11920000000
0!
0)
0b
0h
#11930000000
1!
1)
1b
1h
#11940000000
0!
0)
0b
0h
#11950000000
1!
1)
1b
1h
#11960000000
0!
0)
0b
0h
#11970000000
1!
1)
1b
1h
#11980000000
0!
0)
0b
0h
#11990000000
1!
1)
1b
1h
#12000000000
0!
0)
0b
0h
#12010000000
1!
1)
1b
1h
#12020000000
0!
0)
0b
0h
#12030000000
1!
1)
1b
1h
#12040000000
0!
0)
0b
0h
#12050000000
1!
1)
1b
1h
#12060000000
0!
0)
0b
0h
#12070000000
1!
1)
1b
1h
#12080000000
0!
0)
0b
0h
#12090000000
1!
1)
1b
1h
#12100000000
0!
0)
0b
0h
#12110000000
1!
1)
1b
1h
#12120000000
0!
0)
0b
0h
#12130000000
1!
1)
1b
1h
#12140000000
0!
0)
0b
0h
#12150000000
1!
1)
1b
1h
#12160000000
0!
0)
0b
0h
#12170000000
1!
1)
1b
1h
#12180000000
0!
0)
0b
0h
#12190000000
1!
1)
1b
1h
#12200000000
0!
0)
0b
0h
#12210000000
1!
1)
1b
1h
#12220000000
0!
0)
0b
0h
#12230000000
1!
1)
1b
1h
#12240000000
0!
0)
0b
0h
#12250000000
1!
1)
1b
1h
#12260000000
0!
0)
0b
0h
#12270000000
1!
1)
1b
1h
#12280000000
0!
0)
0b
0h
#12290000000
1!
1)
1b
1h
#12300000000
0!
0)
0b
0h
#12310000000
1!
1)
1b
1h
#12320000000
0!
0)
0b
0h
#12330000000
1!
1)
1b
1h
#12340000000
0!
0)
0b
0h
#12350000000
1!
1)
1b
1h
#12360000000
0!
0)
0b
0h
#12370000000
1!
1)
1b
1h
#12380000000
0!
0)
0b
0h
#12390000000
1!
1)
1b
1h
#12400000000
0!
0)
0b
0h
#12410000000
1!
1)
1b
1h
#12420000000
0!
0)
0b
0h
#12430000000
1!
1)
1b
1h
#12440000000
0!
0)
0b
0h
#12450000000
1!
1)
1b
1h
#12460000000
0!
0)
0b
0h
#12470000000
1!
1)
1b
1h
#12480000000
0!
0)
0b
0h
#12490000000
1!
1)
1b
1h
#12500000000
0!
0)
0b
0h
#12510000000
1!
1)
1b
1h
#12520000000
0!
0)
0b
0h
#12530000000
1!
1)
1b
1h
#12540000000
0!
0)
0b
0h
#12550000000
1!
1)
1b
1h
#12560000000
0!
0)
0b
0h
#12570000000
1!
1)
1b
1h
#12580000000
0!
0)
0b
0h
#12590000000
1!
1)
1b
1h
#12600000000
0!
0)
0b
0h
#12610000000
1!
1)
1b
1h
#12620000000
0!
0)
0b
0h
#12630000000
1!
1)
1b
1h
#12640000000
0!
0)
0b
0h
#12650000000
1!
1)
1b
1h
#12660000000
0!
0)
0b
0h
#12670000000
1!
1)
1b
1h
#12680000000
0!
0)
0b
0h
#12690000000
1!
1)
1b
1h
#12700000000
0!
0)
0b
0h
#12710000000
1!
1)
1b
1h
#12720000000
0!
0)
0b
0h
#12730000000
1!
1)
1b
1h
#12740000000
0!
0)
0b
0h
#12750000000
1!
1)
1b
1h
#12760000000
0!
0)
0b
0h
#12770000000
1!
1)
1b
1h
#12780000000
0!
0)
0b
0h
#12790000000
1!
1)
1b
1h
#12800000000
0!
0)
0b
0h
#12810000000
1!
1)
1b
1h
#12820000000
0!
0)
0b
0h
#12830000000
1!
1)
1b
1h
#12840000000
0!
0)
0b
0h
#12850000000
1!
1)
1b
1h
#12860000000
0!
0)
0b
0h
#12870000000
1!
1)
1b
1h
#12880000000
0!
0)
0b
0h
#12890000000
1!
1)
1b
1h
#12900000000
0!
0)
0b
0h
#12910000000
1!
1)
1b
1h
#12920000000
0!
0)
0b
0h
#12930000000
1!
1)
1b
1h
#12940000000
0!
0)
0b
0h
#12950000000
1!
1)
1b
1h
#12960000000
0!
0)
0b
0h
#12970000000
1!
1)
1b
1h
#12980000000
0!
0)
0b
0h
#12990000000
1!
1)
1b
1h
#13000000000
0!
0)
0b
0h
#13010000000
1!
1)
1b
1h
#13020000000
0!
0)
0b
0h
#13030000000
1!
1)
1b
1h
#13040000000
0!
0)
0b
0h
#13050000000
1!
1)
1b
1h
#13060000000
0!
0)
0b
0h
#13070000000
1!
1)
1b
1h
#13080000000
0!
0)
0b
0h
#13090000000
1!
1)
1b
1h
#13100000000
0!
0)
0b
0h
#13110000000
1!
1)
1b
1h
#13120000000
0!
0)
0b
0h
#13130000000
1!
1)
1b
1h
#13140000000
0!
0)
0b
0h
#13150000000
1!
1)
1b
1h
#13160000000
0!
0)
0b
0h
#13170000000
1!
1)
1b
1h
#13180000000
0!
0)
0b
0h
#13190000000
1!
1)
1b
1h
#13200000000
0!
0)
0b
0h
#13210000000
1!
1)
1b
1h
#13220000000
0!
0)
0b
0h
#13230000000
1!
1)
1b
1h
#13240000000
0!
0)
0b
0h
#13250000000
1!
1)
1b
1h
#13260000000
0!
0)
0b
0h
#13270000000
1!
1)
1b
1h
#13280000000
0!
0)
0b
0h
#13290000000
1!
1)
1b
1h
#13300000000
0!
0)
0b
0h
#13310000000
1!
1)
1b
1h
#13320000000
0!
0)
0b
0h
#13330000000
1!
1)
1b
1h
#13340000000
0!
0)
0b
0h
#13350000000
1!
1)
1b
1h
#13360000000
0!
0)
0b
0h
#13370000000
1!
1)
1b
1h
#13380000000
0!
0)
0b
0h
#13390000000
1!
1)
1b
1h
#13400000000
0!
0)
0b
0h
#13410000000
1!
1)
1b
1h
#13420000000
0!
0)
0b
0h
#13430000000
1!
1)
1b
1h
#13440000000
0!
0)
0b
0h
#13450000000
1!
1)
1b
1h
#13460000000
0!
0)
0b
0h
#13470000000
1!
1)
1b
1h
#13480000000
0!
0)
0b
0h
#13490000000
1!
1)
1b
1h
#13500000000
0!
0)
0b
0h
#13510000000
1!
1)
1b
1h
#13520000000
0!
0)
0b
0h
#13530000000
1!
1)
1b
1h
#13540000000
0!
0)
0b
0h
#13550000000
1!
1)
1b
1h
#13560000000
0!
0)
0b
0h
#13570000000
1!
1)
1b
1h
#13580000000
0!
0)
0b
0h
#13590000000
1!
1)
1b
1h
#13600000000
0!
0)
0b
0h
#13610000000
1!
1)
1b
1h
#13620000000
0!
0)
0b
0h
#13630000000
1!
1)
1b
1h
#13640000000
0!
0)
0b
0h
#13650000000
1!
1)
1b
1h
#13660000000
0!
0)
0b
0h
#13670000000
1!
1)
1b
1h
#13680000000
0!
0)
0b
0h
#13690000000
1!
1)
1b
1h
#13700000000
0!
0)
0b
0h
#13710000000
1!
1)
1b
1h
#13720000000
0!
0)
0b
0h
#13730000000
1!
1)
1b
1h
#13740000000
0!
0)
0b
0h
#13750000000
1!
1)
1b
1h
#13760000000
0!
0)
0b
0h
#13770000000
1!
1)
1b
1h
#13780000000
0!
0)
0b
0h
#13790000000
1!
1)
1b
1h
#13800000000
0!
0)
0b
0h
#13810000000
1!
1)
1b
1h
#13820000000
0!
0)
0b
0h
#13830000000
1!
1)
1b
1h
#13840000000
0!
0)
0b
0h
#13850000000
1!
1)
1b
1h
#13860000000
0!
0)
0b
0h
#13870000000
1!
1)
1b
1h
#13880000000
0!
0)
0b
0h
#13890000000
1!
1)
1b
1h
#13900000000
0!
0)
0b
0h
#13910000000
1!
1)
1b
1h
#13920000000
0!
0)
0b
0h
#13930000000
1!
1)
1b
1h
#13940000000
0!
0)
0b
0h
#13950000000
1!
1)
1b
1h
#13960000000
0!
0)
0b
0h
#13970000000
1!
1)
1b
1h
#13980000000
0!
0)
0b
0h
#13990000000
1!
1)
1b
1h
#14000000000
0!
0)
0b
0h
#14010000000
1!
1)
1b
1h
#14020000000
0!
0)
0b
0h
#14030000000
1!
1)
1b
1h
#14040000000
0!
0)
0b
0h
#14050000000
1!
1)
1b
1h
#14060000000
0!
0)
0b
0h
#14070000000
1!
1)
1b
1h
#14080000000
0!
0)
0b
0h
#14090000000
1!
1)
1b
1h
#14100000000
0!
0)
0b
0h
#14110000000
1!
1)
1b
1h
#14120000000
0!
0)
0b
0h
#14130000000
1!
1)
1b
1h
#14140000000
0!
0)
0b
0h
#14150000000
1!
1)
1b
1h
#14160000000
0!
0)
0b
0h
#14170000000
1!
1)
1b
1h
#14180000000
0!
0)
0b
0h
#14190000000
1!
1)
1b
1h
#14200000000
0!
0)
0b
0h
#14210000000
1!
1)
1b
1h
#14220000000
0!
0)
0b
0h
#14230000000
1!
1)
1b
1h
#14240000000
0!
0)
0b
0h
#14250000000
1!
1)
1b
1h
#14260000000
0!
0)
0b
0h
#14270000000
1!
1)
1b
1h
#14280000000
0!
0)
0b
0h
#14290000000
1!
1)
1b
1h
#14300000000
0!
0)
0b
0h
#14310000000
1!
1)
1b
1h
#14320000000
0!
0)
0b
0h
#14330000000
1!
1)
1b
1h
#14340000000
0!
0)
0b
0h
#14350000000
1!
1)
1b
1h
#14360000000
0!
0)
0b
0h
#14370000000
1!
1)
1b
1h
#14380000000
0!
0)
0b
0h
#14390000000
1!
1)
1b
1h
#14400000000
0!
0)
0b
0h
#14410000000
1!
1)
1b
1h
#14420000000
0!
0)
0b
0h
#14430000000
1!
1)
1b
1h
#14440000000
0!
0)
0b
0h
#14450000000
1!
1)
1b
1h
#14460000000
0!
0)
0b
0h
#14470000000
1!
1)
1b
1h
#14480000000
0!
0)
0b
0h
#14490000000
1!
1)
1b
1h
#14500000000
0!
0)
0b
0h
#14510000000
1!
1)
1b
1h
#14520000000
0!
0)
0b
0h
#14530000000
1!
1)
1b
1h
#14540000000
0!
0)
0b
0h
#14550000000
1!
1)
1b
1h
#14560000000
0!
0)
0b
0h
#14570000000
1!
1)
1b
1h
#14580000000
0!
0)
0b
0h
#14590000000
1!
1)
1b
1h
#14600000000
0!
0)
0b
0h
#14610000000
1!
1)
1b
1h
#14620000000
0!
0)
0b
0h
#14630000000
1!
1)
1b
1h
#14640000000
0!
0)
0b
0h
#14650000000
1!
1)
1b
1h
#14660000000
0!
0)
0b
0h
#14670000000
1!
1)
1b
1h
#14680000000
0!
0)
0b
0h
#14690000000
1!
1)
1b
1h
#14700000000
0!
0)
0b
0h
#14710000000
1!
1)
1b
1h
#14720000000
0!
0)
0b
0h
#14730000000
1!
1)
1b
1h
#14740000000
0!
0)
0b
0h
#14750000000
1!
1)
1b
1h
#14760000000
0!
0)
0b
0h
#14770000000
1!
1)
1b
1h
#14780000000
0!
0)
0b
0h
#14790000000
1!
1)
1b
1h
#14800000000
0!
0)
0b
0h
#14810000000
1!
1)
1b
1h
#14820000000
0!
0)
0b
0h
#14830000000
1!
1)
1b
1h
#14840000000
0!
0)
0b
0h
#14850000000
1!
1)
1b
1h
#14860000000
0!
0)
0b
0h
#14870000000
1!
1)
1b
1h
#14880000000
0!
0)
0b
0h
#14890000000
1!
1)
1b
1h
#14900000000
0!
0)
0b
0h
#14910000000
1!
1)
1b
1h
#14920000000
0!
0)
0b
0h
#14930000000
1!
1)
1b
1h
#14940000000
0!
0)
0b
0h
#14950000000
1!
1)
1b
1h
#14960000000
0!
0)
0b
0h
#14970000000
1!
1)
1b
1h
#14980000000
0!
0)
0b
0h
#14990000000
1!
1)
1b
1h
#15000000000
0!
0)
0b
0h
#15010000000
1!
1)
1b
1h
#15020000000
0!
0)
0b
0h
#15030000000
1!
1)
1b
1h
#15040000000
0!
0)
0b
0h
#15050000000
1!
1)
1b
1h
#15060000000
0!
0)
0b
0h
#15070000000
1!
1)
1b
1h
#15080000000
0!
0)
0b
0h
#15090000000
1!
1)
1b
1h
#15100000000
0!
0)
0b
0h
#15110000000
1!
1)
1b
1h
#15120000000
0!
0)
0b
0h
#15130000000
1!
1)
1b
1h
#15140000000
0!
0)
0b
0h
#15150000000
1!
1)
1b
1h
#15160000000
0!
0)
0b
0h
#15170000000
1!
1)
1b
1h
#15180000000
0!
0)
0b
0h
#15190000000
1!
1)
1b
1h
#15200000000
0!
0)
0b
0h
#15210000000
1!
1)
1b
1h
#15220000000
0!
0)
0b
0h
#15230000000
1!
1)
1b
1h
#15240000000
0!
0)
0b
0h
#15250000000
1!
1)
1b
1h
#15260000000
0!
0)
0b
0h
#15270000000
1!
1)
1b
1h
#15280000000
0!
0)
0b
0h
#15290000000
1!
1)
1b
1h
#15300000000
0!
0)
0b
0h
#15310000000
1!
1)
1b
1h
#15320000000
0!
0)
0b
0h
#15330000000
1!
1)
1b
1h
#15340000000
0!
0)
0b
0h
#15350000000
1!
1)
1b
1h
#15360000000
0!
0)
0b
0h
#15370000000
1!
1)
1b
1h
#15380000000
0!
0)
0b
0h
#15390000000
1!
1)
1b
1h
#15400000000
0!
0)
0b
0h
#15410000000
1!
1)
1b
1h
#15420000000
0!
0)
0b
0h
#15430000000
1!
1)
1b
1h
#15440000000
0!
0)
0b
0h
#15450000000
1!
1)
1b
1h
#15460000000
0!
0)
0b
0h
#15470000000
1!
1)
1b
1h
#15480000000
0!
0)
0b
0h
#15490000000
1!
1)
1b
1h
#15500000000
0!
0)
0b
0h
#15510000000
1!
1)
1b
1h
#15520000000
0!
0)
0b
0h
#15530000000
1!
1)
1b
1h
#15540000000
0!
0)
0b
0h
#15550000000
1!
1)
1b
1h
#15560000000
0!
0)
0b
0h
#15570000000
1!
1)
1b
1h
#15580000000
0!
0)
0b
0h
#15590000000
1!
1)
1b
1h
#15600000000
0!
0)
0b
0h
#15610000000
1!
1)
1b
1h
#15620000000
0!
0)
0b
0h
#15630000000
1!
1)
1b
1h
#15640000000
0!
0)
0b
0h
#15650000000
1!
1)
1b
1h
#15660000000
0!
0)
0b
0h
#15670000000
1!
1)
1b
1h
#15680000000
0!
0)
0b
0h
#15690000000
1!
1)
1b
1h
#15700000000
0!
0)
0b
0h
#15710000000
1!
1)
1b
1h
#15720000000
0!
0)
0b
0h
#15730000000
1!
1)
1b
1h
#15740000000
0!
0)
0b
0h
#15750000000
1!
1)
1b
1h
#15760000000
0!
0)
0b
0h
#15770000000
1!
1)
1b
1h
#15780000000
0!
0)
0b
0h
#15790000000
1!
1)
1b
1h
#15800000000
0!
0)
0b
0h
#15810000000
1!
1)
1b
1h
#15820000000
0!
0)
0b
0h
#15830000000
1!
1)
1b
1h
#15840000000
0!
0)
0b
0h
#15850000000
1!
1)
1b
1h
#15860000000
0!
0)
0b
0h
#15870000000
1!
1)
1b
1h
#15880000000
0!
0)
0b
0h
#15890000000
1!
1)
1b
1h
#15900000000
0!
0)
0b
0h
#15910000000
1!
1)
1b
1h
#15920000000
0!
0)
0b
0h
#15930000000
1!
1)
1b
1h
#15940000000
0!
0)
0b
0h
#15950000000
1!
1)
1b
1h
#15960000000
0!
0)
0b
0h
#15970000000
1!
1)
1b
1h
#15980000000
0!
0)
0b
0h
#15990000000
1!
1)
1b
1h
#16000000000
0!
0)
0b
0h
#16010000000
1!
1)
1b
1h
#16020000000
0!
0)
0b
0h
#16030000000
1!
1)
1b
1h
#16040000000
0!
0)
0b
0h
#16050000000
1!
1)
1b
1h
#16060000000
0!
0)
0b
0h
#16070000000
1!
1)
1b
1h
#16080000000
0!
0)
0b
0h
#16090000000
1!
1)
1b
1h
#16100000000
0!
0)
0b
0h
#16110000000
1!
1)
1b
1h
#16120000000
0!
0)
0b
0h
#16130000000
1!
1)
1b
1h
#16140000000
0!
0)
0b
0h
#16150000000
1!
1)
1b
1h
#16160000000
0!
0)
0b
0h
#16170000000
1!
1)
1b
1h
#16180000000
0!
0)
0b
0h
#16190000000
1!
1)
1b
1h
#16200000000
0!
0)
0b
0h
#16210000000
1!
1)
1b
1h
#16220000000
0!
0)
0b
0h
#16230000000
1!
1)
1b
1h
#16240000000
0!
0)
0b
0h
#16250000000
1!
1)
1b
1h
#16260000000
0!
0)
0b
0h
#16270000000
1!
1)
1b
1h
#16280000000
0!
0)
0b
0h
#16290000000
1!
1)
1b
1h
#16300000000
0!
0)
0b
0h
#16310000000
1!
1)
1b
1h
#16320000000
0!
0)
0b
0h
#16330000000
1!
1)
1b
1h
#16340000000
0!
0)
0b
0h
#16350000000
1!
1)
1b
1h
#16360000000
0!
0)
0b
0h
#16370000000
1!
1)
1b
1h
#16380000000
0!
0)
0b
0h
#16390000000
1!
1)
1b
1h
#16400000000
0!
0)
0b
0h
#16410000000
1!
1)
1b
1h
#16420000000
0!
0)
0b
0h
#16430000000
1!
1)
1b
1h
#16440000000
0!
0)
0b
0h
#16450000000
1!
1)
1b
1h
#16460000000
0!
0)
0b
0h
#16470000000
1!
1)
1b
1h
#16480000000
0!
0)
0b
0h
#16490000000
1!
1)
1b
1h
#16500000000
0!
0)
0b
0h
#16510000000
1!
1)
1b
1h
#16520000000
0!
0)
0b
0h
#16530000000
1!
1)
1b
1h
#16540000000
0!
0)
0b
0h
#16550000000
1!
1)
1b
1h
#16560000000
0!
0)
0b
0h
#16570000000
1!
1)
1b
1h
#16580000000
0!
0)
0b
0h
#16590000000
1!
1)
1b
1h
#16600000000
0!
0)
0b
0h
#16610000000
1!
1)
1b
1h
#16620000000
0!
0)
0b
0h
#16630000000
1!
1)
1b
1h
#16640000000
0!
0)
0b
0h
#16650000000
1!
1)
1b
1h
#16660000000
0!
0)
0b
0h
#16670000000
1!
1)
1b
1h
#16680000000
0!
0)
0b
0h
#16690000000
1!
1)
1b
1h
#16700000000
0!
0)
0b
0h
#16710000000
1!
1)
1b
1h
#16720000000
0!
0)
0b
0h
#16730000000
1!
1)
1b
1h
#16740000000
0!
0)
0b
0h
#16750000000
1!
1)
1b
1h
#16760000000
0!
0)
0b
0h
#16770000000
1!
1)
1b
1h
#16780000000
0!
0)
0b
0h
#16790000000
1!
1)
1b
1h
#16800000000
0!
0)
0b
0h
#16810000000
1!
1)
1b
1h
#16820000000
0!
0)
0b
0h
#16830000000
1!
1)
1b
1h
#16840000000
0!
0)
0b
0h
#16850000000
1!
1)
1b
1h
#16860000000
0!
0)
0b
0h
#16870000000
1!
1)
1b
1h
#16880000000
0!
0)
0b
0h
#16890000000
1!
1)
1b
1h
#16900000000
0!
0)
0b
0h
#16910000000
1!
1)
1b
1h
#16920000000
0!
0)
0b
0h
#16930000000
1!
1)
1b
1h
#16940000000
0!
0)
0b
0h
#16950000000
1!
1)
1b
1h
#16960000000
0!
0)
0b
0h
#16970000000
1!
1)
1b
1h
#16980000000
0!
0)
0b
0h
#16990000000
1!
1)
1b
1h
#17000000000
0!
0)
0b
0h
#17010000000
1!
1)
1b
1h
#17020000000
0!
0)
0b
0h
#17030000000
1!
1)
1b
1h
#17040000000
0!
0)
0b
0h
#17050000000
1!
1)
1b
1h
#17060000000
0!
0)
0b
0h
#17070000000
1!
1)
1b
1h
#17080000000
0!
0)
0b
0h
#17090000000
1!
1)
1b
1h
#17100000000
0!
0)
0b
0h
#17110000000
1!
1)
1b
1h
#17120000000
0!
0)
0b
0h
#17130000000
1!
1)
1b
1h
#17140000000
0!
0)
0b
0h
#17150000000
1!
1)
1b
1h
#17160000000
0!
0)
0b
0h
#17170000000
1!
1)
1b
1h
#17180000000
0!
0)
0b
0h
#17190000000
1!
1)
1b
1h
#17200000000
0!
0)
0b
0h
#17210000000
1!
1)
1b
1h
#17220000000
0!
0)
0b
0h
#17230000000
1!
1)
1b
1h
#17240000000
0!
0)
0b
0h
#17250000000
1!
1)
1b
1h
#17260000000
0!
0)
0b
0h
#17270000000
1!
1)
1b
1h
#17280000000
0!
0)
0b
0h
#17290000000
1!
1)
1b
1h
#17300000000
0!
0)
0b
0h
#17310000000
1!
1)
1b
1h
#17320000000
0!
0)
0b
0h
#17330000000
1!
1)
1b
1h
#17340000000
0!
0)
0b
0h
#17350000000
1!
1)
1b
1h
#17360000000
0!
0)
0b
0h
#17370000000
1!
1)
1b
1h
#17380000000
0!
0)
0b
0h
#17390000000
1!
1)
1b
1h
#17400000000
0!
0)
0b
0h
#17410000000
1!
1)
1b
1h
#17420000000
0!
0)
0b
0h
#17430000000
1!
1)
1b
1h
#17440000000
0!
0)
0b
0h
#17450000000
1!
1)
1b
1h
#17460000000
0!
0)
0b
0h
#17470000000
1!
1)
1b
1h
#17480000000
0!
0)
0b
0h
#17490000000
1!
1)
1b
1h
#17500000000
0!
0)
0b
0h
#17510000000
1!
1)
1b
1h
#17520000000
0!
0)
0b
0h
#17530000000
1!
1)
1b
1h
#17540000000
0!
0)
0b
0h
#17550000000
1!
1)
1b
1h
#17560000000
0!
0)
0b
0h
#17570000000
1!
1)
1b
1h
#17580000000
0!
0)
0b
0h
#17590000000
1!
1)
1b
1h
#17600000000
0!
0)
0b
0h
#17610000000
1!
1)
1b
1h
#17620000000
0!
0)
0b
0h
#17630000000
1!
1)
1b
1h
#17640000000
0!
0)
0b
0h
#17650000000
1!
1)
1b
1h
#17660000000
0!
0)
0b
0h
#17670000000
1!
1)
1b
1h
#17680000000
0!
0)
0b
0h
#17690000000
1!
1)
1b
1h
#17700000000
0!
0)
0b
0h
#17710000000
1!
1)
1b
1h
#17720000000
0!
0)
0b
0h
#17730000000
1!
1)
1b
1h
#17740000000
0!
0)
0b
0h
#17750000000
1!
1)
1b
1h
#17760000000
0!
0)
0b
0h
#17770000000
1!
1)
1b
1h
#17780000000
0!
0)
0b
0h
#17790000000
1!
1)
1b
1h
#17800000000
0!
0)
0b
0h
#17810000000
1!
1)
1b
1h
#17820000000
0!
0)
0b
0h
#17830000000
1!
1)
1b
1h
#17840000000
0!
0)
0b
0h
#17850000000
1!
1)
1b
1h
#17860000000
0!
0)
0b
0h
#17870000000
1!
1)
1b
1h
#17880000000
0!
0)
0b
0h
#17890000000
1!
1)
1b
1h
#17900000000
0!
0)
0b
0h
#17910000000
1!
1)
1b
1h
#17920000000
0!
0)
0b
0h
#17930000000
1!
1)
1b
1h
#17940000000
0!
0)
0b
0h
#17950000000
1!
1)
1b
1h
#17960000000
0!
0)
0b
0h
#17970000000
1!
1)
1b
1h
#17980000000
0!
0)
0b
0h
#17990000000
1!
1)
1b
1h
#18000000000
0!
0)
0b
0h
#18010000000
1!
1)
1b
1h
#18020000000
0!
0)
0b
0h
#18030000000
1!
1)
1b
1h
#18040000000
0!
0)
0b
0h
#18050000000
1!
1)
1b
1h
#18060000000
0!
0)
0b
0h
#18070000000
1!
1)
1b
1h
#18080000000
0!
0)
0b
0h
#18090000000
1!
1)
1b
1h
#18100000000
0!
0)
0b
0h
#18110000000
1!
1)
1b
1h
#18120000000
0!
0)
0b
0h
#18130000000
1!
1)
1b
1h
#18140000000
0!
0)
0b
0h
#18150000000
1!
1)
1b
1h
#18160000000
0!
0)
0b
0h
#18170000000
1!
1)
1b
1h
#18180000000
0!
0)
0b
0h
#18190000000
1!
1)
1b
1h
#18200000000
0!
0)
0b
0h
#18210000000
1!
1)
1b
1h
#18220000000
0!
0)
0b
0h
#18230000000
1!
1)
1b
1h
#18240000000
0!
0)
0b
0h
#18250000000
1!
1)
1b
1h
#18260000000
0!
0)
0b
0h
#18270000000
1!
1)
1b
1h
#18280000000
0!
0)
0b
0h
#18290000000
1!
1)
1b
1h
#18300000000
0!
0)
0b
0h
#18310000000
1!
1)
1b
1h
#18320000000
0!
0)
0b
0h
#18330000000
1!
1)
1b
1h
#18340000000
0!
0)
0b
0h
#18350000000
1!
1)
1b
1h
#18360000000
0!
0)
0b
0h
#18370000000
1!
1)
1b
1h
#18380000000
0!
0)
0b
0h
#18390000000
1!
1)
1b
1h
#18400000000
0!
0)
0b
0h
#18410000000
1!
1)
1b
1h
#18420000000
0!
0)
0b
0h
#18430000000
1!
1)
1b
1h
#18440000000
0!
0)
0b
0h
#18450000000
1!
1)
1b
1h
#18460000000
0!
0)
0b
0h
#18470000000
1!
1)
1b
1h
#18480000000
0!
0)
0b
0h
#18490000000
1!
1)
1b
1h
#18500000000
0!
0)
0b
0h
#18510000000
1!
1)
1b
1h
#18520000000
0!
0)
0b
0h
#18530000000
1!
1)
1b
1h
#18540000000
0!
0)
0b
0h
#18550000000
1!
1)
1b
1h
#18560000000
0!
0)
0b
0h
#18570000000
1!
1)
1b
1h
#18580000000
0!
0)
0b
0h
#18590000000
1!
1)
1b
1h
#18600000000
0!
0)
0b
0h
#18610000000
1!
1)
1b
1h
#18620000000
0!
0)
0b
0h
#18630000000
1!
1)
1b
1h
#18640000000
0!
0)
0b
0h
#18650000000
1!
1)
1b
1h
#18660000000
0!
0)
0b
0h
#18670000000
1!
1)
1b
1h
#18680000000
0!
0)
0b
0h
#18690000000
1!
1)
1b
1h
#18700000000
0!
0)
0b
0h
#18710000000
1!
1)
1b
1h
#18720000000
0!
0)
0b
0h
#18730000000
1!
1)
1b
1h
#18740000000
0!
0)
0b
0h
#18750000000
1!
1)
1b
1h
#18760000000
0!
0)
0b
0h
#18770000000
1!
1)
1b
1h
#18780000000
0!
0)
0b
0h
#18790000000
1!
1)
1b
1h
#18800000000
0!
0)
0b
0h
#18810000000
1!
1)
1b
1h
#18820000000
0!
0)
0b
0h
#18830000000
1!
1)
1b
1h
#18840000000
0!
0)
0b
0h
#18850000000
1!
1)
1b
1h
#18860000000
0!
0)
0b
0h
#18870000000
1!
1)
1b
1h
#18880000000
0!
0)
0b
0h
#18890000000
1!
1)
1b
1h
#18900000000
0!
0)
0b
0h
#18910000000
1!
1)
1b
1h
#18920000000
0!
0)
0b
0h
#18930000000
1!
1)
1b
1h
#18940000000
0!
0)
0b
0h
#18950000000
1!
1)
1b
1h
#18960000000
0!
0)
0b
0h
#18970000000
1!
1)
1b
1h
#18980000000
0!
0)
0b
0h
#18990000000
1!
1)
1b
1h
#19000000000
0!
0)
0b
0h
#19010000000
1!
1)
1b
1h
#19020000000
0!
0)
0b
0h
#19030000000
1!
1)
1b
1h
#19040000000
0!
0)
0b
0h
#19050000000
1!
1)
1b
1h
#19060000000
0!
0)
0b
0h
#19070000000
1!
1)
1b
1h
#19080000000
0!
0)
0b
0h
#19090000000
1!
1)
1b
1h
#19100000000
0!
0)
0b
0h
#19110000000
1!
1)
1b
1h
#19120000000
0!
0)
0b
0h
#19130000000
1!
1)
1b
1h
#19140000000
0!
0)
0b
0h
#19150000000
1!
1)
1b
1h
#19160000000
0!
0)
0b
0h
#19170000000
1!
1)
1b
1h
#19180000000
0!
0)
0b
0h
#19190000000
1!
1)
1b
1h
#19200000000
0!
0)
0b
0h
#19210000000
1!
1)
1b
1h
#19220000000
0!
0)
0b
0h
#19230000000
1!
1)
1b
1h
#19240000000
0!
0)
0b
0h
#19250000000
1!
1)
1b
1h
#19260000000
0!
0)
0b
0h
#19270000000
1!
1)
1b
1h
#19280000000
0!
0)
0b
0h
#19290000000
1!
1)
1b
1h
#19300000000
0!
0)
0b
0h
#19310000000
1!
1)
1b
1h
#19320000000
0!
0)
0b
0h
#19330000000
1!
1)
1b
1h
#19340000000
0!
0)
0b
0h
#19350000000
1!
1)
1b
1h
#19360000000
0!
0)
0b
0h
#19370000000
1!
1)
1b
1h
#19380000000
0!
0)
0b
0h
#19390000000
1!
1)
1b
1h
#19400000000
0!
0)
0b
0h
#19410000000
1!
1)
1b
1h
#19420000000
0!
0)
0b
0h
#19430000000
1!
1)
1b
1h
#19440000000
0!
0)
0b
0h
#19450000000
1!
1)
1b
1h
#19460000000
0!
0)
0b
0h
#19470000000
1!
1)
1b
1h
#19480000000
0!
0)
0b
0h
#19490000000
1!
1)
1b
1h
#19500000000
0!
0)
0b
0h
#19510000000
1!
1)
1b
1h
#19520000000
0!
0)
0b
0h
#19530000000
1!
1)
1b
1h
#19540000000
0!
0)
0b
0h
#19550000000
1!
1)
1b
1h
#19560000000
0!
0)
0b
0h
#19570000000
1!
1)
1b
1h
#19580000000
0!
0)
0b
0h
#19590000000
1!
1)
1b
1h
#19600000000
0!
0)
0b
0h
#19610000000
1!
1)
1b
1h
#19620000000
0!
0)
0b
0h
#19630000000
1!
1)
1b
1h
#19640000000
0!
0)
0b
0h
#19650000000
1!
1)
1b
1h
#19660000000
0!
0)
0b
0h
#19670000000
1!
1)
1b
1h
#19680000000
0!
0)
0b
0h
#19690000000
1!
1)
1b
1h
#19700000000
0!
0)
0b
0h
#19710000000
1!
1)
1b
1h
#19720000000
0!
0)
0b
0h
#19730000000
1!
1)
1b
1h
#19740000000
0!
0)
0b
0h
#19750000000
1!
1)
1b
1h
#19760000000
0!
0)
0b
0h
#19770000000
1!
1)
1b
1h
#19780000000
0!
0)
0b
0h
#19790000000
1!
1)
1b
1h
#19800000000
0!
0)
0b
0h
#19810000000
1!
1)
1b
1h
#19820000000
0!
0)
0b
0h
#19830000000
1!
1)
1b
1h
#19840000000
0!
0)
0b
0h
#19850000000
1!
1)
1b
1h
#19860000000
0!
0)
0b
0h
#19870000000
1!
1)
1b
1h
#19880000000
0!
0)
0b
0h
#19890000000
1!
1)
1b
1h
#19900000000
0!
0)
0b
0h
#19910000000
1!
1)
1b
1h
#19920000000
0!
0)
0b
0h
#19930000000
1!
1)
1b
1h
#19940000000
0!
0)
0b
0h
#19950000000
1!
1)
1b
1h
#19960000000
0!
0)
0b
0h
#19970000000
1!
1)
1b
1h
#19980000000
0!
0)
0b
0h
#19990000000
1!
1)
1b
1h
#20000000000
0!
0)
0b
0h
#20010000000
1!
1)
1b
1h
#20020000000
0!
0)
0b
0h
#20030000000
1!
1)
1b
1h
#20040000000
0!
0)
0b
0h
#20050000000
1!
1)
1b
1h
#20060000000
0!
0)
0b
0h
#20070000000
1!
1)
1b
1h
#20080000000
0!
0)
0b
0h
#20090000000
1!
1)
1b
1h
#20100000000
0!
0)
0b
0h
#20110000000
1!
1)
1b
1h
#20120000000
0!
0)
0b
0h
#20130000000
1!
1)
1b
1h
#20140000000
0!
0)
0b
0h
#20150000000
1!
1)
1b
1h
#20160000000
0!
0)
0b
0h
#20170000000
1!
1)
1b
1h
#20180000000
0!
0)
0b
0h
#20190000000
1!
1)
1b
1h
#20200000000
0!
0)
0b
0h
#20210000000
1!
1)
1b
1h
#20220000000
0!
0)
0b
0h
#20230000000
1!
1)
1b
1h
#20240000000
0!
0)
0b
0h
#20250000000
1!
1)
1b
1h
#20260000000
0!
0)
0b
0h
#20270000000
1!
1)
1b
1h
#20280000000
0!
0)
0b
0h
#20290000000
1!
1)
1b
1h
#20300000000
0!
0)
0b
0h
#20310000000
1!
1)
1b
1h
#20320000000
0!
0)
0b
0h
#20330000000
1!
1)
1b
1h
#20340000000
0!
0)
0b
0h
#20350000000
1!
1)
1b
1h
#20360000000
0!
0)
0b
0h
#20370000000
1!
1)
1b
1h
#20380000000
0!
0)
0b
0h
#20390000000
1!
1)
1b
1h
#20400000000
0!
0)
0b
0h
#20410000000
1!
1)
1b
1h
#20420000000
0!
0)
0b
0h
#20430000000
1!
1)
1b
1h
#20440000000
0!
0)
0b
0h
#20450000000
1!
1)
1b
1h
#20460000000
0!
0)
0b
0h
#20470000000
1!
1)
1b
1h
#20480000000
0!
0)
0b
0h
#20490000000
1!
1)
1b
1h
#20500000000
0!
0)
0b
0h
#20510000000
1!
1)
1b
1h
#20520000000
0!
0)
0b
0h
#20530000000
1!
1)
1b
1h
#20540000000
0!
0)
0b
0h
#20550000000
1!
1)
1b
1h
#20560000000
0!
0)
0b
0h
#20570000000
1!
1)
1b
1h
#20580000000
0!
0)
0b
0h
#20590000000
1!
1)
1b
1h
#20600000000
0!
0)
0b
0h
#20610000000
1!
1)
1b
1h
#20620000000
0!
0)
0b
0h
#20630000000
1!
1)
1b
1h
#20640000000
0!
0)
0b
0h
#20650000000
1!
1)
1b
1h
#20660000000
0!
0)
0b
0h
#20670000000
1!
1)
1b
1h
#20680000000
0!
0)
0b
0h
#20690000000
1!
1)
1b
1h
#20700000000
0!
0)
0b
0h
#20710000000
1!
1)
1b
1h
#20720000000
0!
0)
0b
0h
#20730000000
1!
1)
1b
1h
#20740000000
0!
0)
0b
0h
#20750000000
1!
1)
1b
1h
#20760000000
0!
0)
0b
0h
#20770000000
1!
1)
1b
1h
#20780000000
0!
0)
0b
0h
#20790000000
1!
1)
1b
1h
#20800000000
0!
0)
0b
0h
#20810000000
1!
1)
1b
1h
#20820000000
0!
0)
0b
0h
#20830000000
1!
1)
1b
1h
#20840000000
0!
0)
0b
0h
#20850000000
1!
1)
1b
1h
#20860000000
0!
0)
0b
0h
#20870000000
1!
1)
1b
1h
#20880000000
0!
0)
0b
0h
#20890000000
1!
1)
1b
1h
#20900000000
0!
0)
0b
0h
#20910000000
1!
1)
1b
1h
#20920000000
0!
0)
0b
0h
#20930000000
1!
1)
1b
1h
#20940000000
0!
0)
0b
0h
#20950000000
1!
1)
1b
1h
#20960000000
0!
0)
0b
0h
#20970000000
1!
1)
1b
1h
#20980000000
0!
0)
0b
0h
#20990000000
1!
1)
1b
1h
#21000000000
0!
0)
0b
0h
#21010000000
1!
1)
1b
1h
#21020000000
0!
0)
0b
0h
#21030000000
1!
1)
1b
1h
#21040000000
0!
0)
0b
0h
#21050000000
1!
1)
1b
1h
#21060000000
0!
0)
0b
0h
#21070000000
1!
1)
1b
1h
#21080000000
0!
0)
0b
0h
#21090000000
1!
1)
1b
1h
#21100000000
0!
0)
0b
0h
#21110000000
1!
1)
1b
1h
#21120000000
0!
0)
0b
0h
#21130000000
1!
1)
1b
1h
#21140000000
0!
0)
0b
0h
#21150000000
1!
1)
1b
1h
#21160000000
0!
0)
0b
0h
#21170000000
1!
1)
1b
1h
#21180000000
0!
0)
0b
0h
#21190000000
1!
1)
1b
1h
#21200000000
0!
0)
0b
0h
#21210000000
1!
1)
1b
1h
#21220000000
0!
0)
0b
0h
#21230000000
1!
1)
1b
1h
#21240000000
0!
0)
0b
0h
#21250000000
1!
1)
1b
1h
#21260000000
0!
0)
0b
0h
#21270000000
1!
1)
1b
1h
#21280000000
0!
0)
0b
0h
#21290000000
1!
1)
1b
1h
#21300000000
0!
0)
0b
0h
#21310000000
1!
1)
1b
1h
#21320000000
0!
0)
0b
0h
#21330000000
1!
1)
1b
1h
#21340000000
0!
0)
0b
0h
#21350000000
1!
1)
1b
1h
#21360000000
0!
0)
0b
0h
#21370000000
1!
1)
1b
1h
#21380000000
0!
0)
0b
0h
#21390000000
1!
1)
1b
1h
#21400000000
0!
0)
0b
0h
#21410000000
1!
1)
1b
1h
#21420000000
0!
0)
0b
0h
#21430000000
1!
1)
1b
1h
#21440000000
0!
0)
0b
0h
#21450000000
1!
1)
1b
1h
#21460000000
0!
0)
0b
0h
#21470000000
1!
1)
1b
1h
#21480000000
0!
0)
0b
0h
#21490000000
1!
1)
1b
1h
#21500000000
0!
0)
0b
0h
#21510000000
1!
1)
1b
1h
#21520000000
0!
0)
0b
0h
#21530000000
1!
1)
1b
1h
#21540000000
0!
0)
0b
0h
#21550000000
1!
1)
1b
1h
#21560000000
0!
0)
0b
0h
#21570000000
1!
1)
1b
1h
#21580000000
0!
0)
0b
0h
#21590000000
1!
1)
1b
1h
#21600000000
0!
0)
0b
0h
#21610000000
1!
1)
1b
1h
#21620000000
0!
0)
0b
0h
#21630000000
1!
1)
1b
1h
#21640000000
0!
0)
0b
0h
#21650000000
1!
1)
1b
1h
#21660000000
0!
0)
0b
0h
#21670000000
1!
1)
1b
1h
#21680000000
0!
0)
0b
0h
#21690000000
1!
1)
1b
1h
#21700000000
0!
0)
0b
0h
#21710000000
1!
1)
1b
1h
#21720000000
0!
0)
0b
0h
#21730000000
1!
1)
1b
1h
#21740000000
0!
0)
0b
0h
#21750000000
1!
1)
1b
1h
#21760000000
0!
0)
0b
0h
#21770000000
1!
1)
1b
1h
#21780000000
0!
0)
0b
0h
#21790000000
1!
1)
1b
1h
#21800000000
0!
0)
0b
0h
#21810000000
1!
1)
1b
1h
#21820000000
0!
0)
0b
0h
#21830000000
1!
1)
1b
1h
#21840000000
0!
0)
0b
0h
#21850000000
1!
1)
1b
1h
#21860000000
0!
0)
0b
0h
#21870000000
1!
1)
1b
1h
#21880000000
0!
0)
0b
0h
#21890000000
1!
1)
1b
1h
#21900000000
0!
0)
0b
0h
#21910000000
1!
1)
1b
1h
#21920000000
0!
0)
0b
0h
#21930000000
1!
1)
1b
1h
#21940000000
0!
0)
0b
0h
#21950000000
1!
1)
1b
1h
#21960000000
0!
0)
0b
0h
#21970000000
1!
1)
1b
1h
#21980000000
0!
0)
0b
0h
#21990000000
1!
1)
1b
1h
#22000000000
0!
0)
0b
0h
#22010000000
1!
1)
1b
1h
#22020000000
0!
0)
0b
0h
#22030000000
1!
1)
1b
1h
#22040000000
0!
0)
0b
0h
#22050000000
1!
1)
1b
1h
#22060000000
0!
0)
0b
0h
#22070000000
1!
1)
1b
1h
#22080000000
0!
0)
0b
0h
#22090000000
1!
1)
1b
1h
#22100000000
0!
0)
0b
0h
#22110000000
1!
1)
1b
1h
#22120000000
0!
0)
0b
0h
#22130000000
1!
1)
1b
1h
#22140000000
0!
0)
0b
0h
#22150000000
1!
1)
1b
1h
#22160000000
0!
0)
0b
0h
#22170000000
1!
1)
1b
1h
#22180000000
0!
0)
0b
0h
#22190000000
1!
1)
1b
1h
#22200000000
0!
0)
0b
0h
#22210000000
1!
1)
1b
1h
#22220000000
0!
0)
0b
0h
#22230000000
1!
1)
1b
1h
#22240000000
0!
0)
0b
0h
#22250000000
1!
1)
1b
1h
#22260000000
0!
0)
0b
0h
#22270000000
1!
1)
1b
1h
#22280000000
0!
0)
0b
0h
#22290000000
1!
1)
1b
1h
#22300000000
0!
0)
0b
0h
#22310000000
1!
1)
1b
1h
#22320000000
0!
0)
0b
0h
#22330000000
1!
1)
1b
1h
#22340000000
0!
0)
0b
0h
#22350000000
1!
1)
1b
1h
#22360000000
0!
0)
0b
0h
#22370000000
1!
1)
1b
1h
#22380000000
0!
0)
0b
0h
#22390000000
1!
1)
1b
1h
#22400000000
0!
0)
0b
0h
#22410000000
1!
1)
1b
1h
#22420000000
0!
0)
0b
0h
#22430000000
1!
1)
1b
1h
#22440000000
0!
0)
0b
0h
#22450000000
1!
1)
1b
1h
#22460000000
0!
0)
0b
0h
#22470000000
1!
1)
1b
1h
#22480000000
0!
0)
0b
0h
#22490000000
1!
1)
1b
1h
#22500000000
0!
0)
0b
0h
#22510000000
1!
1)
1b
1h
#22520000000
0!
0)
0b
0h
#22530000000
1!
1)
1b
1h
#22540000000
0!
0)
0b
0h
#22550000000
1!
1)
1b
1h
#22560000000
0!
0)
0b
0h
#22570000000
1!
1)
1b
1h
#22580000000
0!
0)
0b
0h
#22590000000
1!
1)
1b
1h
#22600000000
0!
0)
0b
0h
#22610000000
1!
1)
1b
1h
#22620000000
0!
0)
0b
0h
#22630000000
1!
1)
1b
1h
#22640000000
0!
0)
0b
0h
#22650000000
1!
1)
1b
1h
#22660000000
0!
0)
0b
0h
#22670000000
1!
1)
1b
1h
#22680000000
0!
0)
0b
0h
#22690000000
1!
1)
1b
1h
#22700000000
0!
0)
0b
0h
#22710000000
1!
1)
1b
1h
#22720000000
0!
0)
0b
0h
#22730000000
1!
1)
1b
1h
#22740000000
0!
0)
0b
0h
#22750000000
1!
1)
1b
1h
#22760000000
0!
0)
0b
0h
#22770000000
1!
1)
1b
1h
#22780000000
0!
0)
0b
0h
#22790000000
1!
1)
1b
1h
#22800000000
0!
0)
0b
0h
#22810000000
1!
1)
1b
1h
#22820000000
0!
0)
0b
0h
#22830000000
1!
1)
1b
1h
#22840000000
0!
0)
0b
0h
#22850000000
1!
1)
1b
1h
#22860000000
0!
0)
0b
0h
#22870000000
1!
1)
1b
1h
#22880000000
0!
0)
0b
0h
#22890000000
1!
1)
1b
1h
#22900000000
0!
0)
0b
0h
#22910000000
1!
1)
1b
1h
#22920000000
0!
0)
0b
0h
#22930000000
1!
1)
1b
1h
#22940000000
0!
0)
0b
0h
#22950000000
1!
1)
1b
1h
#22960000000
0!
0)
0b
0h
#22970000000
1!
1)
1b
1h
#22980000000
0!
0)
0b
0h
#22990000000
1!
1)
1b
1h
#23000000000
0!
0)
0b
0h
#23010000000
1!
1)
1b
1h
#23020000000
0!
0)
0b
0h
#23030000000
1!
1)
1b
1h
#23040000000
0!
0)
0b
0h
#23050000000
1!
1)
1b
1h
#23060000000
0!
0)
0b
0h
#23070000000
1!
1)
1b
1h
#23080000000
0!
0)
0b
0h
#23090000000
1!
1)
1b
1h
#23100000000
0!
0)
0b
0h
#23110000000
1!
1)
1b
1h
#23120000000
0!
0)
0b
0h
#23130000000
1!
1)
1b
1h
#23140000000
0!
0)
0b
0h
#23150000000
1!
1)
1b
1h
#23160000000
0!
0)
0b
0h
#23170000000
1!
1)
1b
1h
#23180000000
0!
0)
0b
0h
#23190000000
1!
1)
1b
1h
#23200000000
0!
0)
0b
0h
#23210000000
1!
1)
1b
1h
#23220000000
0!
0)
0b
0h
#23230000000
1!
1)
1b
1h
#23240000000
0!
0)
0b
0h
#23250000000
1!
1)
1b
1h
#23260000000
0!
0)
0b
0h
#23270000000
1!
1)
1b
1h
#23280000000
0!
0)
0b
0h
#23290000000
1!
1)
1b
1h
#23300000000
0!
0)
0b
0h
#23310000000
1!
1)
1b
1h
#23320000000
0!
0)
0b
0h
#23330000000
1!
1)
1b
1h
#23340000000
0!
0)
0b
0h
#23350000000
1!
1)
1b
1h
#23360000000
0!
0)
0b
0h
#23370000000
1!
1)
1b
1h
#23380000000
0!
0)
0b
0h
#23390000000
1!
1)
1b
1h
#23400000000
0!
0)
0b
0h
#23410000000
1!
1)
1b
1h
#23420000000
0!
0)
0b
0h
#23430000000
1!
1)
1b
1h
#23440000000
0!
0)
0b
0h
#23450000000
1!
1)
1b
1h
#23460000000
0!
0)
0b
0h
#23470000000
1!
1)
1b
1h
#23480000000
0!
0)
0b
0h
#23490000000
1!
1)
1b
1h
#23500000000
0!
0)
0b
0h
#23510000000
1!
1)
1b
1h
#23520000000
0!
0)
0b
0h
#23530000000
1!
1)
1b
1h
#23540000000
0!
0)
0b
0h
#23550000000
1!
1)
1b
1h
#23560000000
0!
0)
0b
0h
#23570000000
1!
1)
1b
1h
#23580000000
0!
0)
0b
0h
#23590000000
1!
1)
1b
1h
#23600000000
0!
0)
0b
0h
#23610000000
1!
1)
1b
1h
#23620000000
0!
0)
0b
0h
#23630000000
1!
1)
1b
1h
#23640000000
0!
0)
0b
0h
#23650000000
1!
1)
1b
1h
#23660000000
0!
0)
0b
0h
#23670000000
1!
1)
1b
1h
#23680000000
0!
0)
0b
0h
#23690000000
1!
1)
1b
1h
#23700000000
0!
0)
0b
0h
#23710000000
1!
1)
1b
1h
#23720000000
0!
0)
0b
0h
#23730000000
1!
1)
1b
1h
#23740000000
0!
0)
0b
0h
#23750000000
1!
1)
1b
1h
#23760000000
0!
0)
0b
0h
#23770000000
1!
1)
1b
1h
#23780000000
0!
0)
0b
0h
#23790000000
1!
1)
1b
1h
#23800000000
0!
0)
0b
0h
#23810000000
1!
1)
1b
1h
#23820000000
0!
0)
0b
0h
#23830000000
1!
1)
1b
1h
#23840000000
0!
0)
0b
0h
#23850000000
1!
1)
1b
1h
#23860000000
0!
0)
0b
0h
#23870000000
1!
1)
1b
1h
#23880000000
0!
0)
0b
0h
#23890000000
1!
1)
1b
1h
#23900000000
0!
0)
0b
0h
#23910000000
1!
1)
1b
1h
#23920000000
0!
0)
0b
0h
#23930000000
1!
1)
1b
1h
#23940000000
0!
0)
0b
0h
#23950000000
1!
1)
1b
1h
#23960000000
0!
0)
0b
0h
#23970000000
1!
1)
1b
1h
#23980000000
0!
0)
0b
0h
#23990000000
1!
1)
1b
1h
#24000000000
0!
0)
0b
0h
#24010000000
1!
1)
1b
1h
#24020000000
0!
0)
0b
0h
#24030000000
1!
1)
1b
1h
#24040000000
0!
0)
0b
0h
#24050000000
1!
1)
1b
1h
#24060000000
0!
0)
0b
0h
#24070000000
1!
1)
1b
1h
#24080000000
0!
0)
0b
0h
#24090000000
1!
1)
1b
1h
#24100000000
0!
0)
0b
0h
#24110000000
1!
1)
1b
1h
#24120000000
0!
0)
0b
0h
#24130000000
1!
1)
1b
1h
#24140000000
0!
0)
0b
0h
#24150000000
1!
1)
1b
1h
#24160000000
0!
0)
0b
0h
#24170000000
1!
1)
1b
1h
#24180000000
0!
0)
0b
0h
#24190000000
1!
1)
1b
1h
#24200000000
0!
0)
0b
0h
#24210000000
1!
1)
1b
1h
#24220000000
0!
0)
0b
0h
#24230000000
1!
1)
1b
1h
#24240000000
0!
0)
0b
0h
#24250000000
1!
1)
1b
1h
#24260000000
0!
0)
0b
0h
#24270000000
1!
1)
1b
1h
#24280000000
0!
0)
0b
0h
#24290000000
1!
1)
1b
1h
#24300000000
0!
0)
0b
0h
#24310000000
1!
1)
1b
1h
#24320000000
0!
0)
0b
0h
#24330000000
1!
1)
1b
1h
#24340000000
0!
0)
0b
0h
#24350000000
1!
1)
1b
1h
#24360000000
0!
0)
0b
0h
#24370000000
1!
1)
1b
1h
#24380000000
0!
0)
0b
0h
#24390000000
1!
1)
1b
1h
#24400000000
0!
0)
0b
0h
#24410000000
1!
1)
1b
1h
#24420000000
0!
0)
0b
0h
#24430000000
1!
1)
1b
1h
#24440000000
0!
0)
0b
0h
#24450000000
1!
1)
1b
1h
#24460000000
0!
0)
0b
0h
#24470000000
1!
1)
1b
1h
#24480000000
0!
0)
0b
0h
#24490000000
1!
1)
1b
1h
#24500000000
0!
0)
0b
0h
#24510000000
1!
1)
1b
1h
#24520000000
0!
0)
0b
0h
#24530000000
1!
1)
1b
1h
#24540000000
0!
0)
0b
0h
#24550000000
1!
1)
1b
1h
#24560000000
0!
0)
0b
0h
#24570000000
1!
1)
1b
1h
#24580000000
0!
0)
0b
0h
#24590000000
1!
1)
1b
1h
#24600000000
0!
0)
0b
0h
#24610000000
1!
1)
1b
1h
#24620000000
0!
0)
0b
0h
#24630000000
1!
1)
1b
1h
#24640000000
0!
0)
0b
0h
#24650000000
1!
1)
1b
1h
#24660000000
0!
0)
0b
0h
#24670000000
1!
1)
1b
1h
#24680000000
0!
0)
0b
0h
#24690000000
1!
1)
1b
1h
#24700000000
0!
0)
0b
0h
#24710000000
1!
1)
1b
1h
#24720000000
0!
0)
0b
0h
#24730000000
1!
1)
1b
1h
#24740000000
0!
0)
0b
0h
#24750000000
1!
1)
1b
1h
#24760000000
0!
0)
0b
0h
#24770000000
1!
1)
1b
1h
#24780000000
0!
0)
0b
0h
#24790000000
1!
1)
1b
1h
#24800000000
0!
0)
0b
0h
#24810000000
1!
1)
1b
1h
#24820000000
0!
0)
0b
0h
#24830000000
1!
1)
1b
1h
#24840000000
0!
0)
0b
0h
#24850000000
1!
1)
1b
1h
#24860000000
0!
0)
0b
0h
#24870000000
1!
1)
1b
1h
#24880000000
0!
0)
0b
0h
#24890000000
1!
1)
1b
1h
#24900000000
0!
0)
0b
0h
#24910000000
1!
1)
1b
1h
#24920000000
0!
0)
0b
0h
#24930000000
1!
1)
1b
1h
#24940000000
0!
0)
0b
0h
#24950000000
1!
1)
1b
1h
#24960000000
0!
0)
0b
0h
#24970000000
1!
1)
1b
1h
#24980000000
0!
0)
0b
0h
#24990000000
1!
1)
1b
1h
#25000000000
0!
0)
0b
0h
#25010000000
1!
1)
1b
1h
#25020000000
0!
0)
0b
0h
#25030000000
1!
1)
1b
1h
#25040000000
0!
0)
0b
0h
#25050000000
1!
1)
1b
1h
#25060000000
0!
0)
0b
0h
#25070000000
1!
1)
1b
1h
#25080000000
0!
0)
0b
0h
#25090000000
1!
1)
1b
1h
#25100000000
0!
0)
0b
0h
#25110000000
1!
1)
1b
1h
#25120000000
0!
0)
0b
0h
#25130000000
1!
1)
1b
1h
#25140000000
0!
0)
0b
0h
#25150000000
1!
1)
1b
1h
#25160000000
0!
0)
0b
0h
#25170000000
1!
1)
1b
1h
#25180000000
0!
0)
0b
0h
#25190000000
1!
1)
1b
1h
#25200000000
0!
0)
0b
0h
#25210000000
1!
1)
1b
1h
#25220000000
0!
0)
0b
0h
#25230000000
1!
1)
1b
1h
#25240000000
0!
0)
0b
0h
#25250000000
1!
1)
1b
1h
#25260000000
0!
0)
0b
0h
#25270000000
1!
1)
1b
1h
#25280000000
0!
0)
0b
0h
#25290000000
1!
1)
1b
1h
#25300000000
0!
0)
0b
0h
#25310000000
1!
1)
1b
1h
#25320000000
0!
0)
0b
0h
#25330000000
1!
1)
1b
1h
#25340000000
0!
0)
0b
0h
#25350000000
1!
1)
1b
1h
#25360000000
0!
0)
0b
0h
#25370000000
1!
1)
1b
1h
#25380000000
0!
0)
0b
0h
#25390000000
1!
1)
1b
1h
#25400000000
0!
0)
0b
0h
#25410000000
1!
1)
1b
1h
#25420000000
0!
0)
0b
0h
#25430000000
1!
1)
1b
1h
#25440000000
0!
0)
0b
0h
#25450000000
1!
1)
1b
1h
#25460000000
0!
0)
0b
0h
#25470000000
1!
1)
1b
1h
#25480000000
0!
0)
0b
0h
#25490000000
1!
1)
1b
1h
#25500000000
0!
0)
0b
0h
#25510000000
1!
1)
1b
1h
#25520000000
0!
0)
0b
0h
#25530000000
1!
1)
1b
1h
#25540000000
0!
0)
0b
0h
#25550000000
1!
1)
1b
1h
#25560000000
0!
0)
0b
0h
#25570000000
1!
1)
1b
1h
#25580000000
0!
0)
0b
0h
#25590000000
1!
1)
1b
1h
#25600000000
0!
0)
0b
0h
#25610000000
1!
1)
1b
1h
#25620000000
0!
0)
0b
0h
#25630000000
1!
1)
1b
1h
#25640000000
0!
0)
0b
0h
#25650000000
1!
1)
1b
1h
#25660000000
0!
0)
0b
0h
#25670000000
1!
1)
1b
1h
#25680000000
0!
0)
0b
0h
#25690000000
1!
1)
1b
1h
#25700000000
0!
0)
0b
0h
#25710000000
1!
1)
1b
1h
#25720000000
0!
0)
0b
0h
#25730000000
1!
1)
1b
1h
#25740000000
0!
0)
0b
0h
#25750000000
1!
1)
1b
1h
#25760000000
0!
0)
0b
0h
#25770000000
1!
1)
1b
1h
#25780000000
0!
0)
0b
0h
#25790000000
1!
1)
1b
1h
#25800000000
0!
0)
0b
0h
#25810000000
1!
1)
1b
1h
#25820000000
0!
0)
0b
0h
#25830000000
1!
1)
1b
1h
#25840000000
0!
0)
0b
0h
#25850000000
1!
1)
1b
1h
#25860000000
0!
0)
0b
0h
#25870000000
1!
1)
1b
1h
#25880000000
0!
0)
0b
0h
#25890000000
1!
1)
1b
1h
#25900000000
0!
0)
0b
0h
#25910000000
1!
1)
1b
1h
#25920000000
0!
0)
0b
0h
#25930000000
1!
1)
1b
1h
#25940000000
0!
0)
0b
0h
#25950000000
1!
1)
1b
1h
#25960000000
0!
0)
0b
0h
#25970000000
1!
1)
1b
1h
#25980000000
0!
0)
0b
0h
#25990000000
1!
1)
1b
1h
#26000000000
0!
0)
0b
0h
#26010000000
1!
1)
1b
1h
#26020000000
0!
0)
0b
0h
#26030000000
1!
1)
1b
1h
#26040000000
0!
0)
0b
0h
#26050000000
1!
1)
1b
1h
#26060000000
0!
0)
0b
0h
#26070000000
1!
1)
1b
1h
#26080000000
0!
0)
0b
0h
#26090000000
1!
1)
1b
1h
#26100000000
0!
0)
0b
0h
#26110000000
1!
1)
1b
1h
#26120000000
0!
0)
0b
0h
#26130000000
1!
1)
1b
1h
#26140000000
0!
0)
0b
0h
#26150000000
1!
1)
1b
1h
#26160000000
0!
0)
0b
0h
#26170000000
1!
1)
1b
1h
#26180000000
0!
0)
0b
0h
#26190000000
1!
1)
1b
1h
#26200000000
0!
0)
0b
0h
#26210000000
1!
1)
1b
1h
#26220000000
0!
0)
0b
0h
#26230000000
1!
1)
1b
1h
#26240000000
0!
0)
0b
0h
#26250000000
1!
1)
1b
1h
#26260000000
0!
0)
0b
0h
#26270000000
1!
1)
1b
1h
#26280000000
0!
0)
0b
0h
#26290000000
1!
1)
1b
1h
#26300000000
0!
0)
0b
0h
#26310000000
1!
1)
1b
1h
#26320000000
0!
0)
0b
0h
#26330000000
1!
1)
1b
1h
#26340000000
0!
0)
0b
0h
#26350000000
1!
1)
1b
1h
#26360000000
0!
0)
0b
0h
#26370000000
1!
1)
1b
1h
#26380000000
0!
0)
0b
0h
#26390000000
1!
1)
1b
1h
#26400000000
0!
0)
0b
0h
#26410000000
1!
1)
1b
1h
#26420000000
0!
0)
0b
0h
#26430000000
1!
1)
1b
1h
#26440000000
0!
0)
0b
0h
#26450000000
1!
1)
1b
1h
#26460000000
0!
0)
0b
0h
#26470000000
1!
1)
1b
1h
#26480000000
0!
0)
0b
0h
#26490000000
1!
1)
1b
1h
#26500000000
0!
0)
0b
0h
#26510000000
1!
1)
1b
1h
#26520000000
0!
0)
0b
0h
#26530000000
1!
1)
1b
1h
#26540000000
0!
0)
0b
0h
#26550000000
1!
1)
1b
1h
#26560000000
0!
0)
0b
0h
#26570000000
1!
1)
1b
1h
#26580000000
0!
0)
0b
0h
#26590000000
1!
1)
1b
1h
#26600000000
0!
0)
0b
0h
#26610000000
1!
1)
1b
1h
#26620000000
0!
0)
0b
0h
#26630000000
1!
1)
1b
1h
#26640000000
0!
0)
0b
0h
#26650000000
1!
1)
1b
1h
#26660000000
0!
0)
0b
0h
#26670000000
1!
1)
1b
1h
#26680000000
0!
0)
0b
0h
#26690000000
1!
1)
1b
1h
#26700000000
0!
0)
0b
0h
#26710000000
1!
1)
1b
1h
#26720000000
0!
0)
0b
0h
#26730000000
1!
1)
1b
1h
#26740000000
0!
0)
0b
0h
#26750000000
1!
1)
1b
1h
#26760000000
0!
0)
0b
0h
#26770000000
1!
1)
1b
1h
#26780000000
0!
0)
0b
0h
#26790000000
1!
1)
1b
1h
#26800000000
0!
0)
0b
0h
#26810000000
1!
1)
1b
1h
#26820000000
0!
0)
0b
0h
#26830000000
1!
1)
1b
1h
#26840000000
0!
0)
0b
0h
#26850000000
1!
1)
1b
1h
#26860000000
0!
0)
0b
0h
#26870000000
1!
1)
1b
1h
#26880000000
0!
0)
0b
0h
#26890000000
1!
1)
1b
1h
#26900000000
0!
0)
0b
0h
#26910000000
1!
1)
1b
1h
#26920000000
0!
0)
0b
0h
#26930000000
1!
1)
1b
1h
#26940000000
0!
0)
0b
0h
#26950000000
1!
1)
1b
1h
#26960000000
0!
0)
0b
0h
#26970000000
1!
1)
1b
1h
#26980000000
0!
0)
0b
0h
#26990000000
1!
1)
1b
1h
#27000000000
0!
0)
0b
0h
#27010000000
1!
1)
1b
1h
#27020000000
0!
0)
0b
0h
#27030000000
1!
1)
1b
1h
#27040000000
0!
0)
0b
0h
#27050000000
1!
1)
1b
1h
#27060000000
0!
0)
0b
0h
#27070000000
1!
1)
1b
1h
#27080000000
0!
0)
0b
0h
#27090000000
1!
1)
1b
1h
#27100000000
0!
0)
0b
0h
#27110000000
1!
1)
1b
1h
#27120000000
0!
0)
0b
0h
#27130000000
1!
1)
1b
1h
#27140000000
0!
0)
0b
0h
#27150000000
1!
1)
1b
1h
#27160000000
0!
0)
0b
0h
#27170000000
1!
1)
1b
1h
#27180000000
0!
0)
0b
0h
#27190000000
1!
1)
1b
1h
#27200000000
0!
0)
0b
0h
#27210000000
1!
1)
1b
1h
#27220000000
0!
0)
0b
0h
#27230000000
1!
1)
1b
1h
#27240000000
0!
0)
0b
0h
#27250000000
1!
1)
1b
1h
#27260000000
0!
0)
0b
0h
#27270000000
1!
1)
1b
1h
#27280000000
0!
0)
0b
0h
#27290000000
1!
1)
1b
1h
#27300000000
0!
0)
0b
0h
#27310000000
1!
1)
1b
1h
#27320000000
0!
0)
0b
0h
#27330000000
1!
1)
1b
1h
#27340000000
0!
0)
0b
0h
#27350000000
1!
1)
1b
1h
#27360000000
0!
0)
0b
0h
#27370000000
1!
1)
1b
1h
#27380000000
0!
0)
0b
0h
#27390000000
1!
1)
1b
1h
#27400000000
0!
0)
0b
0h
#27410000000
1!
1)
1b
1h
#27420000000
0!
0)
0b
0h
#27430000000
1!
1)
1b
1h
#27440000000
0!
0)
0b
0h
#27450000000
1!
1)
1b
1h
#27460000000
0!
0)
0b
0h
#27470000000
1!
1)
1b
1h
#27480000000
0!
0)
0b
0h
#27490000000
1!
1)
1b
1h
#27500000000
0!
0)
0b
0h
#27510000000
1!
1)
1b
1h
#27520000000
0!
0)
0b
0h
#27530000000
1!
1)
1b
1h
#27540000000
0!
0)
0b
0h
#27550000000
1!
1)
1b
1h
#27560000000
0!
0)
0b
0h
#27570000000
1!
1)
1b
1h
#27580000000
0!
0)
0b
0h
#27590000000
1!
1)
1b
1h
#27600000000
0!
0)
0b
0h
#27610000000
1!
1)
1b
1h
#27620000000
0!
0)
0b
0h
#27630000000
1!
1)
1b
1h
#27640000000
0!
0)
0b
0h
#27650000000
1!
1)
1b
1h
#27660000000
0!
0)
0b
0h
#27670000000
1!
1)
1b
1h
#27680000000
0!
0)
0b
0h
#27690000000
1!
1)
1b
1h
#27700000000
0!
0)
0b
0h
#27710000000
1!
1)
1b
1h
#27720000000
0!
0)
0b
0h
#27730000000
1!
1)
1b
1h
#27740000000
0!
0)
0b
0h
#27750000000
1!
1)
1b
1h
#27760000000
0!
0)
0b
0h
#27770000000
1!
1)
1b
1h
#27780000000
0!
0)
0b
0h
#27790000000
1!
1)
1b
1h
#27800000000
0!
0)
0b
0h
#27810000000
1!
1)
1b
1h
#27820000000
0!
0)
0b
0h
#27830000000
1!
1)
1b
1h
#27840000000
0!
0)
0b
0h
#27850000000
1!
1)
1b
1h
#27860000000
0!
0)
0b
0h
#27870000000
1!
1)
1b
1h
#27880000000
0!
0)
0b
0h
#27890000000
1!
1)
1b
1h
#27900000000
0!
0)
0b
0h
#27910000000
1!
1)
1b
1h
#27920000000
0!
0)
0b
0h
#27930000000
1!
1)
1b
1h
#27940000000
0!
0)
0b
0h
#27950000000
1!
1)
1b
1h
#27960000000
0!
0)
0b
0h
#27970000000
1!
1)
1b
1h
#27980000000
0!
0)
0b
0h
#27990000000
1!
1)
1b
1h
#28000000000
0!
0)
0b
0h
#28010000000
1!
1)
1b
1h
#28020000000
0!
0)
0b
0h
#28030000000
1!
1)
1b
1h
#28040000000
0!
0)
0b
0h
#28050000000
1!
1)
1b
1h
#28060000000
0!
0)
0b
0h
#28070000000
1!
1)
1b
1h
#28080000000
0!
0)
0b
0h
#28090000000
1!
1)
1b
1h
#28100000000
0!
0)
0b
0h
#28110000000
1!
1)
1b
1h
#28120000000
0!
0)
0b
0h
#28130000000
1!
1)
1b
1h
#28140000000
0!
0)
0b
0h
#28150000000
1!
1)
1b
1h
#28160000000
0!
0)
0b
0h
#28170000000
1!
1)
1b
1h
#28180000000
0!
0)
0b
0h
#28190000000
1!
1)
1b
1h
#28200000000
0!
0)
0b
0h
#28210000000
1!
1)
1b
1h
#28220000000
0!
0)
0b
0h
#28230000000
1!
1)
1b
1h
#28240000000
0!
0)
0b
0h
#28250000000
1!
1)
1b
1h
#28260000000
0!
0)
0b
0h
#28270000000
1!
1)
1b
1h
#28280000000
0!
0)
0b
0h
#28290000000
1!
1)
1b
1h
#28300000000
0!
0)
0b
0h
#28310000000
1!
1)
1b
1h
#28320000000
0!
0)
0b
0h
#28330000000
1!
1)
1b
1h
#28340000000
0!
0)
0b
0h
#28350000000
1!
1)
1b
1h
#28360000000
0!
0)
0b
0h
#28370000000
1!
1)
1b
1h
#28380000000
0!
0)
0b
0h
#28390000000
1!
1)
1b
1h
#28400000000
0!
0)
0b
0h
#28410000000
1!
1)
1b
1h
#28420000000
0!
0)
0b
0h
#28430000000
1!
1)
1b
1h
#28440000000
0!
0)
0b
0h
#28450000000
1!
1)
1b
1h
#28460000000
0!
0)
0b
0h
#28470000000
1!
1)
1b
1h
#28480000000
0!
0)
0b
0h
#28490000000
1!
1)
1b
1h
#28500000000
0!
0)
0b
0h
#28510000000
1!
1)
1b
1h
#28520000000
0!
0)
0b
0h
#28530000000
1!
1)
1b
1h
#28540000000
0!
0)
0b
0h
#28550000000
1!
1)
1b
1h
#28560000000
0!
0)
0b
0h
#28570000000
1!
1)
1b
1h
#28580000000
0!
0)
0b
0h
#28590000000
1!
1)
1b
1h
#28600000000
0!
0)
0b
0h
#28610000000
1!
1)
1b
1h
#28620000000
0!
0)
0b
0h
#28630000000
1!
1)
1b
1h
#28640000000
0!
0)
0b
0h
#28650000000
1!
1)
1b
1h
#28660000000
0!
0)
0b
0h
#28670000000
1!
1)
1b
1h
#28680000000
0!
0)
0b
0h
#28690000000
1!
1)
1b
1h
#28700000000
0!
0)
0b
0h
#28710000000
1!
1)
1b
1h
#28720000000
0!
0)
0b
0h
#28730000000
1!
1)
1b
1h
#28740000000
0!
0)
0b
0h
#28750000000
1!
1)
1b
1h
#28760000000
0!
0)
0b
0h
#28770000000
1!
1)
1b
1h
#28780000000
0!
0)
0b
0h
#28790000000
1!
1)
1b
1h
#28800000000
0!
0)
0b
0h
#28810000000
1!
1)
1b
1h
#28820000000
0!
0)
0b
0h
#28830000000
1!
1)
1b
1h
#28840000000
0!
0)
0b
0h
#28850000000
1!
1)
1b
1h
#28860000000
0!
0)
0b
0h
#28870000000
1!
1)
1b
1h
#28880000000
0!
0)
0b
0h
#28890000000
1!
1)
1b
1h
#28900000000
0!
0)
0b
0h
#28910000000
1!
1)
1b
1h
#28920000000
0!
0)
0b
0h
#28930000000
1!
1)
1b
1h
#28940000000
0!
0)
0b
0h
#28950000000
1!
1)
1b
1h
#28960000000
0!
0)
0b
0h
#28970000000
1!
1)
1b
1h
#28980000000
0!
0)
0b
0h
#28990000000
1!
1)
1b
1h
#29000000000
0!
0)
0b
0h
#29010000000
1!
1)
1b
1h
#29020000000
0!
0)
0b
0h
#29030000000
1!
1)
1b
1h
#29040000000
0!
0)
0b
0h
#29050000000
1!
1)
1b
1h
#29060000000
0!
0)
0b
0h
#29070000000
1!
1)
1b
1h
#29080000000
0!
0)
0b
0h
#29090000000
1!
1)
1b
1h
#29100000000
0!
0)
0b
0h
#29110000000
1!
1)
1b
1h
#29120000000
0!
0)
0b
0h
#29130000000
1!
1)
1b
1h
#29140000000
0!
0)
0b
0h
#29150000000
1!
1)
1b
1h
#29160000000
0!
0)
0b
0h
#29170000000
1!
1)
1b
1h
#29180000000
0!
0)
0b
0h
#29190000000
1!
1)
1b
1h
#29200000000
0!
0)
0b
0h
#29210000000
1!
1)
1b
1h
#29220000000
0!
0)
0b
0h
#29230000000
1!
1)
1b
1h
#29240000000
0!
0)
0b
0h
#29250000000
1!
1)
1b
1h
#29260000000
0!
0)
0b
0h
#29270000000
1!
1)
1b
1h
#29280000000
0!
0)
0b
0h
#29290000000
1!
1)
1b
1h
#29300000000
0!
0)
0b
0h
#29310000000
1!
1)
1b
1h
#29320000000
0!
0)
0b
0h
#29330000000
1!
1)
1b
1h
#29340000000
0!
0)
0b
0h
#29350000000
1!
1)
1b
1h
#29360000000
0!
0)
0b
0h
#29370000000
1!
1)
1b
1h
#29380000000
0!
0)
0b
0h
#29390000000
1!
1)
1b
1h
#29400000000
0!
0)
0b
0h
#29410000000
1!
1)
1b
1h
#29420000000
0!
0)
0b
0h
#29430000000
1!
1)
1b
1h
#29440000000
0!
0)
0b
0h
#29450000000
1!
1)
1b
1h
#29460000000
0!
0)
0b
0h
#29470000000
1!
1)
1b
1h
#29480000000
0!
0)
0b
0h
#29490000000
1!
1)
1b
1h
#29500000000
0!
0)
0b
0h
#29510000000
1!
1)
1b
1h
#29520000000
0!
0)
0b
0h
#29530000000
1!
1)
1b
1h
#29540000000
0!
0)
0b
0h
#29550000000
1!
1)
1b
1h
#29560000000
0!
0)
0b
0h
#29570000000
1!
1)
1b
1h
#29580000000
0!
0)
0b
0h
#29590000000
1!
1)
1b
1h
#29600000000
0!
0)
0b
0h
#29610000000
1!
1)
1b
1h
#29620000000
0!
0)
0b
0h
#29630000000
1!
1)
1b
1h
#29640000000
0!
0)
0b
0h
#29650000000
1!
1)
1b
1h
#29660000000
0!
0)
0b
0h
#29670000000
1!
1)
1b
1h
#29680000000
0!
0)
0b
0h
#29690000000
1!
1)
1b
1h
#29700000000
0!
0)
0b
0h
#29710000000
1!
1)
1b
1h
#29720000000
0!
0)
0b
0h
#29730000000
1!
1)
1b
1h
#29740000000
0!
0)
0b
0h
#29750000000
1!
1)
1b
1h
#29760000000
0!
0)
0b
0h
#29770000000
1!
1)
1b
1h
#29780000000
0!
0)
0b
0h
#29790000000
1!
1)
1b
1h
#29800000000
0!
0)
0b
0h
#29810000000
1!
1)
1b
1h
#29820000000
0!
0)
0b
0h
#29830000000
1!
1)
1b
1h
#29840000000
0!
0)
0b
0h
#29850000000
1!
1)
1b
1h
#29860000000
0!
0)
0b
0h
#29870000000
1!
1)
1b
1h
#29880000000
0!
0)
0b
0h
#29890000000
1!
1)
1b
1h
#29900000000
0!
0)
0b
0h
#29910000000
1!
1)
1b
1h
#29920000000
0!
0)
0b
0h
#29930000000
1!
1)
1b
1h
#29940000000
0!
0)
0b
0h
#29950000000
1!
1)
1b
1h
#29960000000
0!
0)
0b
0h
#29970000000
1!
1)
1b
1h
#29980000000
0!
0)
0b
0h
#29990000000
1!
1)
1b
1h
#30000000000
0!
0)
0b
0h
#30010000000
1!
1)
1b
1h
#30020000000
0!
0)
0b
0h
#30030000000
1!
1)
1b
1h
#30040000000
0!
0)
0b
0h
#30050000000
1!
1)
1b
1h
#30060000000
0!
0)
0b
0h
#30070000000
1!
1)
1b
1h
#30080000000
0!
0)
0b
0h
#30090000000
1!
1)
1b
1h
#30100000000
0!
0)
0b
0h
#30110000000
1!
1)
1b
1h
#30120000000
0!
0)
0b
0h
#30130000000
1!
1)
1b
1h
#30140000000
0!
0)
0b
0h
#30150000000
1!
1)
1b
1h
#30160000000
0!
0)
0b
0h
#30170000000
1!
1)
1b
1h
#30180000000
0!
0)
0b
0h
#30190000000
1!
1)
1b
1h
#30200000000
0!
0)
0b
0h
#30210000000
1!
1)
1b
1h
#30220000000
0!
0)
0b
0h
#30230000000
1!
1)
1b
1h
#30240000000
0!
0)
0b
0h
#30250000000
1!
1)
1b
1h
#30260000000
0!
0)
0b
0h
#30270000000
1!
1)
1b
1h
#30280000000
0!
0)
0b
0h
#30290000000
1!
1)
1b
1h
#30300000000
0!
0)
0b
0h
#30310000000
1!
1)
1b
1h
#30320000000
0!
0)
0b
0h
#30330000000
1!
1)
1b
1h
#30340000000
0!
0)
0b
0h
#30350000000
1!
1)
1b
1h
#30360000000
0!
0)
0b
0h
#30370000000
1!
1)
1b
1h
#30380000000
0!
0)
0b
0h
#30390000000
1!
1)
1b
1h
#30400000000
0!
0)
0b
0h
#30410000000
1!
1)
1b
1h
#30420000000
0!
0)
0b
0h
#30430000000
1!
1)
1b
1h
#30440000000
0!
0)
0b
0h
#30450000000
1!
1)
1b
1h
#30460000000
0!
0)
0b
0h
#30470000000
1!
1)
1b
1h
#30480000000
0!
0)
0b
0h
#30490000000
1!
1)
1b
1h
#30500000000
0!
0)
0b
0h
#30510000000
1!
1)
1b
1h
#30520000000
0!
0)
0b
0h
#30530000000
1!
1)
1b
1h
#30540000000
0!
0)
0b
0h
#30550000000
1!
1)
1b
1h
#30560000000
0!
0)
0b
0h
#30570000000
1!
1)
1b
1h
#30580000000
0!
0)
0b
0h
#30590000000
1!
1)
1b
1h
#30600000000
0!
0)
0b
0h
#30610000000
1!
1)
1b
1h
#30620000000
0!
0)
0b
0h
#30630000000
1!
1)
1b
1h
#30640000000
0!
0)
0b
0h
#30650000000
1!
1)
1b
1h
#30660000000
0!
0)
0b
0h
#30670000000
1!
1)
1b
1h
#30680000000
0!
0)
0b
0h
#30690000000
1!
1)
1b
1h
#30700000000
0!
0)
0b
0h
#30710000000
1!
1)
1b
1h
#30720000000
0!
0)
0b
0h
#30730000000
1!
1)
1b
1h
#30740000000
0!
0)
0b
0h
#30750000000
1!
1)
1b
1h
#30760000000
0!
0)
0b
0h
#30770000000
1!
1)
1b
1h
#30780000000
0!
0)
0b
0h
#30790000000
1!
1)
1b
1h
#30800000000
0!
0)
0b
0h
#30810000000
1!
1)
1b
1h
#30820000000
0!
0)
0b
0h
#30830000000
1!
1)
1b
1h
#30840000000
0!
0)
0b
0h
#30850000000
1!
1)
1b
1h
#30860000000
0!
0)
0b
0h
#30870000000
1!
1)
1b
1h
#30880000000
0!
0)
0b
0h
#30890000000
1!
1)
1b
1h
#30900000000
0!
0)
0b
0h
#30910000000
1!
1)
1b
1h
#30920000000
0!
0)
0b
0h
#30930000000
1!
1)
1b
1h
#30940000000
0!
0)
0b
0h
#30950000000
1!
1)
1b
1h
#30960000000
0!
0)
0b
0h
#30970000000
1!
1)
1b
1h
#30980000000
0!
0)
0b
0h
#30990000000
1!
1)
1b
1h
#31000000000
0!
0)
0b
0h
#31010000000
1!
1)
1b
1h
#31020000000
0!
0)
0b
0h
#31030000000
1!
1)
1b
1h
#31040000000
0!
0)
0b
0h
#31050000000
1!
1)
1b
1h
#31060000000
0!
0)
0b
0h
#31070000000
1!
1)
1b
1h
#31080000000
0!
0)
0b
0h
#31090000000
1!
1)
1b
1h
#31100000000
0!
0)
0b
0h
#31110000000
1!
1)
1b
1h
#31120000000
0!
0)
0b
0h
#31130000000
1!
1)
1b
1h
#31140000000
0!
0)
0b
0h
#31150000000
1!
1)
1b
1h
#31160000000
0!
0)
0b
0h
#31170000000
1!
1)
1b
1h
#31180000000
0!
0)
0b
0h
#31190000000
1!
1)
1b
1h
#31200000000
0!
0)
0b
0h
#31210000000
1!
1)
1b
1h
#31220000000
0!
0)
0b
0h
#31230000000
1!
1)
1b
1h
#31240000000
0!
0)
0b
0h
#31250000000
1!
1)
1b
1h
#31260000000
0!
0)
0b
0h
#31270000000
1!
1)
1b
1h
#31280000000
0!
0)
0b
0h
#31290000000
1!
1)
1b
1h
#31300000000
0!
0)
0b
0h
#31310000000
1!
1)
1b
1h
#31320000000
0!
0)
0b
0h
#31330000000
1!
1)
1b
1h
#31340000000
0!
0)
0b
0h
#31350000000
1!
1)
1b
1h
#31360000000
0!
0)
0b
0h
#31370000000
1!
1)
1b
1h
#31380000000
0!
0)
0b
0h
#31390000000
1!
1)
1b
1h
#31400000000
0!
0)
0b
0h
#31410000000
1!
1)
1b
1h
#31420000000
0!
0)
0b
0h
#31430000000
1!
1)
1b
1h
#31440000000
0!
0)
0b
0h
#31450000000
1!
1)
1b
1h
#31460000000
0!
0)
0b
0h
#31470000000
1!
1)
1b
1h
#31480000000
0!
0)
0b
0h
#31490000000
1!
1)
1b
1h
#31500000000
0!
0)
0b
0h
#31510000000
1!
1)
1b
1h
#31520000000
0!
0)
0b
0h
#31530000000
1!
1)
1b
1h
#31540000000
0!
0)
0b
0h
#31550000000
1!
1)
1b
1h
#31560000000
0!
0)
0b
0h
#31570000000
1!
1)
1b
1h
#31580000000
0!
0)
0b
0h
#31590000000
1!
1)
1b
1h
#31600000000
0!
0)
0b
0h
#31610000000
1!
1)
1b
1h
#31620000000
0!
0)
0b
0h
#31630000000
1!
1)
1b
1h
#31640000000
0!
0)
0b
0h
#31650000000
1!
1)
1b
1h
#31660000000
0!
0)
0b
0h
#31670000000
1!
1)
1b
1h
#31680000000
0!
0)
0b
0h
#31690000000
1!
1)
1b
1h
#31700000000
0!
0)
0b
0h
#31710000000
1!
1)
1b
1h
#31720000000
0!
0)
0b
0h
#31730000000
1!
1)
1b
1h
#31740000000
0!
0)
0b
0h
#31750000000
1!
1)
1b
1h
#31760000000
0!
0)
0b
0h
#31770000000
1!
1)
1b
1h
#31780000000
0!
0)
0b
0h
#31790000000
1!
1)
1b
1h
#31800000000
0!
0)
0b
0h
#31810000000
1!
1)
1b
1h
#31820000000
0!
0)
0b
0h
#31830000000
1!
1)
1b
1h
#31840000000
0!
0)
0b
0h
#31850000000
1!
1)
1b
1h
#31860000000
0!
0)
0b
0h
#31870000000
1!
1)
1b
1h
#31880000000
0!
0)
0b
0h
#31890000000
1!
1)
1b
1h
#31900000000
0!
0)
0b
0h
#31910000000
1!
1)
1b
1h
#31920000000
0!
0)
0b
0h
#31930000000
1!
1)
1b
1h
#31940000000
0!
0)
0b
0h
#31950000000
1!
1)
1b
1h
#31960000000
0!
0)
0b
0h
#31970000000
1!
1)
1b
1h
#31980000000
0!
0)
0b
0h
#31990000000
1!
1)
1b
1h
#32000000000
0!
0)
0b
0h
#32010000000
1!
1)
1b
1h
#32020000000
0!
0)
0b
0h
#32030000000
1!
1)
1b
1h
#32040000000
0!
0)
0b
0h
#32050000000
1!
1)
1b
1h
#32060000000
0!
0)
0b
0h
#32070000000
1!
1)
1b
1h
#32080000000
0!
0)
0b
0h
#32090000000
1!
1)
1b
1h
#32100000000
0!
0)
0b
0h
#32110000000
1!
1)
1b
1h
#32120000000
0!
0)
0b
0h
#32130000000
1!
1)
1b
1h
#32140000000
0!
0)
0b
0h
#32150000000
1!
1)
1b
1h
#32160000000
0!
0)
0b
0h
#32170000000
1!
1)
1b
1h
#32180000000
0!
0)
0b
0h
#32190000000
1!
1)
1b
1h
#32200000000
0!
0)
0b
0h
#32210000000
1!
1)
1b
1h
#32220000000
0!
0)
0b
0h
#32230000000
1!
1)
1b
1h
#32240000000
0!
0)
0b
0h
#32250000000
1!
1)
1b
1h
#32260000000
0!
0)
0b
0h
#32270000000
1!
1)
1b
1h
#32280000000
0!
0)
0b
0h
#32290000000
1!
1)
1b
1h
#32300000000
0!
0)
0b
0h
#32310000000
1!
1)
1b
1h
#32320000000
0!
0)
0b
0h
#32330000000
1!
1)
1b
1h
#32340000000
0!
0)
0b
0h
#32350000000
1!
1)
1b
1h
#32360000000
0!
0)
0b
0h
#32370000000
1!
1)
1b
1h
#32380000000
0!
0)
0b
0h
#32390000000
1!
1)
1b
1h
#32400000000
0!
0)
0b
0h
#32410000000
1!
1)
1b
1h
#32420000000
0!
0)
0b
0h
#32430000000
1!
1)
1b
1h
#32440000000
0!
0)
0b
0h
#32450000000
1!
1)
1b
1h
#32460000000
0!
0)
0b
0h
#32470000000
1!
1)
1b
1h
#32480000000
0!
0)
0b
0h
#32490000000
1!
1)
1b
1h
#32500000000
0!
0)
0b
0h
#32510000000
1!
1)
1b
1h
#32520000000
0!
0)
0b
0h
#32530000000
1!
1)
1b
1h
#32540000000
0!
0)
0b
0h
#32550000000
1!
1)
1b
1h
#32560000000
0!
0)
0b
0h
#32570000000
1!
1)
1b
1h
#32580000000
0!
0)
0b
0h
#32590000000
1!
1)
1b
1h
#32600000000
0!
0)
0b
0h
#32610000000
1!
1)
1b
1h
#32620000000
0!
0)
0b
0h
#32630000000
1!
1)
1b
1h
#32640000000
0!
0)
0b
0h
#32650000000
1!
1)
1b
1h
#32660000000
0!
0)
0b
0h
#32670000000
1!
1)
1b
1h
#32680000000
0!
0)
0b
0h
#32690000000
1!
1)
1b
1h
#32700000000
0!
0)
0b
0h
#32710000000
1!
1)
1b
1h
#32720000000
0!
0)
0b
0h
#32730000000
1!
1)
1b
1h
#32740000000
0!
0)
0b
0h
#32750000000
1!
1)
1b
1h
#32760000000
0!
0)
0b
0h
#32770000000
1!
1)
1b
1h
#32780000000
0!
0)
0b
0h
#32790000000
1!
1)
1b
1h
#32800000000
0!
0)
0b
0h
#32810000000
1!
1)
1b
1h
#32820000000
0!
0)
0b
0h
#32830000000
1!
1)
1b
1h
#32840000000
0!
0)
0b
0h
#32850000000
1!
1)
1b
1h
#32860000000
0!
0)
0b
0h
#32870000000
1!
1)
1b
1h
#32880000000
0!
0)
0b
0h
#32890000000
1!
1)
1b
1h
#32900000000
0!
0)
0b
0h
#32910000000
1!
1)
1b
1h
#32920000000
0!
0)
0b
0h
#32930000000
1!
1)
1b
1h
#32940000000
0!
0)
0b
0h
#32950000000
1!
1)
1b
1h
#32960000000
0!
0)
0b
0h
#32970000000
1!
1)
1b
1h
#32980000000
0!
0)
0b
0h
#32990000000
1!
1)
1b
1h
#33000000000
0!
0)
0b
0h
#33010000000
1!
1)
1b
1h
#33020000000
0!
0)
0b
0h
#33030000000
1!
1)
1b
1h
#33040000000
0!
0)
0b
0h
#33050000000
1!
1)
1b
1h
#33060000000
0!
0)
0b
0h
#33070000000
1!
1)
1b
1h
#33080000000
0!
0)
0b
0h
#33090000000
1!
1)
1b
1h
#33100000000
0!
0)
0b
0h
#33110000000
1!
1)
1b
1h
#33120000000
0!
0)
0b
0h
#33130000000
1!
1)
1b
1h
#33140000000
0!
0)
0b
0h
#33150000000
1!
1)
1b
1h
#33160000000
0!
0)
0b
0h
#33170000000
1!
1)
1b
1h
#33180000000
0!
0)
0b
0h
#33190000000
1!
1)
1b
1h
#33200000000
0!
0)
0b
0h
#33210000000
1!
1)
1b
1h
#33220000000
0!
0)
0b
0h
#33230000000
1!
1)
1b
1h
#33240000000
0!
0)
0b
0h
#33250000000
1!
1)
1b
1h
#33260000000
0!
0)
0b
0h
#33270000000
1!
1)
1b
1h
#33280000000
0!
0)
0b
0h
#33290000000
1!
1)
1b
1h
#33300000000
0!
0)
0b
0h
#33310000000
1!
1)
1b
1h
#33320000000
0!
0)
0b
0h
#33330000000
1!
1)
1b
1h
#33340000000
0!
0)
0b
0h
#33350000000
1!
1)
1b
1h
#33360000000
0!
0)
0b
0h
#33370000000
1!
1)
1b
1h
#33380000000
0!
0)
0b
0h
#33390000000
1!
1)
1b
1h
#33400000000
0!
0)
0b
0h
#33410000000
1!
1)
1b
1h
#33420000000
0!
0)
0b
0h
#33430000000
1!
1)
1b
1h
#33440000000
0!
0)
0b
0h
#33450000000
1!
1)
1b
1h
#33460000000
0!
0)
0b
0h
#33470000000
1!
1)
1b
1h
#33480000000
0!
0)
0b
0h
#33490000000
1!
1)
1b
1h
#33500000000
0!
0)
0b
0h
#33510000000
1!
1)
1b
1h
#33520000000
0!
0)
0b
0h
#33530000000
1!
1)
1b
1h
#33540000000
0!
0)
0b
0h
#33550000000
1!
1)
1b
1h
#33560000000
0!
0)
0b
0h
#33570000000
1!
1)
1b
1h
#33580000000
0!
0)
0b
0h
#33590000000
1!
1)
1b
1h
#33600000000
0!
0)
0b
0h
#33610000000
1!
1)
1b
1h
#33620000000
0!
0)
0b
0h
#33630000000
1!
1)
1b
1h
#33640000000
0!
0)
0b
0h
#33650000000
1!
1)
1b
1h
#33660000000
0!
0)
0b
0h
#33670000000
1!
1)
1b
1h
#33680000000
0!
0)
0b
0h
#33690000000
1!
1)
1b
1h
#33700000000
0!
0)
0b
0h
#33710000000
1!
1)
1b
1h
#33720000000
0!
0)
0b
0h
#33730000000
1!
1)
1b
1h
#33740000000
0!
0)
0b
0h
#33750000000
1!
1)
1b
1h
#33760000000
0!
0)
0b
0h
#33770000000
1!
1)
1b
1h
#33780000000
0!
0)
0b
0h
#33790000000
1!
1)
1b
1h
#33800000000
0!
0)
0b
0h
#33810000000
1!
1)
1b
1h
#33820000000
0!
0)
0b
0h
#33830000000
1!
1)
1b
1h
#33840000000
0!
0)
0b
0h
#33850000000
1!
1)
1b
1h
#33860000000
0!
0)
0b
0h
#33870000000
1!
1)
1b
1h
#33880000000
0!
0)
0b
0h
#33890000000
1!
1)
1b
1h
#33900000000
0!
0)
0b
0h
#33910000000
1!
1)
1b
1h
#33920000000
0!
0)
0b
0h
#33930000000
1!
1)
1b
1h
#33940000000
0!
0)
0b
0h
#33950000000
1!
1)
1b
1h
#33960000000
0!
0)
0b
0h
#33970000000
1!
1)
1b
1h
#33980000000
0!
0)
0b
0h
#33990000000
1!
1)
1b
1h
#34000000000
0!
0)
0b
0h
#34010000000
1!
1)
1b
1h
#34020000000
0!
0)
0b
0h
#34030000000
1!
1)
1b
1h
#34040000000
0!
0)
0b
0h
#34050000000
1!
1)
1b
1h
#34060000000
0!
0)
0b
0h
#34070000000
1!
1)
1b
1h
#34080000000
0!
0)
0b
0h
#34090000000
1!
1)
1b
1h
#34100000000
0!
0)
0b
0h
#34110000000
1!
1)
1b
1h
#34120000000
0!
0)
0b
0h
#34130000000
1!
1)
1b
1h
#34140000000
0!
0)
0b
0h
#34150000000
1!
1)
1b
1h
#34160000000
0!
0)
0b
0h
#34170000000
1!
1)
1b
1h
#34180000000
0!
0)
0b
0h
#34190000000
1!
1)
1b
1h
#34200000000
0!
0)
0b
0h
#34210000000
1!
1)
1b
1h
#34220000000
0!
0)
0b
0h
#34230000000
1!
1)
1b
1h
#34240000000
0!
0)
0b
0h
#34250000000
1!
1)
1b
1h
#34260000000
0!
0)
0b
0h
#34270000000
1!
1)
1b
1h
#34280000000
0!
0)
0b
0h
#34290000000
1!
1)
1b
1h
#34300000000
0!
0)
0b
0h
#34310000000
1!
1)
1b
1h
#34320000000
0!
0)
0b
0h
#34330000000
1!
1)
1b
1h
#34340000000
0!
0)
0b
0h
#34350000000
1!
1)
1b
1h
#34360000000
0!
0)
0b
0h
#34370000000
1!
1)
1b
1h
#34380000000
0!
0)
0b
0h
#34390000000
1!
1)
1b
1h
#34400000000
0!
0)
0b
0h
#34410000000
1!
1)
1b
1h
#34420000000
0!
0)
0b
0h
#34430000000
1!
1)
1b
1h
#34440000000
0!
0)
0b
0h
#34450000000
1!
1)
1b
1h
#34460000000
0!
0)
0b
0h
#34470000000
1!
1)
1b
1h
#34480000000
0!
0)
0b
0h
#34490000000
1!
1)
1b
1h
#34500000000
0!
0)
0b
0h
#34510000000
1!
1)
1b
1h
#34520000000
0!
0)
0b
0h
#34530000000
1!
1)
1b
1h
#34540000000
0!
0)
0b
0h
#34550000000
1!
1)
1b
1h
#34560000000
0!
0)
0b
0h
#34570000000
1!
1)
1b
1h
#34580000000
0!
0)
0b
0h
#34590000000
1!
1)
1b
1h
#34600000000
0!
0)
0b
0h
#34610000000
1!
1)
1b
1h
#34620000000
0!
0)
0b
0h
#34630000000
1!
1)
1b
1h
#34640000000
0!
0)
0b
0h
#34650000000
1!
1)
1b
1h
#34660000000
0!
0)
0b
0h
#34670000000
1!
1)
1b
1h
#34680000000
0!
0)
0b
0h
#34690000000
1!
1)
1b
1h
#34700000000
0!
0)
0b
0h
#34710000000
1!
1)
1b
1h
#34720000000
0!
0)
0b
0h
#34730000000
1!
1)
1b
1h
#34740000000
0!
0)
0b
0h
#34750000000
1!
1)
1b
1h
#34760000000
0!
0)
0b
0h
#34770000000
1!
1)
1b
1h
#34780000000
0!
0)
0b
0h
#34790000000
1!
1)
1b
1h
#34800000000
0!
0)
0b
0h
#34810000000
1!
1)
1b
1h
#34820000000
0!
0)
0b
0h
#34830000000
1!
1)
1b
1h
#34840000000
0!
0)
0b
0h
#34850000000
1!
1)
1b
1h
#34860000000
0!
0)
0b
0h
#34870000000
1!
1)
1b
1h
#34880000000
0!
0)
0b
0h
#34890000000
1!
1)
1b
1h
#34900000000
0!
0)
0b
0h
#34910000000
1!
1)
1b
1h
#34920000000
0!
0)
0b
0h
#34930000000
1!
1)
1b
1h
#34940000000
0!
0)
0b
0h
#34950000000
1!
1)
1b
1h
#34960000000
0!
0)
0b
0h
#34970000000
1!
1)
1b
1h
#34980000000
0!
0)
0b
0h
#34990000000
1!
1)
1b
1h
#35000000000
0!
0)
0b
0h
#35010000000
1!
1)
1b
1h
#35020000000
0!
0)
0b
0h
#35030000000
1!
1)
1b
1h
#35040000000
0!
0)
0b
0h
#35050000000
1!
1)
1b
1h
#35060000000
0!
0)
0b
0h
#35070000000
1!
1)
1b
1h
#35080000000
0!
0)
0b
0h
#35090000000
1!
1)
1b
1h
#35100000000
0!
0)
0b
0h
#35110000000
1!
1)
1b
1h
#35120000000
0!
0)
0b
0h
#35130000000
1!
1)
1b
1h
#35140000000
0!
0)
0b
0h
#35150000000
1!
1)
1b
1h
#35160000000
0!
0)
0b
0h
#35170000000
1!
1)
1b
1h
#35180000000
0!
0)
0b
0h
#35190000000
1!
1)
1b
1h
#35200000000
0!
0)
0b
0h
#35210000000
1!
1)
1b
1h
#35220000000
0!
0)
0b
0h
#35230000000
1!
1)
1b
1h
#35240000000
0!
0)
0b
0h
#35250000000
1!
1)
1b
1h
#35260000000
0!
0)
0b
0h
#35270000000
1!
1)
1b
1h
#35280000000
0!
0)
0b
0h
#35290000000
1!
1)
1b
1h
#35300000000
0!
0)
0b
0h
#35310000000
1!
1)
1b
1h
#35320000000
0!
0)
0b
0h
#35330000000
1!
1)
1b
1h
#35340000000
0!
0)
0b
0h
#35350000000
1!
1)
1b
1h
#35360000000
0!
0)
0b
0h
#35370000000
1!
1)
1b
1h
#35380000000
0!
0)
0b
0h
#35390000000
1!
1)
1b
1h
#35400000000
0!
0)
0b
0h
#35410000000
1!
1)
1b
1h
#35420000000
0!
0)
0b
0h
#35430000000
1!
1)
1b
1h
#35440000000
0!
0)
0b
0h
#35450000000
1!
1)
1b
1h
#35460000000
0!
0)
0b
0h
#35470000000
1!
1)
1b
1h
#35480000000
0!
0)
0b
0h
#35490000000
1!
1)
1b
1h
#35500000000
0!
0)
0b
0h
#35510000000
1!
1)
1b
1h
#35520000000
0!
0)
0b
0h
#35530000000
1!
1)
1b
1h
#35540000000
0!
0)
0b
0h
#35550000000
1!
1)
1b
1h
#35560000000
0!
0)
0b
0h
#35570000000
1!
1)
1b
1h
#35580000000
0!
0)
0b
0h
#35590000000
1!
1)
1b
1h
#35600000000
0!
0)
0b
0h
#35610000000
1!
1)
1b
1h
#35620000000
0!
0)
0b
0h
#35630000000
1!
1)
1b
1h
#35640000000
0!
0)
0b
0h
#35650000000
1!
1)
1b
1h
#35660000000
0!
0)
0b
0h
#35670000000
1!
1)
1b
1h
#35680000000
0!
0)
0b
0h
#35690000000
1!
1)
1b
1h
#35700000000
0!
0)
0b
0h
#35710000000
1!
1)
1b
1h
#35720000000
0!
0)
0b
0h
#35730000000
1!
1)
1b
1h
#35740000000
0!
0)
0b
0h
#35750000000
1!
1)
1b
1h
#35760000000
0!
0)
0b
0h
#35770000000
1!
1)
1b
1h
#35780000000
0!
0)
0b
0h
#35790000000
1!
1)
1b
1h
#35800000000
0!
0)
0b
0h
#35810000000
1!
1)
1b
1h
#35820000000
0!
0)
0b
0h
#35830000000
1!
1)
1b
1h
#35840000000
0!
0)
0b
0h
#35850000000
1!
1)
1b
1h
#35860000000
0!
0)
0b
0h
#35870000000
1!
1)
1b
1h
#35880000000
0!
0)
0b
0h
#35890000000
1!
1)
1b
1h
#35900000000
0!
0)
0b
0h
#35910000000
1!
1)
1b
1h
#35920000000
0!
0)
0b
0h
#35930000000
1!
1)
1b
1h
#35940000000
0!
0)
0b
0h
#35950000000
1!
1)
1b
1h
#35960000000
0!
0)
0b
0h
#35970000000
1!
1)
1b
1h
#35980000000
0!
0)
0b
0h
#35990000000
1!
1)
1b
1h
#36000000000
0!
0)
0b
0h
#36010000000
1!
1)
1b
1h
#36020000000
0!
0)
0b
0h
#36030000000
1!
1)
1b
1h
#36040000000
0!
0)
0b
0h
#36050000000
1!
1)
1b
1h
#36060000000
0!
0)
0b
0h
#36070000000
1!
1)
1b
1h
#36080000000
0!
0)
0b
0h
#36090000000
1!
1)
1b
1h
#36100000000
0!
0)
0b
0h
#36110000000
1!
1)
1b
1h
#36120000000
0!
0)
0b
0h
#36130000000
1!
1)
1b
1h
#36140000000
0!
0)
0b
0h
#36150000000
1!
1)
1b
1h
#36160000000
0!
0)
0b
0h
#36170000000
1!
1)
1b
1h
#36180000000
0!
0)
0b
0h
#36190000000
1!
1)
1b
1h
#36200000000
0!
0)
0b
0h
#36210000000
1!
1)
1b
1h
#36220000000
0!
0)
0b
0h
#36230000000
1!
1)
1b
1h
#36240000000
0!
0)
0b
0h
#36250000000
1!
1)
1b
1h
#36260000000
0!
0)
0b
0h
#36270000000
1!
1)
1b
1h
#36280000000
0!
0)
0b
0h
#36290000000
1!
1)
1b
1h
#36300000000
0!
0)
0b
0h
#36310000000
1!
1)
1b
1h
#36320000000
0!
0)
0b
0h
#36330000000
1!
1)
1b
1h
#36340000000
0!
0)
0b
0h
#36350000000
1!
1)
1b
1h
#36360000000
0!
0)
0b
0h
#36370000000
1!
1)
1b
1h
#36380000000
0!
0)
0b
0h
#36390000000
1!
1)
1b
1h
#36400000000
0!
0)
0b
0h
#36410000000
1!
1)
1b
1h
#36420000000
0!
0)
0b
0h
#36430000000
1!
1)
1b
1h
#36440000000
0!
0)
0b
0h
#36450000000
1!
1)
1b
1h
#36460000000
0!
0)
0b
0h
#36470000000
1!
1)
1b
1h
#36480000000
0!
0)
0b
0h
#36490000000
1!
1)
1b
1h
#36500000000
0!
0)
0b
0h
#36510000000
1!
1)
1b
1h
#36520000000
0!
0)
0b
0h
#36530000000
1!
1)
1b
1h
#36540000000
0!
0)
0b
0h
#36550000000
1!
1)
1b
1h
#36560000000
0!
0)
0b
0h
#36570000000
1!
1)
1b
1h
#36580000000
0!
0)
0b
0h
#36590000000
1!
1)
1b
1h
#36600000000
0!
0)
0b
0h
#36610000000
1!
1)
1b
1h
#36620000000
0!
0)
0b
0h
#36630000000
1!
1)
1b
1h
#36640000000
0!
0)
0b
0h
#36650000000
1!
1)
1b
1h
#36660000000
0!
0)
0b
0h
#36670000000
1!
1)
1b
1h
#36680000000
0!
0)
0b
0h
#36690000000
1!
1)
1b
1h
#36700000000
0!
0)
0b
0h
#36710000000
1!
1)
1b
1h
#36720000000
0!
0)
0b
0h
#36730000000
1!
1)
1b
1h
#36740000000
0!
0)
0b
0h
#36750000000
1!
1)
1b
1h
#36760000000
0!
0)
0b
0h
#36770000000
1!
1)
1b
1h
#36780000000
0!
0)
0b
0h
#36790000000
1!
1)
1b
1h
#36800000000
0!
0)
0b
0h
#36810000000
1!
1)
1b
1h
#36820000000
0!
0)
0b
0h
#36830000000
1!
1)
1b
1h
#36840000000
0!
0)
0b
0h
#36850000000
1!
1)
1b
1h
#36860000000
0!
0)
0b
0h
#36870000000
1!
1)
1b
1h
#36880000000
0!
0)
0b
0h
#36890000000
1!
1)
1b
1h
#36900000000
0!
0)
0b
0h
#36910000000
1!
1)
1b
1h
#36920000000
0!
0)
0b
0h
#36930000000
1!
1)
1b
1h
#36940000000
0!
0)
0b
0h
#36950000000
1!
1)
1b
1h
#36960000000
0!
0)
0b
0h
#36970000000
1!
1)
1b
1h
#36980000000
0!
0)
0b
0h
#36990000000
1!
1)
1b
1h
#37000000000
0!
0)
0b
0h
#37010000000
1!
1)
1b
1h
#37020000000
0!
0)
0b
0h
#37030000000
1!
1)
1b
1h
#37040000000
0!
0)
0b
0h
#37050000000
1!
1)
1b
1h
#37060000000
0!
0)
0b
0h
#37070000000
1!
1)
1b
1h
#37080000000
0!
0)
0b
0h
#37090000000
1!
1)
1b
1h
#37100000000
0!
0)
0b
0h
#37110000000
1!
1)
1b
1h
#37120000000
0!
0)
0b
0h
#37130000000
1!
1)
1b
1h
#37140000000
0!
0)
0b
0h
#37150000000
1!
1)
1b
1h
#37160000000
0!
0)
0b
0h
#37170000000
1!
1)
1b
1h
#37180000000
0!
0)
0b
0h
#37190000000
1!
1)
1b
1h
#37200000000
0!
0)
0b
0h
#37210000000
1!
1)
1b
1h
#37220000000
0!
0)
0b
0h
#37230000000
1!
1)
1b
1h
#37240000000
0!
0)
0b
0h
#37250000000
1!
1)
1b
1h
#37260000000
0!
0)
0b
0h
#37270000000
1!
1)
1b
1h
#37280000000
0!
0)
0b
0h
#37290000000
1!
1)
1b
1h
#37300000000
0!
0)
0b
0h
#37310000000
1!
1)
1b
1h
#37320000000
0!
0)
0b
0h
#37330000000
1!
1)
1b
1h
#37340000000
0!
0)
0b
0h
#37350000000
1!
1)
1b
1h
#37360000000
0!
0)
0b
0h
#37370000000
1!
1)
1b
1h
#37380000000
0!
0)
0b
0h
#37390000000
1!
1)
1b
1h
#37400000000
0!
0)
0b
0h
#37410000000
1!
1)
1b
1h
#37420000000
0!
0)
0b
0h
#37430000000
1!
1)
1b
1h
#37440000000
0!
0)
0b
0h
#37450000000
1!
1)
1b
1h
#37460000000
0!
0)
0b
0h
#37470000000
1!
1)
1b
1h
#37480000000
0!
0)
0b
0h
#37490000000
1!
1)
1b
1h
#37500000000
0!
0)
0b
0h
#37510000000
1!
1)
1b
1h
#37520000000
0!
0)
0b
0h
#37530000000
1!
1)
1b
1h
#37540000000
0!
0)
0b
0h
#37550000000
1!
1)
1b
1h
#37560000000
0!
0)
0b
0h
#37570000000
1!
1)
1b
1h
#37580000000
0!
0)
0b
0h
#37590000000
1!
1)
1b
1h
#37600000000
0!
0)
0b
0h
#37610000000
1!
1)
1b
1h
#37620000000
0!
0)
0b
0h
#37630000000
1!
1)
1b
1h
#37640000000
0!
0)
0b
0h
#37650000000
1!
1)
1b
1h
#37660000000
0!
0)
0b
0h
#37670000000
1!
1)
1b
1h
#37680000000
0!
0)
0b
0h
#37690000000
1!
1)
1b
1h
#37700000000
0!
0)
0b
0h
#37710000000
1!
1)
1b
1h
#37720000000
0!
0)
0b
0h
#37730000000
1!
1)
1b
1h
#37740000000
0!
0)
0b
0h
#37750000000
1!
1)
1b
1h
#37760000000
0!
0)
0b
0h
#37770000000
1!
1)
1b
1h
#37780000000
0!
0)
0b
0h
#37790000000
1!
1)
1b
1h
#37800000000
0!
0)
0b
0h
#37810000000
1!
1)
1b
1h
#37820000000
0!
0)
0b
0h
#37830000000
1!
1)
1b
1h
#37840000000
0!
0)
0b
0h
#37850000000
1!
1)
1b
1h
#37860000000
0!
0)
0b
0h
#37870000000
1!
1)
1b
1h
#37880000000
0!
0)
0b
0h
#37890000000
1!
1)
1b
1h
#37900000000
0!
0)
0b
0h
#37910000000
1!
1)
1b
1h
#37920000000
0!
0)
0b
0h
#37930000000
1!
1)
1b
1h
#37940000000
0!
0)
0b
0h
#37950000000
1!
1)
1b
1h
#37960000000
0!
0)
0b
0h
#37970000000
1!
1)
1b
1h
#37980000000
0!
0)
0b
0h
#37990000000
1!
1)
1b
1h
#38000000000
0!
0)
0b
0h
#38010000000
1!
1)
1b
1h
#38020000000
0!
0)
0b
0h
#38030000000
1!
1)
1b
1h
#38040000000
0!
0)
0b
0h
#38050000000
1!
1)
1b
1h
#38060000000
0!
0)
0b
0h
#38070000000
1!
1)
1b
1h
#38080000000
0!
0)
0b
0h
#38090000000
1!
1)
1b
1h
#38100000000
0!
0)
0b
0h
#38110000000
1!
1)
1b
1h
#38120000000
0!
0)
0b
0h
#38130000000
1!
1)
1b
1h
#38140000000
0!
0)
0b
0h
#38150000000
1!
1)
1b
1h
#38160000000
0!
0)
0b
0h
#38170000000
1!
1)
1b
1h
#38180000000
0!
0)
0b
0h
#38190000000
1!
1)
1b
1h
#38200000000
0!
0)
0b
0h
#38210000000
1!
1)
1b
1h
#38220000000
0!
0)
0b
0h
#38230000000
1!
1)
1b
1h
#38240000000
0!
0)
0b
0h
#38250000000
1!
1)
1b
1h
#38260000000
0!
0)
0b
0h
#38270000000
1!
1)
1b
1h
#38280000000
0!
0)
0b
0h
#38290000000
1!
1)
1b
1h
#38300000000
0!
0)
0b
0h
#38310000000
1!
1)
1b
1h
#38320000000
0!
0)
0b
0h
#38330000000
1!
1)
1b
1h
#38340000000
0!
0)
0b
0h
#38350000000
1!
1)
1b
1h
#38360000000
0!
0)
0b
0h
#38370000000
1!
1)
1b
1h
#38380000000
0!
0)
0b
0h
#38390000000
1!
1)
1b
1h
#38400000000
0!
0)
0b
0h
#38410000000
1!
1)
1b
1h
#38420000000
0!
0)
0b
0h
#38430000000
1!
1)
1b
1h
#38440000000
0!
0)
0b
0h
#38450000000
1!
1)
1b
1h
#38460000000
0!
0)
0b
0h
#38470000000
1!
1)
1b
1h
#38480000000
0!
0)
0b
0h
#38490000000
1!
1)
1b
1h
#38500000000
0!
0)
0b
0h
#38510000000
1!
1)
1b
1h
#38520000000
0!
0)
0b
0h
#38530000000
1!
1)
1b
1h
#38540000000
0!
0)
0b
0h
#38550000000
1!
1)
1b
1h
#38560000000
0!
0)
0b
0h
#38570000000
1!
1)
1b
1h
#38580000000
0!
0)
0b
0h
#38590000000
1!
1)
1b
1h
#38600000000
0!
0)
0b
0h
#38610000000
1!
1)
1b
1h
#38620000000
0!
0)
0b
0h
#38630000000
1!
1)
1b
1h
#38640000000
0!
0)
0b
0h
#38650000000
1!
1)
1b
1h
#38660000000
0!
0)
0b
0h
#38670000000
1!
1)
1b
1h
#38680000000
0!
0)
0b
0h
#38690000000
1!
1)
1b
1h
#38700000000
0!
0)
0b
0h
#38710000000
1!
1)
1b
1h
#38720000000
0!
0)
0b
0h
#38730000000
1!
1)
1b
1h
#38740000000
0!
0)
0b
0h
#38750000000
1!
1)
1b
1h
#38760000000
0!
0)
0b
0h
#38770000000
1!
1)
1b
1h
#38780000000
0!
0)
0b
0h
#38790000000
1!
1)
1b
1h
#38800000000
0!
0)
0b
0h
#38810000000
1!
1)
1b
1h
#38820000000
0!
0)
0b
0h
#38830000000
1!
1)
1b
1h
#38840000000
0!
0)
0b
0h
#38850000000
1!
1)
1b
1h
#38860000000
0!
0)
0b
0h
#38870000000
1!
1)
1b
1h
#38880000000
0!
0)
0b
0h
#38890000000
1!
1)
1b
1h
#38900000000
0!
0)
0b
0h
#38910000000
1!
1)
1b
1h
#38920000000
0!
0)
0b
0h
#38930000000
1!
1)
1b
1h
#38940000000
0!
0)
0b
0h
#38950000000
1!
1)
1b
1h
#38960000000
0!
0)
0b
0h
#38970000000
1!
1)
1b
1h
#38980000000
0!
0)
0b
0h
#38990000000
1!
1)
1b
1h
#39000000000
0!
0)
0b
0h
#39010000000
1!
1)
1b
1h
#39020000000
0!
0)
0b
0h
#39030000000
1!
1)
1b
1h
#39040000000
0!
0)
0b
0h
#39050000000
1!
1)
1b
1h
#39060000000
0!
0)
0b
0h
#39070000000
1!
1)
1b
1h
#39080000000
0!
0)
0b
0h
#39090000000
1!
1)
1b
1h
#39100000000
0!
0)
0b
0h
#39110000000
1!
1)
1b
1h
#39120000000
0!
0)
0b
0h
#39130000000
1!
1)
1b
1h
#39140000000
0!
0)
0b
0h
#39150000000
1!
1)
1b
1h
#39160000000
0!
0)
0b
0h
#39170000000
1!
1)
1b
1h
#39180000000
0!
0)
0b
0h
#39190000000
1!
1)
1b
1h
#39200000000
0!
0)
0b
0h
#39210000000
1!
1)
1b
1h
#39220000000
0!
0)
0b
0h
#39230000000
1!
1)
1b
1h
#39240000000
0!
0)
0b
0h
#39250000000
1!
1)
1b
1h
#39260000000
0!
0)
0b
0h
#39270000000
1!
1)
1b
1h
#39280000000
0!
0)
0b
0h
#39290000000
1!
1)
1b
1h
#39300000000
0!
0)
0b
0h
#39310000000
1!
1)
1b
1h
#39320000000
0!
0)
0b
0h
#39330000000
1!
1)
1b
1h
#39340000000
0!
0)
0b
0h
#39350000000
1!
1)
1b
1h
#39360000000
0!
0)
0b
0h
#39370000000
1!
1)
1b
1h
#39380000000
0!
0)
0b
0h
#39390000000
1!
1)
1b
1h
#39400000000
0!
0)
0b
0h
#39410000000
1!
1)
1b
1h
#39420000000
0!
0)
0b
0h
#39430000000
1!
1)
1b
1h
#39440000000
0!
0)
0b
0h
#39450000000
1!
1)
1b
1h
#39460000000
0!
0)
0b
0h
#39470000000
1!
1)
1b
1h
#39480000000
0!
0)
0b
0h
#39490000000
1!
1)
1b
1h
#39500000000
0!
0)
0b
0h
#39510000000
1!
1)
1b
1h
#39520000000
0!
0)
0b
0h
#39530000000
1!
1)
1b
1h
#39540000000
0!
0)
0b
0h
#39550000000
1!
1)
1b
1h
#39560000000
0!
0)
0b
0h
#39570000000
1!
1)
1b
1h
#39580000000
0!
0)
0b
0h
#39590000000
1!
1)
1b
1h
#39600000000
0!
0)
0b
0h
#39610000000
1!
1)
1b
1h
#39620000000
0!
0)
0b
0h
#39630000000
1!
1)
1b
1h
#39640000000
0!
0)
0b
0h
#39650000000
1!
1)
1b
1h
#39660000000
0!
0)
0b
0h
#39670000000
1!
1)
1b
1h
#39680000000
0!
0)
0b
0h
#39690000000
1!
1)
1b
1h
#39700000000
0!
0)
0b
0h
#39710000000
1!
1)
1b
1h
#39720000000
0!
0)
0b
0h
#39730000000
1!
1)
1b
1h
#39740000000
0!
0)
0b
0h
#39750000000
1!
1)
1b
1h
#39760000000
0!
0)
0b
0h
#39770000000
1!
1)
1b
1h
#39780000000
0!
0)
0b
0h
#39790000000
1!
1)
1b
1h
#39800000000
0!
0)
0b
0h
#39810000000
1!
1)
1b
1h
#39820000000
0!
0)
0b
0h
#39830000000
1!
1)
1b
1h
#39840000000
0!
0)
0b
0h
#39850000000
1!
1)
1b
1h
#39860000000
0!
0)
0b
0h
#39870000000
1!
1)
1b
1h
#39880000000
0!
0)
0b
0h
#39890000000
1!
1)
1b
1h
#39900000000
0!
0)
0b
0h
#39910000000
1!
1)
1b
1h
#39920000000
0!
0)
0b
0h
#39930000000
1!
1)
1b
1h
#39940000000
0!
0)
0b
0h
#39950000000
1!
1)
1b
1h
#39960000000
0!
0)
0b
0h
#39970000000
1!
1)
1b
1h
#39980000000
0!
0)
0b
0h
#39990000000
1!
1)
1b
1h
#40000000000
0!
0)
0b
0h
#40010000000
1!
1)
1b
1h
#40020000000
0!
0)
0b
0h
#40030000000
1!
1)
1b
1h
#40040000000
0!
0)
0b
0h
#40050000000
1!
1)
1b
1h
#40060000000
0!
0)
0b
0h
#40070000000
1!
1)
1b
1h
#40080000000
0!
0)
0b
0h
#40090000000
1!
1)
1b
1h
#40100000000
0!
0)
0b
0h
#40110000000
1!
1)
1b
1h
#40120000000
0!
0)
0b
0h
#40130000000
1!
1)
1b
1h
#40140000000
0!
0)
0b
0h
#40150000000
1!
1)
1b
1h
#40160000000
0!
0)
0b
0h
#40170000000
1!
1)
1b
1h
#40180000000
0!
0)
0b
0h
#40190000000
1!
1)
1b
1h
#40200000000
0!
0)
0b
0h
#40210000000
1!
1)
1b
1h
#40220000000
0!
0)
0b
0h
#40230000000
1!
1)
1b
1h
#40240000000
0!
0)
0b
0h
#40250000000
1!
1)
1b
1h
#40260000000
0!
0)
0b
0h
#40270000000
1!
1)
1b
1h
#40280000000
0!
0)
0b
0h
#40290000000
1!
1)
1b
1h
#40300000000
0!
0)
0b
0h
#40310000000
1!
1)
1b
1h
#40320000000
0!
0)
0b
0h
#40330000000
1!
1)
1b
1h
#40340000000
0!
0)
0b
0h
#40350000000
1!
1)
1b
1h
#40360000000
0!
0)
0b
0h
#40370000000
1!
1)
1b
1h
#40380000000
0!
0)
0b
0h
#40390000000
1!
1)
1b
1h
#40400000000
0!
0)
0b
0h
#40410000000
1!
1)
1b
1h
#40420000000
0!
0)
0b
0h
#40430000000
1!
1)
1b
1h
#40440000000
0!
0)
0b
0h
#40450000000
1!
1)
1b
1h
#40460000000
0!
0)
0b
0h
#40470000000
1!
1)
1b
1h
#40480000000
0!
0)
0b
0h
#40490000000
1!
1)
1b
1h
#40500000000
0!
0)
0b
0h
#40510000000
1!
1)
1b
1h
#40520000000
0!
0)
0b
0h
#40530000000
1!
1)
1b
1h
#40540000000
0!
0)
0b
0h
#40550000000
1!
1)
1b
1h
#40560000000
0!
0)
0b
0h
#40570000000
1!
1)
1b
1h
#40580000000
0!
0)
0b
0h
#40590000000
1!
1)
1b
1h
#40600000000
0!
0)
0b
0h
#40610000000
1!
1)
1b
1h
#40620000000
0!
0)
0b
0h
#40630000000
1!
1)
1b
1h
#40640000000
0!
0)
0b
0h
#40650000000
1!
1)
1b
1h
#40660000000
0!
0)
0b
0h
#40670000000
1!
1)
1b
1h
#40680000000
0!
0)
0b
0h
#40690000000
1!
1)
1b
1h
#40700000000
0!
0)
0b
0h
#40710000000
1!
1)
1b
1h
#40720000000
0!
0)
0b
0h
#40730000000
1!
1)
1b
1h
#40740000000
0!
0)
0b
0h
#40750000000
1!
1)
1b
1h
#40760000000
0!
0)
0b
0h
#40770000000
1!
1)
1b
1h
#40780000000
0!
0)
0b
0h
#40790000000
1!
1)
1b
1h
#40800000000
0!
0)
0b
0h
#40810000000
1!
1)
1b
1h
#40820000000
0!
0)
0b
0h
#40830000000
1!
1)
1b
1h
#40840000000
0!
0)
0b
0h
#40850000000
1!
1)
1b
1h
#40860000000
0!
0)
0b
0h
#40870000000
1!
1)
1b
1h
#40880000000
0!
0)
0b
0h
#40890000000
1!
1)
1b
1h
#40900000000
0!
0)
0b
0h
#40910000000
1!
1)
1b
1h
#40920000000
0!
0)
0b
0h
#40930000000
1!
1)
1b
1h
#40940000000
0!
0)
0b
0h
#40950000000
1!
1)
1b
1h
#40960000000
0!
0)
0b
0h
#40970000000
1!
1)
1b
1h
#40980000000
0!
0)
0b
0h
#40990000000
1!
1)
1b
1h
#41000000000
0!
0)
0b
0h
#41010000000
1!
1)
1b
1h
#41020000000
0!
0)
0b
0h
#41030000000
1!
1)
1b
1h
#41040000000
0!
0)
0b
0h
#41050000000
1!
1)
1b
1h
#41060000000
0!
0)
0b
0h
#41070000000
1!
1)
1b
1h
#41080000000
0!
0)
0b
0h
#41090000000
1!
1)
1b
1h
#41100000000
0!
0)
0b
0h
#41110000000
1!
1)
1b
1h
#41120000000
0!
0)
0b
0h
#41130000000
1!
1)
1b
1h
#41140000000
0!
0)
0b
0h
#41150000000
1!
1)
1b
1h
#41160000000
0!
0)
0b
0h
#41170000000
1!
1)
1b
1h
#41180000000
0!
0)
0b
0h
#41190000000
1!
1)
1b
1h
#41200000000
0!
0)
0b
0h
#41210000000
1!
1)
1b
1h
#41220000000
0!
0)
0b
0h
#41230000000
1!
1)
1b
1h
#41240000000
0!
0)
0b
0h
#41250000000
1!
1)
1b
1h
#41260000000
0!
0)
0b
0h
#41270000000
1!
1)
1b
1h
#41280000000
0!
0)
0b
0h
#41290000000
1!
1)
1b
1h
#41300000000
0!
0)
0b
0h
#41310000000
1!
1)
1b
1h
#41320000000
0!
0)
0b
0h
#41330000000
1!
1)
1b
1h
#41340000000
0!
0)
0b
0h
#41350000000
1!
1)
1b
1h
#41360000000
0!
0)
0b
0h
#41370000000
1!
1)
1b
1h
#41380000000
0!
0)
0b
0h
#41390000000
1!
1)
1b
1h
#41400000000
0!
0)
0b
0h
#41410000000
1!
1)
1b
1h
#41420000000
0!
0)
0b
0h
#41430000000
1!
1)
1b
1h
#41440000000
0!
0)
0b
0h
#41450000000
1!
1)
1b
1h
#41460000000
0!
0)
0b
0h
#41470000000
1!
1)
1b
1h
#41480000000
0!
0)
0b
0h
#41490000000
1!
1)
1b
1h
#41500000000
0!
0)
0b
0h
#41510000000
1!
1)
1b
1h
#41520000000
0!
0)
0b
0h
#41530000000
1!
1)
1b
1h
#41540000000
0!
0)
0b
0h
#41550000000
1!
1)
1b
1h
#41560000000
0!
0)
0b
0h
#41570000000
1!
1)
1b
1h
#41580000000
0!
0)
0b
0h
#41590000000
1!
1)
1b
1h
#41600000000
0!
0)
0b
0h
#41610000000
1!
1)
1b
1h
#41620000000
0!
0)
0b
0h
#41630000000
1!
1)
1b
1h
#41640000000
0!
0)
0b
0h
#41650000000
1!
1)
1b
1h
#41660000000
0!
0)
0b
0h
#41670000000
1!
1)
1b
1h
#41680000000
0!
0)
0b
0h
#41690000000
1!
1)
1b
1h
#41700000000
0!
0)
0b
0h
#41710000000
1!
1)
1b
1h
#41720000000
0!
0)
0b
0h
#41730000000
1!
1)
1b
1h
#41740000000
0!
0)
0b
0h
#41750000000
1!
1)
1b
1h
#41760000000
0!
0)
0b
0h
#41770000000
1!
1)
1b
1h
#41780000000
0!
0)
0b
0h
#41790000000
1!
1)
1b
1h
#41800000000
0!
0)
0b
0h
#41810000000
1!
1)
1b
1h
#41820000000
0!
0)
0b
0h
#41830000000
1!
1)
1b
1h
#41840000000
0!
0)
0b
0h
#41850000000
1!
1)
1b
1h
#41860000000
0!
0)
0b
0h
#41870000000
1!
1)
1b
1h
#41880000000
0!
0)
0b
0h
#41890000000
1!
1)
1b
1h
#41900000000
0!
0)
0b
0h
#41910000000
1!
1)
1b
1h
#41920000000
0!
0)
0b
0h
#41930000000
1!
1)
1b
1h
#41940000000
0!
0)
0b
0h
#41950000000
1!
1)
1b
1h
#41960000000
0!
0)
0b
0h
#41970000000
1!
1)
1b
1h
#41980000000
0!
0)
0b
0h
#41990000000
1!
1)
1b
1h
#42000000000
0!
0)
0b
0h
#42010000000
1!
1)
1b
1h
#42020000000
0!
0)
0b
0h
#42030000000
1!
1)
1b
1h
#42040000000
0!
0)
0b
0h
#42050000000
1!
1)
1b
1h
#42060000000
0!
0)
0b
0h
#42070000000
1!
1)
1b
1h
#42080000000
0!
0)
0b
0h
#42090000000
1!
1)
1b
1h
#42100000000
0!
0)
0b
0h
#42110000000
1!
1)
1b
1h
#42120000000
0!
0)
0b
0h
#42130000000
1!
1)
1b
1h
#42140000000
0!
0)
0b
0h
#42150000000
1!
1)
1b
1h
#42160000000
0!
0)
0b
0h
#42170000000
1!
1)
1b
1h
#42180000000
0!
0)
0b
0h
#42190000000
1!
1)
1b
1h
#42200000000
0!
0)
0b
0h
#42210000000
1!
1)
1b
1h
#42220000000
0!
0)
0b
0h
#42230000000
1!
1)
1b
1h
#42240000000
0!
0)
0b
0h
#42250000000
1!
1)
1b
1h
#42260000000
0!
0)
0b
0h
#42270000000
1!
1)
1b
1h
#42280000000
0!
0)
0b
0h
#42290000000
1!
1)
1b
1h
#42300000000
0!
0)
0b
0h
#42310000000
1!
1)
1b
1h
#42320000000
0!
0)
0b
0h
#42330000000
1!
1)
1b
1h
#42340000000
0!
0)
0b
0h
#42350000000
1!
1)
1b
1h
#42360000000
0!
0)
0b
0h
#42370000000
1!
1)
1b
1h
#42380000000
0!
0)
0b
0h
#42390000000
1!
1)
1b
1h
#42400000000
0!
0)
0b
0h
#42410000000
1!
1)
1b
1h
#42420000000
0!
0)
0b
0h
#42430000000
1!
1)
1b
1h
#42440000000
0!
0)
0b
0h
#42450000000
1!
1)
1b
1h
#42460000000
0!
0)
0b
0h
#42470000000
1!
1)
1b
1h
#42480000000
0!
0)
0b
0h
#42490000000
1!
1)
1b
1h
#42500000000
0!
0)
0b
0h
#42510000000
1!
1)
1b
1h
#42520000000
0!
0)
0b
0h
#42530000000
1!
1)
1b
1h
#42540000000
0!
0)
0b
0h
#42550000000
1!
1)
1b
1h
#42560000000
0!
0)
0b
0h
#42570000000
1!
1)
1b
1h
#42580000000
0!
0)
0b
0h
#42590000000
1!
1)
1b
1h
#42600000000
0!
0)
0b
0h
#42610000000
1!
1)
1b
1h
#42620000000
0!
0)
0b
0h
#42630000000
1!
1)
1b
1h
#42640000000
0!
0)
0b
0h
#42650000000
1!
1)
1b
1h
#42660000000
0!
0)
0b
0h
#42670000000
1!
1)
1b
1h
#42680000000
0!
0)
0b
0h
#42690000000
1!
1)
1b
1h
#42700000000
0!
0)
0b
0h
#42710000000
1!
1)
1b
1h
#42720000000
0!
0)
0b
0h
#42730000000
1!
1)
1b
1h
#42740000000
0!
0)
0b
0h
#42750000000
1!
1)
1b
1h
#42760000000
0!
0)
0b
0h
#42770000000
1!
1)
1b
1h
#42780000000
0!
0)
0b
0h
#42790000000
1!
1)
1b
1h
#42800000000
0!
0)
0b
0h
#42810000000
1!
1)
1b
1h
#42820000000
0!
0)
0b
0h
#42830000000
1!
1)
1b
1h
#42840000000
0!
0)
0b
0h
#42850000000
1!
1)
1b
1h
#42860000000
0!
0)
0b
0h
#42870000000
1!
1)
1b
1h
#42880000000
0!
0)
0b
0h
#42890000000
1!
1)
1b
1h
#42900000000
0!
0)
0b
0h
#42910000000
1!
1)
1b
1h
#42920000000
0!
0)
0b
0h
#42930000000
1!
1)
1b
1h
#42940000000
0!
0)
0b
0h
#42950000000
1!
1)
1b
1h
#42960000000
0!
0)
0b
0h
#42970000000
1!
1)
1b
1h
#42980000000
0!
0)
0b
0h
#42990000000
1!
1)
1b
1h
#43000000000
0!
0)
0b
0h
#43010000000
1!
1)
1b
1h
#43020000000
0!
0)
0b
0h
#43030000000
1!
1)
1b
1h
#43040000000
0!
0)
0b
0h
#43050000000
1!
1)
1b
1h
#43060000000
0!
0)
0b
0h
#43070000000
1!
1)
1b
1h
#43080000000
0!
0)
0b
0h
#43090000000
1!
1)
1b
1h
#43100000000
0!
0)
0b
0h
#43110000000
1!
1)
1b
1h
#43120000000
0!
0)
0b
0h
#43130000000
1!
1)
1b
1h
#43140000000
0!
0)
0b
0h
#43150000000
1!
1)
1b
1h
#43160000000
0!
0)
0b
0h
#43170000000
1!
1)
1b
1h
#43180000000
0!
0)
0b
0h
#43190000000
1!
1)
1b
1h
#43200000000
0!
0)
0b
0h
#43210000000
1!
1)
1b
1h
#43220000000
0!
0)
0b
0h
#43230000000
1!
1)
1b
1h
#43240000000
0!
0)
0b
0h
#43250000000
1!
1)
1b
1h
#43260000000
0!
0)
0b
0h
#43270000000
1!
1)
1b
1h
#43280000000
0!
0)
0b
0h
#43290000000
1!
1)
1b
1h
#43300000000
0!
0)
0b
0h
#43310000000
1!
1)
1b
1h
#43320000000
0!
0)
0b
0h
#43330000000
1!
1)
1b
1h
#43340000000
0!
0)
0b
0h
#43350000000
1!
1)
1b
1h
#43360000000
0!
0)
0b
0h
#43370000000
1!
1)
1b
1h
#43380000000
0!
0)
0b
0h
#43390000000
1!
1)
1b
1h
#43400000000
0!
0)
0b
0h
#43410000000
1!
1)
1b
1h
#43420000000
0!
0)
0b
0h
#43430000000
1!
1)
1b
1h
#43440000000
0!
0)
0b
0h
#43450000000
1!
1)
1b
1h
#43460000000
0!
0)
0b
0h
#43470000000
1!
1)
1b
1h
#43480000000
0!
0)
0b
0h
#43490000000
1!
1)
1b
1h
#43500000000
0!
0)
0b
0h
#43510000000
1!
1)
1b
1h
#43520000000
0!
0)
0b
0h
#43530000000
1!
1)
1b
1h
#43540000000
0!
0)
0b
0h
#43550000000
1!
1)
1b
1h
#43560000000
0!
0)
0b
0h
#43570000000
1!
1)
1b
1h
#43580000000
0!
0)
0b
0h
#43590000000
1!
1)
1b
1h
#43600000000
0!
0)
0b
0h
#43610000000
1!
1)
1b
1h
#43620000000
0!
0)
0b
0h
#43630000000
1!
1)
1b
1h
#43640000000
0!
0)
0b
0h
#43650000000
1!
1)
1b
1h
#43660000000
0!
0)
0b
0h
#43670000000
1!
1)
1b
1h
#43680000000
0!
0)
0b
0h
#43690000000
1!
1)
1b
1h
#43700000000
0!
0)
0b
0h
#43710000000
1!
1)
1b
1h
#43720000000
0!
0)
0b
0h
#43730000000
1!
1)
1b
1h
#43740000000
0!
0)
0b
0h
#43750000000
1!
1)
1b
1h
#43760000000
0!
0)
0b
0h
#43770000000
1!
1)
1b
1h
#43780000000
0!
0)
0b
0h
#43790000000
1!
1)
1b
1h
#43800000000
0!
0)
0b
0h
#43810000000
1!
1)
1b
1h
#43820000000
0!
0)
0b
0h
#43830000000
1!
1)
1b
1h
#43840000000
0!
0)
0b
0h
#43850000000
1!
1)
1b
1h
#43860000000
0!
0)
0b
0h
#43870000000
1!
1)
1b
1h
#43880000000
0!
0)
0b
0h
#43890000000
1!
1)
1b
1h
#43900000000
0!
0)
0b
0h
#43910000000
1!
1)
1b
1h
#43920000000
0!
0)
0b
0h
#43930000000
1!
1)
1b
1h
#43940000000
0!
0)
0b
0h
#43950000000
1!
1)
1b
1h
#43960000000
0!
0)
0b
0h
#43970000000
1!
1)
1b
1h
#43980000000
0!
0)
0b
0h
#43990000000
1!
1)
1b
1h
#44000000000
0!
0)
0b
0h
#44010000000
1!
1)
1b
1h
#44020000000
0!
0)
0b
0h
#44030000000
1!
1)
1b
1h
#44040000000
0!
0)
0b
0h
#44050000000
1!
1)
1b
1h
#44060000000
0!
0)
0b
0h
#44070000000
1!
1)
1b
1h
#44080000000
0!
0)
0b
0h
#44090000000
1!
1)
1b
1h
#44100000000
0!
0)
0b
0h
#44110000000
1!
1)
1b
1h
#44120000000
0!
0)
0b
0h
#44130000000
1!
1)
1b
1h
#44140000000
0!
0)
0b
0h
#44150000000
1!
1)
1b
1h
#44160000000
0!
0)
0b
0h
#44170000000
1!
1)
1b
1h
#44180000000
0!
0)
0b
0h
#44190000000
1!
1)
1b
1h
#44200000000
0!
0)
0b
0h
#44210000000
1!
1)
1b
1h
#44220000000
0!
0)
0b
0h
#44230000000
1!
1)
1b
1h
#44240000000
0!
0)
0b
0h
#44250000000
1!
1)
1b
1h
#44260000000
0!
0)
0b
0h
#44270000000
1!
1)
1b
1h
#44280000000
0!
0)
0b
0h
#44290000000
1!
1)
1b
1h
#44300000000
0!
0)
0b
0h
#44310000000
1!
1)
1b
1h
#44320000000
0!
0)
0b
0h
#44330000000
1!
1)
1b
1h
#44340000000
0!
0)
0b
0h
#44350000000
1!
1)
1b
1h
#44360000000
0!
0)
0b
0h
#44370000000
1!
1)
1b
1h
#44380000000
0!
0)
0b
0h
#44390000000
1!
1)
1b
1h
#44400000000
0!
0)
0b
0h
#44410000000
1!
1)
1b
1h
#44420000000
0!
0)
0b
0h
#44430000000
1!
1)
1b
1h
#44440000000
0!
0)
0b
0h
#44450000000
1!
1)
1b
1h
#44460000000
0!
0)
0b
0h
#44470000000
1!
1)
1b
1h
#44480000000
0!
0)
0b
0h
#44490000000
1!
1)
1b
1h
#44500000000
0!
0)
0b
0h
#44510000000
1!
1)
1b
1h
#44520000000
0!
0)
0b
0h
#44530000000
1!
1)
1b
1h
#44540000000
0!
0)
0b
0h
#44550000000
1!
1)
1b
1h
#44560000000
0!
0)
0b
0h
#44570000000
1!
1)
1b
1h
#44580000000
0!
0)
0b
0h
#44590000000
1!
1)
1b
1h
#44600000000
0!
0)
0b
0h
#44610000000
1!
1)
1b
1h
#44620000000
0!
0)
0b
0h
#44630000000
1!
1)
1b
1h
#44640000000
0!
0)
0b
0h
#44650000000
1!
1)
1b
1h
#44660000000
0!
0)
0b
0h
#44670000000
1!
1)
1b
1h
#44680000000
0!
0)
0b
0h
#44690000000
1!
1)
1b
1h
#44700000000
0!
0)
0b
0h
#44710000000
1!
1)
1b
1h
#44720000000
0!
0)
0b
0h
#44730000000
1!
1)
1b
1h
#44740000000
0!
0)
0b
0h
#44750000000
1!
1)
1b
1h
#44760000000
0!
0)
0b
0h
#44770000000
1!
1)
1b
1h
#44780000000
0!
0)
0b
0h
#44790000000
1!
1)
1b
1h
#44800000000
0!
0)
0b
0h
#44810000000
1!
1)
1b
1h
#44820000000
0!
0)
0b
0h
#44830000000
1!
1)
1b
1h
#44840000000
0!
0)
0b
0h
#44850000000
1!
1)
1b
1h
#44860000000
0!
0)
0b
0h
#44870000000
1!
1)
1b
1h
#44880000000
0!
0)
0b
0h
#44890000000
1!
1)
1b
1h
#44900000000
0!
0)
0b
0h
#44910000000
1!
1)
1b
1h
#44920000000
0!
0)
0b
0h
#44930000000
1!
1)
1b
1h
#44940000000
0!
0)
0b
0h
#44950000000
1!
1)
1b
1h
#44960000000
0!
0)
0b
0h
#44970000000
1!
1)
1b
1h
#44980000000
0!
0)
0b
0h
#44990000000
1!
1)
1b
1h
#45000000000
0!
0)
0b
0h
#45010000000
1!
1)
1b
1h
#45020000000
0!
0)
0b
0h
#45030000000
1!
1)
1b
1h
#45040000000
0!
0)
0b
0h
#45050000000
1!
1)
1b
1h
#45060000000
0!
0)
0b
0h
#45070000000
1!
1)
1b
1h
#45080000000
0!
0)
0b
0h
#45090000000
1!
1)
1b
1h
#45100000000
0!
0)
0b
0h
#45110000000
1!
1)
1b
1h
#45120000000
0!
0)
0b
0h
#45130000000
1!
1)
1b
1h
#45140000000
0!
0)
0b
0h
#45150000000
1!
1)
1b
1h
#45160000000
0!
0)
0b
0h
#45170000000
1!
1)
1b
1h
#45180000000
0!
0)
0b
0h
#45190000000
1!
1)
1b
1h
#45200000000
0!
0)
0b
0h
#45210000000
1!
1)
1b
1h
#45220000000
0!
0)
0b
0h
#45230000000
1!
1)
1b
1h
#45240000000
0!
0)
0b
0h
#45250000000
1!
1)
1b
1h
#45260000000
0!
0)
0b
0h
#45270000000
1!
1)
1b
1h
#45280000000
0!
0)
0b
0h
#45290000000
1!
1)
1b
1h
#45300000000
0!
0)
0b
0h
#45310000000
1!
1)
1b
1h
#45320000000
0!
0)
0b
0h
#45330000000
1!
1)
1b
1h
#45340000000
0!
0)
0b
0h
#45350000000
1!
1)
1b
1h
#45360000000
0!
0)
0b
0h
#45370000000
1!
1)
1b
1h
#45380000000
0!
0)
0b
0h
#45390000000
1!
1)
1b
1h
#45400000000
0!
0)
0b
0h
#45410000000
1!
1)
1b
1h
#45420000000
0!
0)
0b
0h
#45430000000
1!
1)
1b
1h
#45440000000
0!
0)
0b
0h
#45450000000
1!
1)
1b
1h
#45460000000
0!
0)
0b
0h
#45470000000
1!
1)
1b
1h
#45480000000
0!
0)
0b
0h
#45490000000
1!
1)
1b
1h
#45500000000
0!
0)
0b
0h
#45510000000
1!
1)
1b
1h
#45520000000
0!
0)
0b
0h
#45530000000
1!
1)
1b
1h
#45540000000
0!
0)
0b
0h
#45550000000
1!
1)
1b
1h
#45560000000
0!
0)
0b
0h
#45570000000
1!
1)
1b
1h
#45580000000
0!
0)
0b
0h
#45590000000
1!
1)
1b
1h
#45600000000
0!
0)
0b
0h
#45610000000
1!
1)
1b
1h
#45620000000
0!
0)
0b
0h
#45630000000
1!
1)
1b
1h
#45640000000
0!
0)
0b
0h
#45650000000
1!
1)
1b
1h
#45660000000
0!
0)
0b
0h
#45670000000
1!
1)
1b
1h
#45680000000
0!
0)
0b
0h
#45690000000
1!
1)
1b
1h
#45700000000
0!
0)
0b
0h
#45710000000
1!
1)
1b
1h
#45720000000
0!
0)
0b
0h
#45730000000
1!
1)
1b
1h
#45740000000
0!
0)
0b
0h
#45750000000
1!
1)
1b
1h
#45760000000
0!
0)
0b
0h
#45770000000
1!
1)
1b
1h
#45780000000
0!
0)
0b
0h
#45790000000
1!
1)
1b
1h
#45800000000
0!
0)
0b
0h
#45810000000
1!
1)
1b
1h
#45820000000
0!
0)
0b
0h
#45830000000
1!
1)
1b
1h
#45840000000
0!
0)
0b
0h
#45850000000
1!
1)
1b
1h
#45860000000
0!
0)
0b
0h
#45870000000
1!
1)
1b
1h
#45880000000
0!
0)
0b
0h
#45890000000
1!
1)
1b
1h
#45900000000
0!
0)
0b
0h
#45910000000
1!
1)
1b
1h
#45920000000
0!
0)
0b
0h
#45930000000
1!
1)
1b
1h
#45940000000
0!
0)
0b
0h
#45950000000
1!
1)
1b
1h
#45960000000
0!
0)
0b
0h
#45970000000
1!
1)
1b
1h
#45980000000
0!
0)
0b
0h
#45990000000
1!
1)
1b
1h
#46000000000
0!
0)
0b
0h
#46010000000
1!
1)
1b
1h
#46020000000
0!
0)
0b
0h
#46030000000
1!
1)
1b
1h
#46040000000
0!
0)
0b
0h
#46050000000
1!
1)
1b
1h
#46060000000
0!
0)
0b
0h
#46070000000
1!
1)
1b
1h
#46080000000
0!
0)
0b
0h
#46090000000
1!
1)
1b
1h
#46100000000
0!
0)
0b
0h
#46110000000
1!
1)
1b
1h
#46120000000
0!
0)
0b
0h
#46130000000
1!
1)
1b
1h
#46140000000
0!
0)
0b
0h
#46150000000
1!
1)
1b
1h
#46160000000
0!
0)
0b
0h
#46170000000
1!
1)
1b
1h
#46180000000
0!
0)
0b
0h
#46190000000
1!
1)
1b
1h
#46200000000
0!
0)
0b
0h
#46210000000
1!
1)
1b
1h
#46220000000
0!
0)
0b
0h
#46230000000
1!
1)
1b
1h
#46240000000
0!
0)
0b
0h
#46250000000
1!
1)
1b
1h
#46260000000
0!
0)
0b
0h
#46270000000
1!
1)
1b
1h
#46280000000
0!
0)
0b
0h
#46290000000
1!
1)
1b
1h
#46300000000
0!
0)
0b
0h
#46310000000
1!
1)
1b
1h
#46320000000
0!
0)
0b
0h
#46330000000
1!
1)
1b
1h
#46340000000
0!
0)
0b
0h
#46350000000
1!
1)
1b
1h
#46360000000
0!
0)
0b
0h
#46370000000
1!
1)
1b
1h
#46380000000
0!
0)
0b
0h
#46390000000
1!
1)
1b
1h
#46400000000
0!
0)
0b
0h
#46410000000
1!
1)
1b
1h
#46420000000
0!
0)
0b
0h
#46430000000
1!
1)
1b
1h
#46440000000
0!
0)
0b
0h
#46450000000
1!
1)
1b
1h
#46460000000
0!
0)
0b
0h
#46470000000
1!
1)
1b
1h
#46480000000
0!
0)
0b
0h
#46490000000
1!
1)
1b
1h
#46500000000
0!
0)
0b
0h
#46510000000
1!
1)
1b
1h
#46520000000
0!
0)
0b
0h
#46530000000
1!
1)
1b
1h
#46540000000
0!
0)
0b
0h
#46550000000
1!
1)
1b
1h
#46560000000
0!
0)
0b
0h
#46570000000
1!
1)
1b
1h
#46580000000
0!
0)
0b
0h
#46590000000
1!
1)
1b
1h
#46600000000
0!
0)
0b
0h
#46610000000
1!
1)
1b
1h
#46620000000
0!
0)
0b
0h
#46630000000
1!
1)
1b
1h
#46640000000
0!
0)
0b
0h
#46650000000
1!
1)
1b
1h
#46660000000
0!
0)
0b
0h
#46670000000
1!
1)
1b
1h
#46680000000
0!
0)
0b
0h
#46690000000
1!
1)
1b
1h
#46700000000
0!
0)
0b
0h
#46710000000
1!
1)
1b
1h
#46720000000
0!
0)
0b
0h
#46730000000
1!
1)
1b
1h
#46740000000
0!
0)
0b
0h
#46750000000
1!
1)
1b
1h
#46760000000
0!
0)
0b
0h
#46770000000
1!
1)
1b
1h
#46780000000
0!
0)
0b
0h
#46790000000
1!
1)
1b
1h
#46800000000
0!
0)
0b
0h
#46810000000
1!
1)
1b
1h
#46820000000
0!
0)
0b
0h
#46830000000
1!
1)
1b
1h
#46840000000
0!
0)
0b
0h
#46850000000
1!
1)
1b
1h
#46860000000
0!
0)
0b
0h
#46870000000
1!
1)
1b
1h
#46880000000
0!
0)
0b
0h
#46890000000
1!
1)
1b
1h
#46900000000
0!
0)
0b
0h
#46910000000
1!
1)
1b
1h
#46920000000
0!
0)
0b
0h
#46930000000
1!
1)
1b
1h
#46940000000
0!
0)
0b
0h
#46950000000
1!
1)
1b
1h
#46960000000
0!
0)
0b
0h
#46970000000
1!
1)
1b
1h
#46980000000
0!
0)
0b
0h
#46990000000
1!
1)
1b
1h
#47000000000
0!
0)
0b
0h
#47010000000
1!
1)
1b
1h
#47020000000
0!
0)
0b
0h
#47030000000
1!
1)
1b
1h
#47040000000
0!
0)
0b
0h
#47050000000
1!
1)
1b
1h
#47060000000
0!
0)
0b
0h
#47070000000
1!
1)
1b
1h
#47080000000
0!
0)
0b
0h
#47090000000
1!
1)
1b
1h
#47100000000
0!
0)
0b
0h
#47110000000
1!
1)
1b
1h
#47120000000
0!
0)
0b
0h
#47130000000
1!
1)
1b
1h
#47140000000
0!
0)
0b
0h
#47150000000
1!
1)
1b
1h
#47160000000
0!
0)
0b
0h
#47170000000
1!
1)
1b
1h
#47180000000
0!
0)
0b
0h
#47190000000
1!
1)
1b
1h
#47200000000
0!
0)
0b
0h
#47210000000
1!
1)
1b
1h
#47220000000
0!
0)
0b
0h
#47230000000
1!
1)
1b
1h
#47240000000
0!
0)
0b
0h
#47250000000
1!
1)
1b
1h
#47260000000
0!
0)
0b
0h
#47270000000
1!
1)
1b
1h
#47280000000
0!
0)
0b
0h
#47290000000
1!
1)
1b
1h
#47300000000
0!
0)
0b
0h
#47310000000
1!
1)
1b
1h
#47320000000
0!
0)
0b
0h
#47330000000
1!
1)
1b
1h
#47340000000
0!
0)
0b
0h
#47350000000
1!
1)
1b
1h
#47360000000
0!
0)
0b
0h
#47370000000
1!
1)
1b
1h
#47380000000
0!
0)
0b
0h
#47390000000
1!
1)
1b
1h
#47400000000
0!
0)
0b
0h
#47410000000
1!
1)
1b
1h
#47420000000
0!
0)
0b
0h
#47430000000
1!
1)
1b
1h
#47440000000
0!
0)
0b
0h
#47450000000
1!
1)
1b
1h
#47460000000
0!
0)
0b
0h
#47470000000
1!
1)
1b
1h
#47480000000
0!
0)
0b
0h
#47490000000
1!
1)
1b
1h
#47500000000
0!
0)
0b
0h
#47510000000
1!
1)
1b
1h
#47520000000
0!
0)
0b
0h
#47530000000
1!
1)
1b
1h
#47540000000
0!
0)
0b
0h
#47550000000
1!
1)
1b
1h
#47560000000
0!
0)
0b
0h
#47570000000
1!
1)
1b
1h
#47580000000
0!
0)
0b
0h
#47590000000
1!
1)
1b
1h
#47600000000
0!
0)
0b
0h
#47610000000
1!
1)
1b
1h
#47620000000
0!
0)
0b
0h
#47630000000
1!
1)
1b
1h
#47640000000
0!
0)
0b
0h
#47650000000
1!
1)
1b
1h
#47660000000
0!
0)
0b
0h
#47670000000
1!
1)
1b
1h
#47680000000
0!
0)
0b
0h
#47690000000
1!
1)
1b
1h
#47700000000
0!
0)
0b
0h
#47710000000
1!
1)
1b
1h
#47720000000
0!
0)
0b
0h
#47730000000
1!
1)
1b
1h
#47740000000
0!
0)
0b
0h
#47750000000
1!
1)
1b
1h
#47760000000
0!
0)
0b
0h
#47770000000
1!
1)
1b
1h
#47780000000
0!
0)
0b
0h
#47790000000
1!
1)
1b
1h
#47800000000
0!
0)
0b
0h
#47810000000
1!
1)
1b
1h
#47820000000
0!
0)
0b
0h
#47830000000
1!
1)
1b
1h
#47840000000
0!
0)
0b
0h
#47850000000
1!
1)
1b
1h
#47860000000
0!
0)
0b
0h
#47870000000
1!
1)
1b
1h
#47880000000
0!
0)
0b
0h
#47890000000
1!
1)
1b
1h
#47900000000
0!
0)
0b
0h
#47910000000
1!
1)
1b
1h
#47920000000
0!
0)
0b
0h
#47930000000
1!
1)
1b
1h
#47940000000
0!
0)
0b
0h
#47950000000
1!
1)
1b
1h
#47960000000
0!
0)
0b
0h
#47970000000
1!
1)
1b
1h
#47980000000
0!
0)
0b
0h
#47990000000
1!
1)
1b
1h
#48000000000
0!
0)
0b
0h
#48010000000
1!
1)
1b
1h
#48020000000
0!
0)
0b
0h
#48030000000
1!
1)
1b
1h
#48040000000
0!
0)
0b
0h
#48050000000
1!
1)
1b
1h
#48060000000
0!
0)
0b
0h
#48070000000
1!
1)
1b
1h
#48080000000
0!
0)
0b
0h
#48090000000
1!
1)
1b
1h
#48100000000
0!
0)
0b
0h
#48110000000
1!
1)
1b
1h
#48120000000
0!
0)
0b
0h
#48130000000
1!
1)
1b
1h
#48140000000
0!
0)
0b
0h
#48150000000
1!
1)
1b
1h
#48160000000
0!
0)
0b
0h
#48170000000
1!
1)
1b
1h
#48180000000
0!
0)
0b
0h
#48190000000
1!
1)
1b
1h
#48200000000
0!
0)
0b
0h
#48210000000
1!
1)
1b
1h
#48220000000
0!
0)
0b
0h
#48230000000
1!
1)
1b
1h
#48240000000
0!
0)
0b
0h
#48250000000
1!
1)
1b
1h
#48260000000
0!
0)
0b
0h
#48270000000
1!
1)
1b
1h
#48280000000
0!
0)
0b
0h
#48290000000
1!
1)
1b
1h
#48300000000
0!
0)
0b
0h
#48310000000
1!
1)
1b
1h
#48320000000
0!
0)
0b
0h
#48330000000
1!
1)
1b
1h
#48340000000
0!
0)
0b
0h
#48350000000
1!
1)
1b
1h
#48360000000
0!
0)
0b
0h
#48370000000
1!
1)
1b
1h
#48380000000
0!
0)
0b
0h
#48390000000
1!
1)
1b
1h
#48400000000
0!
0)
0b
0h
#48410000000
1!
1)
1b
1h
#48420000000
0!
0)
0b
0h
#48430000000
1!
1)
1b
1h
#48440000000
0!
0)
0b
0h
#48450000000
1!
1)
1b
1h
#48460000000
0!
0)
0b
0h
#48470000000
1!
1)
1b
1h
#48480000000
0!
0)
0b
0h
#48490000000
1!
1)
1b
1h
#48500000000
0!
0)
0b
0h
#48510000000
1!
1)
1b
1h
#48520000000
0!
0)
0b
0h
#48530000000
1!
1)
1b
1h
#48540000000
0!
0)
0b
0h
#48550000000
1!
1)
1b
1h
#48560000000
0!
0)
0b
0h
#48570000000
1!
1)
1b
1h
#48580000000
0!
0)
0b
0h
#48590000000
1!
1)
1b
1h
#48600000000
0!
0)
0b
0h
#48610000000
1!
1)
1b
1h
#48620000000
0!
0)
0b
0h
#48630000000
1!
1)
1b
1h
#48640000000
0!
0)
0b
0h
#48650000000
1!
1)
1b
1h
#48660000000
0!
0)
0b
0h
#48670000000
1!
1)
1b
1h
#48680000000
0!
0)
0b
0h
#48690000000
1!
1)
1b
1h
#48700000000
0!
0)
0b
0h
#48710000000
1!
1)
1b
1h
#48720000000
0!
0)
0b
0h
#48730000000
1!
1)
1b
1h
#48740000000
0!
0)
0b
0h
#48750000000
1!
1)
1b
1h
#48760000000
0!
0)
0b
0h
#48770000000
1!
1)
1b
1h
#48780000000
0!
0)
0b
0h
#48790000000
1!
1)
1b
1h
#48800000000
0!
0)
0b
0h
#48810000000
1!
1)
1b
1h
#48820000000
0!
0)
0b
0h
#48830000000
1!
1)
1b
1h
#48840000000
0!
0)
0b
0h
#48850000000
1!
1)
1b
1h
#48860000000
0!
0)
0b
0h
#48870000000
1!
1)
1b
1h
#48880000000
0!
0)
0b
0h
#48890000000
1!
1)
1b
1h
#48900000000
0!
0)
0b
0h
#48910000000
1!
1)
1b
1h
#48920000000
0!
0)
0b
0h
#48930000000
1!
1)
1b
1h
#48940000000
0!
0)
0b
0h
#48950000000
1!
1)
1b
1h
#48960000000
0!
0)
0b
0h
#48970000000
1!
1)
1b
1h
#48980000000
0!
0)
0b
0h
#48990000000
1!
1)
1b
1h
#49000000000
0!
0)
0b
0h
#49010000000
1!
1)
1b
1h
#49020000000
0!
0)
0b
0h
#49030000000
1!
1)
1b
1h
#49040000000
0!
0)
0b
0h
#49050000000
1!
1)
1b
1h
#49060000000
0!
0)
0b
0h
#49070000000
1!
1)
1b
1h
#49080000000
0!
0)
0b
0h
#49090000000
1!
1)
1b
1h
#49100000000
0!
0)
0b
0h
#49110000000
1!
1)
1b
1h
#49120000000
0!
0)
0b
0h
#49130000000
1!
1)
1b
1h
#49140000000
0!
0)
0b
0h
#49150000000
1!
1)
1b
1h
#49160000000
0!
0)
0b
0h
#49170000000
1!
1)
1b
1h
#49180000000
0!
0)
0b
0h
#49190000000
1!
1)
1b
1h
#49200000000
0!
0)
0b
0h
#49210000000
1!
1)
1b
1h
#49220000000
0!
0)
0b
0h
#49230000000
1!
1)
1b
1h
#49240000000
0!
0)
0b
0h
#49250000000
1!
1)
1b
1h
#49260000000
0!
0)
0b
0h
#49270000000
1!
1)
1b
1h
#49280000000
0!
0)
0b
0h
#49290000000
1!
1)
1b
1h
#49300000000
0!
0)
0b
0h
#49310000000
1!
1)
1b
1h
#49320000000
0!
0)
0b
0h
#49330000000
1!
1)
1b
1h
#49340000000
0!
0)
0b
0h
#49350000000
1!
1)
1b
1h
#49360000000
0!
0)
0b
0h
#49370000000
1!
1)
1b
1h
#49380000000
0!
0)
0b
0h
#49390000000
1!
1)
1b
1h
#49400000000
0!
0)
0b
0h
#49410000000
1!
1)
1b
1h
#49420000000
0!
0)
0b
0h
#49430000000
1!
1)
1b
1h
#49440000000
0!
0)
0b
0h
#49450000000
1!
1)
1b
1h
#49460000000
0!
0)
0b
0h
#49470000000
1!
1)
1b
1h
#49480000000
0!
0)
0b
0h
#49490000000
1!
1)
1b
1h
#49500000000
0!
0)
0b
0h
#49510000000
1!
1)
1b
1h
#49520000000
0!
0)
0b
0h
#49530000000
1!
1)
1b
1h
#49540000000
0!
0)
0b
0h
#49550000000
1!
1)
1b
1h
#49560000000
0!
0)
0b
0h
#49570000000
1!
1)
1b
1h
#49580000000
0!
0)
0b
0h
#49590000000
1!
1)
1b
1h
#49600000000
0!
0)
0b
0h
#49610000000
1!
1)
1b
1h
#49620000000
0!
0)
0b
0h
#49630000000
1!
1)
1b
1h
#49640000000
0!
0)
0b
0h
#49650000000
1!
1)
1b
1h
#49660000000
0!
0)
0b
0h
#49670000000
1!
1)
1b
1h
#49680000000
0!
0)
0b
0h
#49690000000
1!
1)
1b
1h
#49700000000
0!
0)
0b
0h
#49710000000
1!
1)
1b
1h
#49720000000
0!
0)
0b
0h
#49730000000
1!
1)
1b
1h
#49740000000
0!
0)
0b
0h
#49750000000
1!
1)
1b
1h
#49760000000
0!
0)
0b
0h
#49770000000
1!
1)
1b
1h
#49780000000
0!
0)
0b
0h
#49790000000
1!
1)
1b
1h
#49800000000
0!
0)
0b
0h
#49810000000
1!
1)
1b
1h
#49820000000
0!
0)
0b
0h
#49830000000
1!
1)
1b
1h
#49840000000
0!
0)
0b
0h
#49850000000
1!
1)
1b
1h
#49860000000
0!
0)
0b
0h
#49870000000
1!
1)
1b
1h
#49880000000
0!
0)
0b
0h
#49890000000
1!
1)
1b
1h
#49900000000
0!
0)
0b
0h
#49910000000
1!
1)
1b
1h
#49920000000
0!
0)
0b
0h
#49930000000
1!
1)
1b
1h
#49940000000
0!
0)
0b
0h
#49950000000
1!
1)
1b
1h
#49960000000
0!
0)
0b
0h
#49970000000
1!
1)
1b
1h
#49980000000
0!
0)
0b
0h
#49990000000
1!
1)
1b
1h
#50000000000
0!
0)
0b
0h
